[2026-02-15 16:35:45] [AD] [INFO] Open ad (new tab) {"postId":"175506493","url":"https://haraj.com.sa/11175506493/%D9%83%D8%A7%D9%85%D8%B1%D9%8A_2023%D9%86%D8%B5_%D9%81%D9%84_%D9%87%D8%A7%D9%8A%D8%A8%D8%B1%D8%AF/"}
[2026-02-15 16:35:46] [AD] [INFO] Open ad (new tab) {"postId":"175506492","url":"https://haraj.com.sa/11175506492/%D9%85%D8%A7%D8%B2%D8%AF%D8%A76_%D9%86%D8%B5_%D9%81%D9%84_2025_%D8%AE%D9%84%D9%8A%D8%AC%D9%8A/"}
[2026-02-15 16:35:49] [AD] [WARN] post-contact not found {"postId":"175506492"}
[2026-02-15 16:35:49] [AD] [INFO] Open ad (new tab) {"postId":"175506489","url":"https://haraj.com.sa/11175506489/%D8%B4%D9%81%D8%B1%D9%88%D9%84%D9%8A%D9%87_%D8%A7%D9%81%D9%8A%D9%88_2014/"}
[2026-02-15 16:35:49] [AD] [WARN] post-contact not found {"postId":"175506493"}
[2026-02-15 16:35:49] [AD] [INFO] Closing ad tab {"postId":"175506492"}
[2026-02-15 16:35:49] [AD] [WARN] goto failed {"postId":"175506489","attempt":1,"err":"Error: page.goto: Target page, context or browser has been closed"}
[2026-02-15 16:35:49] [AD] [INFO] Closing ad tab {"postId":"175506493"}
[2026-02-15 16:35:49] [AD] [WARN] goto failed {"postId":"175506489","attempt":2,"err":"Error: page.goto: Target page, context or browser has been closed"}
[2026-02-15 16:35:49] [AD] [INFO] Closing ad tab {"postId":"175506489"}
[2026-02-15 18:59:49] [AD] [INFO] Open ad (new tab) {"postId":"175517645","url":"https://haraj.com.sa/11175517645/%D9%81%D8%B1%D8%B4%D9%86%D8%B12018_%D8%AA%D8%B4%D9%84%D9%8A%D8%AD/"}
[2026-02-15 18:59:50] [AD] [INFO] Open ad (new tab) {"postId":"175517643","url":"https://haraj.com.sa/11175517643/%D9%86%D9%8A%D8%B3%D8%A7%D9%86_%D9%83%D9%8A%D9%83%D8%B3_2020_%D8%B3%D8%AA%D8%A7%D9%86%D8%AF%D8%B1/"}
[2026-02-15 18:59:51] [AD] [INFO] Open ad (new tab) {"postId":"175517633","url":"https://haraj.com.sa/11175517633/%D8%A7%D9%84%D8%B1%D9%8A%D8%A7%D8%B6_%D8%A7%D9%84%D8%B4%D9%81%D8%A7/"}
[2026-02-15 18:59:53] [AD] [INFO] Captured GraphQL posts {"postId":"175517633"}
[2026-02-15 18:59:54] [AD] [INFO] Captured GraphQL comments {"postId":"175517633"}
[2026-02-15 18:59:54] [AD] [INFO] Captured GraphQL posts {"postId":"175517643"}
[2026-02-15 18:59:54] [AD] [INFO] Captured GraphQL posts {"postId":"175517645"}
[2026-02-15 18:59:54] [AD] [INFO] Captured GraphQL comments {"postId":"175517643"}
[2026-02-15 18:59:55] [AD] [INFO] Captured GraphQL comments {"postId":"175517645"}
[2026-02-15 18:59:55] [AD] [INFO] Opening contact modal {"postId":"175517633"}
[2026-02-15 18:59:55] [AD] [INFO] Contact extracted {"postId":"175517633","phone":"undefined"}
[2026-02-15 18:59:55] [AD] [INFO] Closing ad tab {"postId":"175517633"}
[2026-02-15 18:59:56] [AD] [INFO] Open ad (new tab) {"postId":"175517626","url":"https://haraj.com.sa/11175517626/%D9%84%D9%84%D8%A8%D9%8A%D8%B9_%D8%A8%D8%A7%D8%AB%D9%81%D9%86%D8%AF%D8%B1/"}
[2026-02-15 18:59:56] [AD] [INFO] Opening contact modal {"postId":"175517643"}
[2026-02-15 18:59:56] [AD] [INFO] Contact extracted {"postId":"175517643","phone":"undefined"}
[2026-02-15 18:59:57] [AD] [INFO] Closing ad tab {"postId":"175517643"}
[2026-02-15 18:59:57] [AD] [INFO] Opening contact modal {"postId":"175517645"}
[2026-02-15 18:59:58] [AD] [INFO] Open ad (new tab) {"postId":"175517619","url":"https://haraj.com.sa/11175517619/%D8%AC%D9%8A%D8%A8_%D8%AA%D8%B1%D8%A7%D9%83_%D9%87%D9%88%D9%83/"}
[2026-02-15 18:59:59] [AD] [INFO] Contact extracted {"postId":"175517645","phone":"+966537573710"}
[2026-02-15 18:59:59] [AD] [INFO] Closing ad tab {"postId":"175517645"}
[2026-02-15 18:59:59] [AD] [INFO] Captured GraphQL posts {"postId":"175517626"}
[2026-02-15 18:59:59] [AD] [INFO] Open ad (new tab) {"postId":"69320865","url":"https://haraj.com.sa/1169320865/%D8%AC%D9%86%D8%A7%D8%AD_%D8%A7%D9%84%D8%B4%D9%86%D8%B7%D8%A9_%D9%88%D8%A7%D9%83%D8%B3%D8%B3%D9%88%D8%A7%D8%B1%D8%A7%D8%AA_%D9%85%D8%B1%D8%B3%D9%8A%D8%AF%D8%B3_%D8%AC%D9%85%D9%8A%D8%B9_%D8%A7%D9%84%D9%81%D8%A6%D8%A7%D8%AA/"}
[2026-02-15 18:59:59] [AD] [INFO] Captured GraphQL comments {"postId":"175517626"}
[2026-02-15 19:00:00] [AD] [INFO] Captured GraphQL posts {"postId":"175517619"}
[2026-02-15 19:00:01] [AD] [INFO] Opening contact modal {"postId":"175517626"}
[2026-02-15 19:00:01] [AD] [INFO] Captured GraphQL comments {"postId":"175517619"}
[2026-02-15 19:00:01] [AD] [INFO] Captured GraphQL posts {"postId":"69320865"}
[2026-02-15 19:00:01] [AD] [INFO] Captured GraphQL comments {"postId":"69320865"}
[2026-02-15 19:00:01] [AD] [INFO] Contact extracted {"postId":"175517626","phone":"undefined"}
[2026-02-15 19:00:01] [AD] [INFO] Closing ad tab {"postId":"175517626"}
[2026-02-15 19:00:02] [AD] [INFO] Open ad (new tab) {"postId":"73847670","url":"https://haraj.com.sa/1173847670/%D8%AA%D8%B4%D8%BA%D9%8A%D9%84_%D8%B9%D9%86_%D8%A8%D8%B9%D8%AF_%D9%84%D9%83%D8%B2%D8%B3_%D9%88_%D8%AA%D9%88%D9%8A%D9%88%D8%AA%D8%A7_%D9%84%D9%84%D8%A8%D8%B5%D9%85%D9%87_%D9%81%D9%82%D8%B7/"}
[2026-02-15 19:00:03] [AD] [INFO] Opening contact modal {"postId":"69320865"}
[2026-02-15 19:00:03] [AD] [INFO] Opening contact modal {"postId":"175517619"}
[2026-02-15 19:00:03] [AD] [INFO] Contact extracted {"postId":"69320865","phone":"undefined"}
[2026-02-15 19:00:03] [AD] [INFO] Closing ad tab {"postId":"69320865"}
[2026-02-15 19:00:03] [AD] [INFO] Open ad (new tab) {"postId":"175517617","url":"https://haraj.com.sa/11175517617/%D8%B4%D9%81%D8%B1%D9%88%D9%84%D9%8A%D9%87_%D8%B3%D9%88%D8%A8%D8%B1%D8%A8%D8%A7%D9%86_2011/"}
[2026-02-15 19:00:03] [AD] [INFO] Captured GraphQL posts {"postId":"73847670"}
[2026-02-15 19:00:04] [AD] [INFO] Captured GraphQL comments {"postId":"73847670"}
[2026-02-15 19:00:05] [AD] [INFO] Contact extracted {"postId":"175517619","phone":"undefined"}
[2026-02-15 19:00:05] [AD] [INFO] Closing ad tab {"postId":"175517619"}
[2026-02-15 19:00:05] [AD] [INFO] Open ad (new tab) {"postId":"175517616","url":"https://haraj.com.sa/11175517616/%D9%84%D9%84%D8%A8%D9%8A%D8%B9_%D9%83%D8%AA_%D8%A8%D8%A7%D9%83_%D9%83%D8%A7%D8%A8%D8%B1%D8%B3_2006_6_%D8%B3%D9%84%D9%86%D8%AF%D8%B1_%D9%86%D8%B6%D9%8A%D9%81_%D9%88%D9%83%D8%A7%D9%84%D8%A9/"}
[2026-02-15 19:00:05] [AD] [INFO] Captured GraphQL posts {"postId":"175517617"}
[2026-02-15 19:06:43] [AD] [INFO] Open ad (new tab) {"postId":"175518229","url":"https://haraj.com.sa/11175518229/%D8%AC%D9%85%D8%B3_%D8%B3%D9%8A%D8%B1%D8%A7_%D9%81%D9%84_%D9%83%D8%A7%D9%85%D9%84_%D8%AF%D8%A8%D9%84_%D9%81%D8%B1%D8%A7%D8%B1/"}
[2026-02-15 19:06:44] [AD] [INFO] Open ad (new tab) {"postId":"175518225","url":"https://haraj.com.sa/11175518225/%D9%83%D8%A7%D9%85%D8%B1%D9%8A_%D9%84%D9%84%D8%A8%D9%8A%D8%B9/"}
[2026-02-15 19:06:45] [AD] [INFO] Open ad (new tab) {"postId":"175518219","url":"https://haraj.com.sa/11175518219/%D8%AA%D8%A7%D9%8A%D9%88%D8%AA%D8%A7_%D9%83%D8%A7%D9%85%D8%B1%D9%8A_2013/"}
[2026-02-15 19:06:47] [AD] [INFO] Captured GraphQL posts {"postId":"175518219"}
[2026-02-15 19:06:48] [AD] [INFO] Captured GraphQL posts {"postId":"175518225"}
[2026-02-15 19:06:48] [AD] [INFO] Captured GraphQL comments {"postId":"175518219"}
[2026-02-15 19:06:48] [AD] [INFO] Captured GraphQL posts {"postId":"175518229"}
[2026-02-15 19:06:48] [AD] [INFO] Captured GraphQL comments {"postId":"175518225"}
[2026-02-15 19:06:48] [AD] [INFO] Captured GraphQL comments {"postId":"175518229"}
[2026-02-15 19:06:49] [AD] [INFO] Opening contact modal {"postId":"175518219"}
[2026-02-15 19:06:49] [AD] [INFO] Contact extracted {"postId":"175518219","phone":"undefined"}
[2026-02-15 19:08:25] [AD] [INFO] Open ad (new tab) {"postId":"175518357","url":"https://haraj.com.sa/11175518357/%D9%87%D9%88%D9%86%D8%AF%D8%A7_%D8%A7%D9%83%D9%88%D8%B1%D8%AF_2006_%D9%85%D8%AE%D8%B2%D9%86%D9%87_%D8%A8%D8%AD%D8%A7%D9%84%D9%87_%D8%A7%D9%84%D9%88%D9%83%D8%A7%D9%84%D9%87/"}
[2026-02-15 19:08:26] [AD] [INFO] Open ad (new tab) {"postId":"175518349","url":"https://haraj.com.sa/11175518349/%D9%85%D8%A7%D8%B2%D8%AF%D8%A7_CX9_%D9%85%D9%88%D8%AF%D9%8A%D9%84_2015/"}
[2026-02-15 19:08:27] [AD] [INFO] Open ad (new tab) {"postId":"175518350","url":"https://haraj.com.sa/11175518350/%D8%A7%D8%B2%D9%8A%D8%B1%D8%A7/"}
[2026-02-15 19:08:29] [AD] [INFO] Captured GraphQL posts {"postId":"175518350"}
[2026-02-15 19:08:30] [AD] [INFO] Captured GraphQL comments {"postId":"175518350"}
[2026-02-15 19:08:30] [AD] [INFO] Captured GraphQL posts {"postId":"175518349"}
[2026-02-15 19:08:31] [AD] [INFO] Captured GraphQL posts {"postId":"175518357"}
[2026-02-15 19:08:31] [AD] [INFO] Opening contact modal {"postId":"175518350"}
[2026-02-15 19:08:31] [AD] [INFO] Contact extracted {"postId":"175518350","phone":"undefined"}
[2026-02-15 19:08:31] [AD] [INFO] Closing ad tab {"postId":"175518350"}
[2026-02-15 19:08:31] [AD] [INFO] Captured GraphQL comments {"postId":"175518349"}
[2026-02-15 19:08:32] [AD] [INFO] Open ad (new tab) {"postId":"175518347","url":"https://haraj.com.sa/11175518347/%D9%83%D9%85%D8%A8%D9%8A%D9%88%D8%AA%D8%B1%D8%A7%D8%AA_%D9%88%D8%B7%D8%A7%D9%88%D9%84%D9%87_%D9%84%D9%84%D8%A8%D9%8A%D8%B9/"}
[2026-02-15 19:08:32] [AD] [INFO] Captured GraphQL comments {"postId":"175518357"}
[2026-02-15 19:08:33] [AD] [INFO] Opening contact modal {"postId":"175518349"}
[2026-02-15 19:08:34] [AD] [INFO] Captured GraphQL posts {"postId":"175518347"}
[2026-02-15 19:08:34] [AD] [INFO] Captured GraphQL comments {"postId":"175518347"}
[2026-02-15 19:08:34] [AD] [INFO] Opening contact modal {"postId":"175518357"}
[2026-02-15 19:08:35] [AD] [INFO] Contact extracted {"postId":"175518349","phone":"undefined"}
[2026-02-15 19:08:35] [AD] [INFO] Closing ad tab {"postId":"175518349"}
[2026-02-15 19:08:35] [AD] [INFO] Open ad (new tab) {"postId":"175518346","url":"https://haraj.com.sa/11175518346/%D9%83%D8%B1%D9%88%D9%84%D8%A7/"}
[2026-02-15 19:08:36] [AD] [INFO] Opening contact modal {"postId":"175518347"}
[2026-02-15 19:08:36] [AD] [INFO] Contact extracted {"postId":"175518347","phone":"+966532337421"}
[2026-02-15 19:08:36] [AD] [INFO] Closing ad tab {"postId":"175518347"}
[2026-02-15 19:08:37] [AD] [INFO] Contact extracted {"postId":"175518357","phone":"undefined"}
[2026-02-15 19:08:37] [AD] [INFO] Closing ad tab {"postId":"175518357"}
[2026-02-15 19:08:37] [AD] [INFO] Open ad (new tab) {"postId":"69320865","url":"https://haraj.com.sa/1169320865/%D8%AC%D9%86%D8%A7%D8%AD_%D8%A7%D9%84%D8%B4%D9%86%D8%B7%D8%A9_%D9%88%D8%A7%D9%83%D8%B3%D8%B3%D9%88%D8%A7%D8%B1%D8%A7%D8%AA_%D9%85%D8%B1%D8%B3%D9%8A%D8%AF%D8%B3_%D8%AC%D9%85%D9%8A%D8%B9_%D8%A7%D9%84%D9%81%D8%A6%D8%A7%D8%AA/"}
[2026-02-15 19:08:37] [AD] [INFO] Open ad (new tab) {"postId":"73847670","url":"https://haraj.com.sa/1173847670/%D8%AA%D8%B4%D8%BA%D9%8A%D9%84_%D8%B9%D9%86_%D8%A8%D8%B9%D8%AF_%D9%84%D9%83%D8%B2%D8%B3_%D9%88_%D8%AA%D9%88%D9%8A%D9%88%D8%AA%D8%A7_%D9%84%D9%84%D8%A8%D8%B5%D9%85%D9%87_%D9%81%D9%82%D8%B7/"}
[2026-02-15 19:08:39] [AD] [INFO] Captured GraphQL posts {"postId":"175518346"}
[2026-02-15 19:08:39] [AD] [INFO] Captured GraphQL posts {"postId":"73847670"}
[2026-02-15 19:08:39] [AD] [INFO] Captured GraphQL comments {"postId":"73847670"}
[2026-02-15 19:08:39] [AD] [INFO] Captured GraphQL comments {"postId":"175518346"}
[2026-02-15 19:08:40] [AD] [INFO] Captured GraphQL posts {"postId":"69320865"}
[2026-02-15 19:08:41] [AD] [INFO] Captured GraphQL comments {"postId":"69320865"}
[2026-02-15 19:08:41] [AD] [INFO] Opening contact modal {"postId":"73847670"}
[2026-02-15 19:08:41] [AD] [INFO] Opening contact modal {"postId":"175518346"}
[2026-02-15 19:08:41] [AD] [INFO] Contact extracted {"postId":"73847670","phone":"undefined"}
[2026-02-15 19:08:41] [AD] [INFO] Closing ad tab {"postId":"73847670"}
[2026-02-15 19:08:41] [AD] [INFO] Open ad (new tab) {"postId":"175518343","url":"https://haraj.com.sa/11175518343/%D8%B5%D9%86%D9%8A_%D9%86%D9%8A%D8%B3%D8%A7%D9%86_2023/"}
[2026-02-15 19:08:41] [AD] [INFO] Contact extracted {"postId":"175518346","phone":"undefined"}
[2026-02-15 19:08:42] [AD] [INFO] Closing ad tab {"postId":"175518346"}
[2026-02-15 19:08:42] [AD] [INFO] Open ad (new tab) {"postId":"175518339","url":"https://haraj.com.sa/11175518339/%D9%85%D9%83%D9%8A%D9%86%D8%A9_%D9%87%D8%A7%D9%8A%D9%84%D9%88%D9%83%D8%B3_2013_2014_2015/"}
[2026-02-15 19:15:47] [AD] [INFO] Open ad (new tab) {"postId":"175518884","url":"https://haraj.com.sa/11175518884/%D8%A7%D9%84%D9%86%D8%AA%D8%B1%D8%A7%D8%A7/"}
[2026-02-15 19:15:48] [AD] [INFO] Open ad (new tab) {"postId":"175518875","url":"https://haraj.com.sa/11175518875/%D9%83%D9%8A%D8%A7_%D8%A7%D9%88%D8%A8%D8%AA%D9%8A%D9%85%D8%A7_2018/"}
[2026-02-15 19:15:50] [AD] [INFO] Captured GraphQL posts {"postId":"175518875"}
[2026-02-15 19:15:50] [AD] [INFO] Open ad (new tab) {"postId":"175518882","url":"https://haraj.com.sa/11175518882/%D8%AC%D9%86%D8%A7%D8%AD/"}
[2026-02-15 19:15:52] [AD] [INFO] Captured GraphQL posts {"postId":"175518882"}
[2026-02-15 19:15:52] [AD] [INFO] Captured GraphQL comments {"postId":"175518882"}
[2026-02-15 19:15:52] [AD] [INFO] Captured GraphQL comments {"postId":"175518875"}
[2026-02-15 19:15:53] [AD] [INFO] Captured GraphQL posts {"postId":"175518884"}
[2026-02-15 19:15:53] [AD] [INFO] Captured GraphQL comments {"postId":"175518884"}
[2026-02-15 19:15:53] [AD] [INFO] Opening contact modal {"postId":"175518882"}
[2026-02-15 19:15:54] [AD] [INFO] Contact extracted {"postId":"175518882","phone":"undefined","href":"tel:undefined"}
[2026-02-15 19:15:54] [AD] [INFO] Closing ad tab {"postId":"175518882"}
[2026-02-15 19:15:54] [AD] [INFO] Opening contact modal {"postId":"175518875"}
[2026-02-15 19:15:54] [AD] [INFO] Open ad (new tab) {"postId":"175518871","url":"https://haraj.com.sa/11175518871/%D8%A8%D9%88%D8%A7%D9%84%D9%8A%D9%86_%D9%85%D8%A7%D9%83%D8%B3%D8%B3_900_16_%D8%AA%D8%A7%D8%B1%D9%8A%D8%AE_25_%D8%AC%D8%AF%D9%8A%D8%AF%D8%A9/"}
[2026-02-15 19:15:54] [AD] [INFO] Contact extracted {"postId":"175518875","phone":"undefined","href":"tel:undefined"}
[2026-02-15 19:15:54] [AD] [INFO] Closing ad tab {"postId":"175518875"}
[2026-02-15 19:15:55] [AD] [INFO] Opening contact modal {"postId":"175518884"}
[2026-02-15 19:15:55] [AD] [INFO] Open ad (new tab) {"postId":"175518869","url":"https://haraj.com.sa/11175518869/%D9%87%D9%88%D9%86%D8%AF%D8%A7_%D8%A7%D9%83%D9%88%D8%B1%D8%AF_2011_%D9%85%D8%AE%D8%B2%D9%86/"}
[2026-02-15 19:15:56] [AD] [INFO] Contact extracted {"postId":"175518884","phone":"undefined","href":"tel:undefined"}
[2026-02-15 19:15:56] [AD] [INFO] Closing ad tab {"postId":"175518884"}
[2026-02-15 19:15:56] [AD] [INFO] Open ad (new tab) {"postId":"69320865","url":"https://haraj.com.sa/1169320865/%D8%AC%D9%86%D8%A7%D8%AD_%D8%A7%D9%84%D8%B4%D9%86%D8%B7%D8%A9_%D9%88%D8%A7%D9%83%D8%B3%D8%B3%D9%88%D8%A7%D8%B1%D8%A7%D8%AA_%D9%85%D8%B1%D8%B3%D9%8A%D8%AF%D8%B3_%D8%AC%D9%85%D9%8A%D8%B9_%D8%A7%D9%84%D9%81%D8%A6%D8%A7%D8%AA/"}
[2026-02-15 19:15:58] [AD] [INFO] Captured GraphQL posts {"postId":"69320865"}
[2026-02-15 19:15:58] [AD] [INFO] Captured GraphQL posts {"postId":"175518871"}
[2026-02-15 19:15:58] [AD] [INFO] Captured GraphQL posts {"postId":"175518869"}
[2026-02-15 19:15:59] [AD] [INFO] Captured GraphQL comments {"postId":"69320865"}
[2026-02-15 19:15:59] [AD] [INFO] Captured GraphQL comments {"postId":"175518871"}
[2026-02-15 19:15:59] [AD] [INFO] Captured GraphQL comments {"postId":"175518869"}
[2026-02-15 19:16:00] [AD] [INFO] Opening contact modal {"postId":"69320865"}
[2026-02-15 19:16:00] [AD] [INFO] Contact extracted {"postId":"69320865","phone":"undefined","href":"tel:undefined"}
[2026-02-15 19:16:00] [AD] [INFO] Closing ad tab {"postId":"69320865"}
[2026-02-15 19:16:00] [AD] [INFO] Opening contact modal {"postId":"175518871"}
[2026-02-15 19:16:00] [AD] [INFO] Opening contact modal {"postId":"175518869"}
[2026-02-15 19:16:01] [AD] [INFO] Open ad (new tab) {"postId":"73847670","url":"https://haraj.com.sa/1173847670/%D8%AA%D8%B4%D8%BA%D9%8A%D9%84_%D8%B9%D9%86_%D8%A8%D8%B9%D8%AF_%D9%84%D9%83%D8%B2%D8%B3_%D9%88_%D8%AA%D9%88%D9%8A%D9%88%D8%AA%D8%A7_%D9%84%D9%84%D8%A8%D8%B5%D9%85%D9%87_%D9%81%D9%82%D8%B7/"}
[2026-02-15 19:16:01] [AD] [INFO] Contact extracted {"postId":"175518869","phone":"undefined","href":"tel:undefined"}
[2026-02-15 19:16:01] [AD] [INFO] Closing ad tab {"postId":"175518869"}
[2026-02-15 19:16:01] [AD] [INFO] Open ad (new tab) {"postId":"175518867","url":"https://haraj.com.sa/11175518867/%D8%B7%D9%8A%D8%B3_%D9%83%D8%A7%D9%85%D8%B1%D9%8A_25/"}
[2026-02-15 19:16:02] [AD] [INFO] Contact extracted {"postId":"175518871","phone":"+966567150654","href":"tel:+966567150654"}
[2026-02-15 19:16:02] [AD] [INFO] Closing ad tab {"postId":"175518871"}
[2026-02-15 19:16:03] [AD] [INFO] Open ad (new tab) {"postId":"175518863","url":"https://haraj.com.sa/11175518863/%D9%83%D9%88%D8%B1%D9%88%D9%84%D8%A7_2026_%D8%B3%D8%B9%D9%88%D8%AF%D9%8A_%D8%A8%D9%86%D8%B2%D9%8A%D9%86_XLI_1_5_%D8%AC%D9%86%D9%88%D8%B7/"}
[2026-02-15 19:16:05] [AD] [INFO] Captured GraphQL posts {"postId":"175518863"}
[2026-02-15 19:16:05] [AD] [INFO] Captured GraphQL comments {"postId":"175518863"}
[2026-02-15 19:16:05] [AD] [INFO] Captured GraphQL posts {"postId":"175518867"}
[2026-02-15 19:16:05] [AD] [INFO] Captured GraphQL posts {"postId":"73847670"}
[2026-02-15 19:16:06] [AD] [INFO] Captured GraphQL comments {"postId":"175518867"}
[2026-02-15 19:16:06] [AD] [INFO] Captured GraphQL comments {"postId":"73847670"}
[2026-02-15 19:16:06] [AD] [INFO] Opening contact modal {"postId":"175518863"}
[2026-02-15 19:16:06] [AD] [INFO] Contact extracted {"postId":"175518863","phone":"undefined","href":"tel:undefined"}
[2026-02-15 19:16:06] [AD] [INFO] Closing ad tab {"postId":"175518863"}
[2026-02-15 19:16:07] [AD] [INFO] Open ad (new tab) {"postId":"175518856","url":"https://haraj.com.sa/11175518856/%D9%87%D9%88%D8%A7%D9%86%D8%AF%D8%AA_%D8%A7%D9%83%D9%88%D8%B1%D8%AF/"}
[2026-02-15 19:16:07] [AD] [INFO] Opening contact modal {"postId":"175518867"}
[2026-02-15 19:16:07] [AD] [INFO] Opening contact modal {"postId":"73847670"}
[2026-02-15 19:16:08] [AD] [INFO] Contact extracted {"postId":"175518867","phone":"","href":"tel:"}
[2026-02-15 19:16:08] [AD] [INFO] Closing ad tab {"postId":"175518867"}
[2026-02-15 19:16:08] [AD] [INFO] Open ad (new tab) {"postId":"175518851","url":"https://haraj.com.sa/11175518851/%D8%AC%D9%86%D9%88%D8%B7_%D9%83%D9%8A%D8%A7_%D8%A3%D9%88%D8%A8%D8%AA%D9%8A%D9%85%D8%A7_K5/"}
[2026-02-15 19:16:09] [AD] [INFO] Contact extracted {"postId":"73847670","phone":"undefined","href":"tel:undefined"}
[2026-02-15 19:16:09] [AD] [INFO] Closing ad tab {"postId":"73847670"}
[2026-02-15 19:16:09] [AD] [INFO] Open ad (new tab) {"postId":"175518845","url":"https://haraj.com.sa/11175518845/%D9%82%D8%B7%D8%B9%D8%A9_MIG_Switch/"}
[2026-02-15 19:16:10] [AD] [INFO] Captured GraphQL posts {"postId":"175518856"}
[2026-02-15 19:16:11] [AD] [INFO] Captured GraphQL comments {"postId":"175518856"}
[2026-02-15 19:16:11] [AD] [INFO] Captured GraphQL posts {"postId":"175518845"}
[2026-02-15 19:16:11] [AD] [INFO] Captured GraphQL comments {"postId":"175518845"}
[2026-02-15 19:16:12] [AD] [INFO] Captured GraphQL posts {"postId":"175518851"}
[2026-02-15 19:22:24] [AD] [INFO] Open ad (new tab) {"postId":"175519411","url":"https://haraj.com.sa/11175519411/%D9%85%D8%B7%D9%84%D9%88%D9%88%D9%88%D8%A8_%D8%A8%D8%A7%D9%86%D8%B4%D9%8A_%D8%A7%D9%82%D8%B3%D8%A7%D8%B7/"}
[2026-02-15 19:22:24] [AD] [INFO] Open ad (new tab) {"postId":"175519407","url":"https://haraj.com.sa/11175519407/%D8%A7%D9%81_%D8%AC%D9%8A_2014/"}
[2026-02-15 19:22:25] [AD] [INFO] Open ad (new tab) {"postId":"175519408","url":"https://haraj.com.sa/11175519408/%D8%A7%D8%B2%D9%8A%D8%B1%D8%A7_2015_%D8%A7%D9%84%D9%81%D8%AD%D8%B5_%D8%B3%D8%A7%D8%B1%D9%8A_%D9%84%D8%BA%D8%A7%D9%8A%D9%87_%D8%B3%D9%86%D9%87_%D9%85%D8%AD%D8%B1%D9%83_%D9%83%D9%8A%D8%B1_%D8%AC%D8%AF%D9%8A%D8%AF_%D9%85%D8%B7%D9%84%D9%88%D8%A8_20/"}
[2026-02-15 19:22:27] [AD] [INFO] Captured GraphQL posts {"postId":"175519408"}
[2026-02-15 19:22:27] [AD] [INFO] Captured GraphQL comments {"postId":"175519408"}
[2026-02-15 19:22:28] [AD] [INFO] Captured GraphQL posts {"postId":"175519407"}
[2026-02-15 19:22:28] [AD] [INFO] Opening contact modal {"postId":"175519408"}
[2026-02-15 19:22:29] [AD] [INFO] Captured GraphQL posts {"postId":"175519411"}
[2026-02-15 19:22:29] [AD] [INFO] Captured GraphQL comments {"postId":"175519411"}
[2026-02-15 19:22:29] [AD] [INFO] Captured GraphQL comments {"postId":"175519407"}
[2026-02-15 19:22:30] [AD] [INFO] Opening contact modal {"postId":"175519407"}
[2026-02-15 19:22:30] [AD] [INFO] Opening contact modal {"postId":"175519411"}
[2026-02-15 19:22:33] [AD] [INFO] Contact extracted {"postId":"175519411","phone":"+966545460362","href":"tel:+966545460362"}
[2026-02-15 19:22:33] [AD] [INFO] Closing ad tab {"postId":"175519411"}
[2026-02-15 19:22:33] [AD] [INFO] Open ad (new tab) {"postId":"175519405","url":"https://haraj.com.sa/11175519405/%D9%84%D8%B9%D8%A7%D8%A8%D8%A7%D8%AA_%D8%AA%D9%86%D8%B2%D9%8A%D9%84_%D8%B3%D9%8A%D9%8A%D8%B1%D8%A7_%D8%AC%D9%85%D8%B3_2_%D8%A7%D9%86%D8%B4/"}
[2026-02-15 19:22:35] [AD] [INFO] Captured GraphQL posts {"postId":"175519405"}
[2026-02-15 19:22:35] [AD] [INFO] Captured GraphQL comments {"postId":"175519405"}
[2026-02-15 19:22:36] [AD] [INFO] Opening contact modal {"postId":"175519405"}
[2026-02-15 19:22:37] [AD] [INFO] Contact extracted {"postId":"175519405","phone":"+966599111194","href":"tel:+966599111194"}
[2026-02-15 19:22:37] [AD] [INFO] Closing ad tab {"postId":"175519405"}
[2026-02-15 19:22:37] [AD] [INFO] Open ad (new tab) {"postId":"175519403","url":"https://haraj.com.sa/11175519403/%D9%84%D8%A7%D9%86%D8%AF%D9%83%D8%B1%D9%88%D8%B2%D8%B1_%D8%AC%D9%83%D8%B3%D8%A7%D8%B1_%D9%88%D8%A7%D8%B1%D8%AF_%D9%82%D8%B7%D8%B1_2013/"}
[2026-02-15 19:22:39] [AD] [INFO] Captured GraphQL posts {"postId":"175519403"}
[2026-02-15 19:22:39] [AD] [INFO] Captured GraphQL comments {"postId":"175519403"}
[2026-02-15 19:22:40] [AD] [INFO] Opening contact modal {"postId":"175519403"}
[2026-02-15 19:22:41] [AD] [INFO] Contact extracted {"postId":"175519403","phone":"+966545475774","href":"tel:+966545475774"}
[2026-02-15 19:22:41] [AD] [INFO] Closing ad tab {"postId":"175519403"}
[2026-02-15 19:22:41] [AD] [INFO] Open ad (new tab) {"postId":"69320865","url":"https://haraj.com.sa/1169320865/%D8%AC%D9%86%D8%A7%D8%AD_%D8%A7%D9%84%D8%B4%D9%86%D8%B7%D8%A9_%D9%88%D8%A7%D9%83%D8%B3%D8%B3%D9%88%D8%A7%D8%B1%D8%A7%D8%AA_%D9%85%D8%B1%D8%B3%D9%8A%D8%AF%D8%B3_%D8%AC%D9%85%D9%8A%D8%B9_%D8%A7%D9%84%D9%81%D8%A6%D8%A7%D8%AA/"}
[2026-02-15 19:22:43] [AD] [INFO] Captured GraphQL posts {"postId":"69320865"}
[2026-02-15 19:22:43] [AD] [INFO] Captured GraphQL comments {"postId":"69320865"}
[2026-02-15 19:22:44] [AD] [INFO] Opening contact modal {"postId":"69320865"}
[2026-02-15 19:22:45] [AD] [INFO] Contact extracted {"postId":"69320865","phone":"+966565001408","href":"tel:+966565001408"}
[2026-02-15 19:22:45] [AD] [INFO] Closing ad tab {"postId":"69320865"}
[2026-02-15 19:22:45] [AD] [INFO] Open ad (new tab) {"postId":"73847670","url":"https://haraj.com.sa/1173847670/%D8%AA%D8%B4%D8%BA%D9%8A%D9%84_%D8%B9%D9%86_%D8%A8%D8%B9%D8%AF_%D9%84%D9%83%D8%B2%D8%B3_%D9%88_%D8%AA%D9%88%D9%8A%D9%88%D8%AA%D8%A7_%D9%84%D9%84%D8%A8%D8%B5%D9%85%D9%87_%D9%81%D9%82%D8%B7/"}
[2026-02-15 19:22:47] [AD] [INFO] Captured GraphQL posts {"postId":"73847670"}
[2026-02-15 19:22:47] [AD] [INFO] Captured GraphQL comments {"postId":"73847670"}
[2026-02-15 19:22:48] [AD] [INFO] Opening contact modal {"postId":"73847670"}
[2026-02-15 19:22:49] [AD] [INFO] Contact extracted {"postId":"73847670","phone":"+966502974322","href":"tel:+966502974322"}
[2026-02-15 19:22:49] [AD] [INFO] Closing ad tab {"postId":"73847670"}
[2026-02-15 19:22:49] [AD] [INFO] Open ad (new tab) {"postId":"175519402","url":"https://haraj.com.sa/11175519402/%D8%A8%D8%B1%D8%A7%D8%AF%D9%88_2005_%D8%A8%D8%AF%D9%8A_%D9%88%D9%83%D8%A7%D9%84%D9%87/"}
[2026-02-15 19:22:50] [AD] [INFO] Captured GraphQL posts {"postId":"175519402"}
[2026-02-15 19:22:51] [AD] [INFO] Captured GraphQL comments {"postId":"175519402"}
[2026-02-15 19:22:52] [AD] [INFO] Opening contact modal {"postId":"175519402"}
[2026-02-15 19:22:52] [AD] [INFO] Contact extracted {"postId":"175519402","phone":"+966578602996","href":"tel:+966578602996"}
[2026-02-15 19:22:52] [AD] [INFO] Closing ad tab {"postId":"175519402"}
[2026-02-15 19:22:52] [AD] [WARN] Phone did not settle in time {"postId":"175519407"}
[2026-02-15 19:22:52] [AD] [WARN] Phone did not settle in time {"postId":"175519408"}
[2026-02-15 19:22:52] [AD] [INFO] Contact extracted {"postId":"175519407","phone":null,"href":null}
[2026-02-15 19:22:52] [AD] [INFO] Contact extracted {"postId":"175519408","phone":null,"href":null}
[2026-02-15 19:22:52] [AD] [INFO] Closing ad tab {"postId":"175519407"}
[2026-02-15 19:22:52] [AD] [INFO] Closing ad tab {"postId":"175519408"}
[2026-02-15 19:22:53] [AD] [INFO] Open ad (new tab) {"postId":"175519396","url":"https://haraj.com.sa/11175519396/%D8%AF%D9%86%D9%87_%D8%B3%D9%88%D8%A8%D8%B1_%D8%AC%D8%A7%D9%85%D8%A8%D9%88_%D9%85%D9%88%D8%AF%D9%8A%D9%84_2024_%D9%85%D9%88%D8%A7%D8%B5%D9%81%D8%A7%D8%AA_%D9%81%D9%84_%D9%83%D8%A7%D9%85%D9%84_%D9%85%D9%83%D9%8A%D9%81_%D8%AD%D9%88%D8%B6_%D9%85%D9%85%D8%B4%D9%89_%D8%A7%D9%82%D9%84/"}
[2026-02-15 19:22:53] [AD] [INFO] Open ad (new tab) {"postId":"175519399","url":"https://haraj.com.sa/11175519399/%D9%83%D8%A7%D9%85%D8%B1%D9%8A_2019/"}
[2026-02-15 19:22:54] [AD] [INFO] Open ad (new tab) {"postId":"175519400","url":"https://haraj.com.sa/11175519400/%D8%B1%D9%8A%D8%B3_2012/"}
[2026-02-15 19:22:54] [AD] [WARN] goto failed {"postId":"175519396","attempt":1,"err":"Error: page.goto: Target page, context or browser has been closed\nCall log:\n\u001b[2m  - navigating to \"https://haraj.com.sa/11175519396/%D8%AF%D9%86%D9%87_%D8%B3%D9%88%D8%A8%D8%B1_%D8%AC%D8%A7%D9%85%D8%A8%D9%88_%D9%85%D9%88%D8%AF%D9%8A%D9%84_2024_%D9%85%D9%88%D8%A7%D8%B5%D9%81%D8%A7%D8%AA_%D9%81%D9%84_%D9%83%D8%A7%D9%85%D9%84_%D9%85%D9%83%D9%8A%D9%81_%D8%AD%D9%88%D8%B6_%D9%85%D9%85%D8%B4%D9%89_%D8%A7%D9%82%D9%84/\", waiting until \"domcontentloaded\"\u001b[22m\n"}
[2026-02-15 19:22:54] [AD] [WARN] goto failed {"postId":"175519399","attempt":1,"err":"Error: page.goto: Target page, context or browser has been closed\nCall log:\n\u001b[2m  - navigating to \"https://haraj.com.sa/11175519399/%D9%83%D8%A7%D9%85%D8%B1%D9%8A_2019/\", waiting until \"domcontentloaded\"\u001b[22m\n"}
[2026-02-15 19:22:54] [AD] [WARN] goto failed {"postId":"175519400","attempt":1,"err":"Error: page.goto: Target page, context or browser has been closed\nCall log:\n\u001b[2m  - navigating to \"https://haraj.com.sa/11175519400/%D8%B1%D9%8A%D8%B3_2012/\", waiting until \"domcontentloaded\"\u001b[22m\n"}
[2026-02-15 19:22:54] [AD] [WARN] goto failed {"postId":"175519396","attempt":2,"err":"Error: page.goto: Target page, context or browser has been closed"}
[2026-02-15 19:22:54] [AD] [WARN] Ad scrape exception {"postId":"175519396","err":"Error: page.goto: Target page, context or browser has been closed"}
[2026-02-15 19:22:54] [AD] [INFO] Closing ad tab {"postId":"175519396"}
[2026-02-15 19:22:54] [AD] [WARN] goto failed {"postId":"175519399","attempt":2,"err":"Error: page.goto: Target page, context or browser has been closed"}
[2026-02-15 19:22:54] [AD] [WARN] Ad scrape exception {"postId":"175519399","err":"Error: page.goto: Target page, context or browser has been closed"}
[2026-02-15 19:22:54] [AD] [INFO] Closing ad tab {"postId":"175519399"}
[2026-02-15 19:22:54] [AD] [WARN] goto failed {"postId":"175519400","attempt":2,"err":"Error: page.goto: Target page, context or browser has been closed"}
[2026-02-15 19:22:54] [AD] [WARN] Ad scrape exception {"postId":"175519400","err":"Error: page.goto: Target page, context or browser has been closed"}
[2026-02-15 19:22:54] [AD] [INFO] Closing ad tab {"postId":"175519400"}
[2026-02-15 19:41:17] [AD] [INFO] Open ad (new tab) {"postId":"175520847","url":"https://haraj.com.sa/11175520847/%D8%AC%D8%A7%D8%BA%D9%88%D8%A7%D8%B1_%D9%84%D9%84%D8%A8%D9%8A%D8%B9/"}
[2026-02-15 19:41:17] [AD] [INFO] Open ad (new tab) {"postId":"175520835","url":"https://haraj.com.sa/11175520835/%D8%AC%D9%86%D9%88%D8%B7_%D8%AF%D9%85%D8%B9%D9%87_%D9%85%D8%A7%D9%8A%D9%84%D9%87_%D9%85%D8%B9_%D9%83%D9%81%D8%B1%D8%A7%D8%AA/"}
[2026-02-15 19:41:19] [AD] [INFO] Open ad (new tab) {"postId":"175520827","url":"https://haraj.com.sa/11175520827/%D9%85%D8%B7%D9%84%D9%88%D8%A8_%D8%B3%D9%8A%D9%8A%D8%B1%D8%A7_%D9%85%D9%88%D8%AF%D9%8A%D9%84_22_%D8%A7%D9%88_23_%D8%A7%D9%84%D9%81%D9%8A%D8%B3_%D9%84%D9%81%D8%AA_%D8%A7%D9%84%D8%AC%D8%AF%D9%8A%D8%AF/"}
[2026-02-15 19:41:21] [AD] [INFO] Captured GraphQL posts {"postId":"175520827"}
[2026-02-15 19:41:21] [AD] [INFO] Captured GraphQL comments {"postId":"175520827"}
[2026-02-15 19:41:21] [AD] [INFO] Captured GraphQL posts {"postId":"175520835"}
[2026-02-15 19:41:22] [AD] [INFO] Captured GraphQL comments {"postId":"175520835"}
[2026-02-15 19:41:22] [AD] [INFO] Opening contact modal {"postId":"175520827"}
[2026-02-15 19:41:22] [AD] [INFO] Captured GraphQL posts {"postId":"175520847"}
[2026-02-15 19:41:23] [AD] [INFO] Captured GraphQL comments {"postId":"175520847"}
[2026-02-15 19:41:23] [AD] [INFO] Opening contact modal {"postId":"175520835"}
[2026-02-15 19:41:24] [AD] [INFO] Opening contact modal {"postId":"175520847"}
[2026-02-15 19:41:27] [AD] [INFO] Contact extracted {"postId":"175520835","phone":"+966564291500","href":"tel:+966564291500"}
[2026-02-15 19:41:27] [AD] [INFO] Closing ad tab {"postId":"175520835"}
[2026-02-15 19:41:28] [AD] [INFO] Open ad (new tab) {"postId":"175520823","url":"https://haraj.com.sa/11175520823/%D8%A8%D8%A7%D9%84%D9%88%D9%86_%D9%85%D9%82%D8%A7%D8%B3_16_%D9%85%D8%A7%D9%83%D8%B3%D8%B3_%D9%81%D8%AA%D9%86%D8%A7%D9%85%D9%8A/"}
[2026-02-15 19:41:29] [AD] [INFO] Contact extracted {"postId":"175520847","phone":"+966539135558","href":"tel:+966539135558"}
[2026-02-15 19:41:29] [AD] [INFO] Closing ad tab {"postId":"175520847"}
[2026-02-15 19:41:29] [AD] [INFO] Open ad (new tab) {"postId":"175520819","url":"https://haraj.com.sa/11175520819/%D9%87%D8%A7%D9%8A%D9%84%D9%88%D9%83%D8%B3_%D9%84%D9%84%D8%A8%D9%8A%D8%B9_%D8%A7%D9%88_%D8%A7%D9%84%D8%A8%D8%AF%D9%84/"}
[2026-02-15 19:41:30] [AD] [INFO] Captured GraphQL posts {"postId":"175520823"}
[2026-02-15 19:41:30] [AD] [INFO] Captured GraphQL comments {"postId":"175520823"}
[2026-02-15 19:41:31] [AD] [INFO] Captured GraphQL posts {"postId":"175520819"}
[2026-02-15 19:41:31] [AD] [INFO] Captured GraphQL comments {"postId":"175520819"}
[2026-02-15 19:41:32] [AD] [INFO] Opening contact modal {"postId":"175520823"}
[2026-02-15 19:41:32] [AD] [INFO] Opening contact modal {"postId":"175520819"}
[2026-02-15 19:41:32] [AD] [INFO] Contact extracted {"postId":"175520819","phone":"+966594851032","href":"tel:+966594851032"}
[2026-02-15 19:41:32] [AD] [INFO] Closing ad tab {"postId":"175520819"}
[2026-02-15 19:41:33] [AD] [INFO] Open ad (new tab) {"postId":"69320865","url":"https://haraj.com.sa/1169320865/%D8%AC%D9%86%D8%A7%D8%AD_%D8%A7%D9%84%D8%B4%D9%86%D8%B7%D8%A9_%D9%88%D8%A7%D9%83%D8%B3%D8%B3%D9%88%D8%A7%D8%B1%D8%A7%D8%AA_%D9%85%D8%B1%D8%B3%D9%8A%D8%AF%D8%B3_%D8%AC%D9%85%D9%8A%D8%B9_%D8%A7%D9%84%D9%81%D8%A6%D8%A7%D8%AA/"}
[2026-02-15 19:41:33] [AD] [INFO] Contact extracted {"postId":"175520823","phone":"+966557209709","href":"tel:+966557209709"}
[2026-02-15 19:41:33] [AD] [INFO] Closing ad tab {"postId":"175520823"}
[2026-02-15 19:41:33] [AD] [INFO] Open ad (new tab) {"postId":"73847670","url":"https://haraj.com.sa/1173847670/%D8%AA%D8%B4%D8%BA%D9%8A%D9%84_%D8%B9%D9%86_%D8%A8%D8%B9%D8%AF_%D9%84%D9%83%D8%B2%D8%B3_%D9%88_%D8%AA%D9%88%D9%8A%D9%88%D8%AA%D8%A7_%D9%84%D9%84%D8%A8%D8%B5%D9%85%D9%87_%D9%81%D9%82%D8%B7/"}
[2026-02-15 19:41:35] [AD] [INFO] Captured GraphQL posts {"postId":"73847670"}
[2026-02-15 19:41:36] [AD] [INFO] Captured GraphQL posts {"postId":"69320865"}
[2026-02-15 19:41:36] [AD] [INFO] Captured GraphQL comments {"postId":"73847670"}
[2026-02-15 19:41:36] [AD] [INFO] Captured GraphQL comments {"postId":"69320865"}
[2026-02-15 19:41:37] [AD] [INFO] Opening contact modal {"postId":"73847670"}
[2026-02-15 19:41:37] [AD] [INFO] Contact extracted {"postId":"73847670","phone":"+966502974322","href":"tel:+966502974322"}
[2026-02-15 19:41:37] [AD] [INFO] Closing ad tab {"postId":"73847670"}
[2026-02-15 19:41:37] [AD] [INFO] Opening contact modal {"postId":"69320865"}
[2026-02-15 19:41:38] [AD] [INFO] Open ad (new tab) {"postId":"175520811","url":"https://haraj.com.sa/11175520811/%D9%84%D9%84%D8%A8%D9%8A%D8%B9_%D9%84%D9%88%D8%AD%D8%A9_%D9%85%D9%85%D9%8A%D8%B2%D8%A9_%D8%B9_%D9%88_%D8%AF_%D8%B9%D9%88%D8%AF/"}
[2026-02-15 19:41:39] [AD] [INFO] Contact extracted {"postId":"69320865","phone":"+966565001408","href":"tel:+966565001408"}
[2026-02-15 19:41:39] [AD] [INFO] Closing ad tab {"postId":"69320865"}
[2026-02-15 19:41:39] [AD] [INFO] Open ad (new tab) {"postId":"175520808","url":"https://haraj.com.sa/11175520808/%D8%AA%D9%88%D9%8A%D9%88%D8%AA%D8%A7_%D9%83%D8%B1%D8%A7%D9%88%D9%86_%D8%A8%D8%B1%D8%B3%D8%AA%D9%8A%D8%AC_%D8%A3%D8%B3%D9%88%D8%AF_%D9%87%D8%A7%D9%8A%D8%A8%D8%B1%D8%AF_2026_%D8%A7%D9%81%D8%B6%D9%84_%D8%A7%D9%84%D8%B9%D8%B1%D9%88%D8%B6_%D9%88%D8%A7%D9%84%D8%A7%D9%82%D8%B3%D8%A7%D8%B7/"}
[2026-02-15 19:41:40] [AD] [INFO] Captured GraphQL posts {"postId":"175520811"}
[2026-02-15 19:41:41] [AD] [INFO] Captured GraphQL posts {"postId":"175520808"}
[2026-02-15 19:41:41] [AD] [INFO] Captured GraphQL comments {"postId":"175520811"}
[2026-02-15 19:41:41] [AD] [INFO] Captured GraphQL comments {"postId":"175520808"}
[2026-02-15 19:41:42] [AD] [INFO] Opening contact modal {"postId":"175520811"}
[2026-02-15 19:41:42] [AD] [INFO] Opening contact modal {"postId":"175520808"}
[2026-02-15 19:41:43] [AD] [INFO] Contact extracted {"postId":"175520808","phone":"+966558772327","href":"tel:+966558772327"}
[2026-02-15 19:41:43] [AD] [INFO] Closing ad tab {"postId":"175520808"}
[2026-02-15 19:41:43] [AD] [INFO] Contact extracted {"postId":"175520811","phone":"+966574977777","href":"tel:+966574977777"}
[2026-02-15 19:41:43] [AD] [INFO] Closing ad tab {"postId":"175520811"}
[2026-02-15 19:41:43] [AD] [INFO] Open ad (new tab) {"postId":"175520807","url":"https://haraj.com.sa/11175520807/%D9%85%D9%88%D8%A7%D8%AF_%D9%84%D9%84%D8%A8%D9%8A%D8%B9/"}
[2026-02-15 19:41:43] [AD] [INFO] Open ad (new tab) {"postId":"175520801","url":"https://haraj.com.sa/11175520801/%D9%83%D8%AA%D9%84%D9%88%D8%AC%D8%A7%D8%AA_2_%D8%AC%D9%85%D8%B3_%D9%85%D8%AF%D9%8A%D9%84_1985/"}
[2026-02-15 19:41:45] [AD] [INFO] Captured GraphQL posts {"postId":"175520801"}
[2026-02-15 19:41:45] [AD] [INFO] Captured GraphQL posts {"postId":"175520807"}
[2026-02-15 19:41:45] [AD] [INFO] Captured GraphQL comments {"postId":"175520801"}
[2026-02-15 19:41:46] [AD] [INFO] Captured GraphQL comments {"postId":"175520807"}
[2026-02-15 19:41:46] [AD] [INFO] Opening contact modal {"postId":"175520801"}
[2026-02-15 19:41:47] [AD] [INFO] Opening contact modal {"postId":"175520807"}
[2026-02-15 19:41:49] [AD] [INFO] Contact extracted {"postId":"175520807","phone":"+966504555747","href":"tel:+966504555747"}
[2026-02-15 19:41:49] [AD] [INFO] Closing ad tab {"postId":"175520807"}
[2026-02-15 19:41:49] [AD] [INFO] Open ad (new tab) {"postId":"175520791","url":"https://haraj.com.sa/11175520791/%D8%B3%D9%85%D9%83%D8%B1%D8%A9_%D9%88_%D8%A7%D9%83%D8%B3%D8%B3%D9%88%D8%A7%D8%B1%D8%A7%D8%AA_%D9%84%D9%83%D8%B2%D8%B3_%D9%88_%D9%84%D8%A7%D9%86%D8%AF%D9%83%D8%B1%D9%88%D8%B2%D8%B1/"}
[2026-02-15 19:41:51] [AD] [INFO] Captured GraphQL posts {"postId":"175520791"}
[2026-02-15 19:41:51] [AD] [INFO] Captured GraphQL comments {"postId":"175520791"}
[2026-02-15 19:41:52] [AD] [INFO] Opening contact modal {"postId":"175520791"}
[2026-02-15 19:41:53] [AD] [INFO] Contact extracted {"postId":"175520791","phone":"+966503155818","href":"tel:+966503155818"}
[2026-02-15 19:41:53] [AD] [INFO] Closing ad tab {"postId":"175520791"}
[2026-02-15 19:41:53] [AD] [INFO] Open ad (new tab) {"postId":"175520790","url":"https://haraj.com.sa/11175520790/%D8%AC%D9%86%D9%88%D8%B7_%D9%8A%D8%A7%D8%B1%D8%B3_%D8%AD%D8%AF%D9%8A%D8%AF_%D8%A7%D8%B3%D9%88%D8%AF_%D8%B4%D8%AF_%D8%A8%D9%84%D8%AF/"}
[2026-02-15 19:41:55] [AD] [INFO] Captured GraphQL posts {"postId":"175520790"}
[2026-02-15 19:41:55] [AD] [INFO] Captured GraphQL comments {"postId":"175520790"}
[2026-02-15 19:41:56] [AD] [INFO] Opening contact modal {"postId":"175520790"}
[2026-02-15 19:41:56] [AD] [INFO] Contact extracted {"postId":"175520790","phone":"+966557804042","href":"tel:+966557804042"}
[2026-02-15 19:41:56] [AD] [INFO] Closing ad tab {"postId":"175520790"}
[2026-02-15 20:22:43] [AD] [INFO] Open ad (new tab) {"postId":"175523665","url":"https://haraj.com.sa/11175523665/%D9%85%D8%B7%D9%84%D9%88%D8%A8_%D8%B3%D9%8A%D8%A7%D8%B1%D9%87_%D9%88%D8%B3%D8%B9%D8%B1%D9%87%D8%A7_%D9%86%D8%B5%D9%87_%D9%83%D8%A7%D8%B4_15_%D8%A7%D9%84%D9%81_%D9%88%D8%A7%D9%84%D8%A8%D8%A7%D9%82%D9%8A_%D8%A7%D9%82%D8%B5%D8%A7%D8%AF/"}
[2026-02-15 20:22:44] [AD] [INFO] Open ad (new tab) {"postId":"175523660","url":"https://haraj.com.sa/11175523660/%D8%B4%D8%A8%D9%83_%D8%A7%D9%85%D8%A7%D9%85%D9%8A_%D8%A7%D8%B5%D9%84%D9%8A_%D9%88%D9%83%D8%A7%D9%84%D8%A9_%D9%84%D9%84%D8%A7%D9%83%D9%88%D8%B1%D8%AF_2017/"}
[2026-02-15 20:22:45] [AD] [INFO] Open ad (new tab) {"postId":"175523663","url":"https://haraj.com.sa/11175523663/%D8%A7%D9%83%D8%B3%D9%86%D8%AA_2019_%D8%AC%D8%AF%D8%A7_%D9%86%D8%B8%D9%8A%D9%81%D8%A9/"}
[2026-02-15 20:22:47] [AD] [INFO] Captured GraphQL posts {"postId":"175523663"}
[2026-02-15 20:22:48] [AD] [INFO] Captured GraphQL comments {"postId":"175523663"}
[2026-02-15 20:22:48] [AD] [INFO] Captured GraphQL posts {"postId":"175523660"}
[2026-02-15 20:22:48] [AD] [INFO] Captured GraphQL posts {"postId":"175523665"}
[2026-02-15 20:22:48] [AD] [INFO] Captured GraphQL comments {"postId":"175523660"}
[2026-02-15 20:22:48] [AD] [INFO] Captured GraphQL comments {"postId":"175523665"}
[2026-02-15 20:22:49] [AD] [INFO] Opening contact modal {"postId":"175523663"}
[2026-02-15 20:22:49] [AD] [INFO] Contact extracted {"postId":"175523663","phone":"+966507347447","href":"tel:+966507347447"}
[2026-02-15 20:22:49] [AD] [INFO] Closing ad tab {"postId":"175523663"}
[2026-02-15 20:22:50] [AD] [INFO] Open ad (new tab) {"postId":"175523658","url":"https://haraj.com.sa/11175523658/%D8%A7%D9%83%D8%B3%D8%A8%D9%84%D9%88%D8%B1_2021_%D9%81%D9%84_%D9%83%D8%A7%D9%85%D9%84_%D9%88%D9%83%D8%A7%D9%84%D8%A9/"}
[2026-02-15 20:22:50] [AD] [INFO] Opening contact modal {"postId":"175523660"}
[2026-02-15 20:22:50] [AD] [INFO] Opening contact modal {"postId":"175523665"}
[2026-02-15 20:22:51] [AD] [INFO] Captured GraphQL posts {"postId":"175523658"}
[2026-02-15 20:22:52] [AD] [INFO] Captured GraphQL comments {"postId":"175523658"}
[2026-02-15 20:22:53] [AD] [INFO] Opening contact modal {"postId":"175523658"}
[2026-02-15 20:22:53] [AD] [INFO] Contact extracted {"postId":"175523658","phone":"+966504321268","href":"tel:+966504321268"}
[2026-02-15 20:22:53] [AD] [INFO] Closing ad tab {"postId":"175523658"}
[2026-02-15 20:22:54] [AD] [INFO] Open ad (new tab) {"postId":"175523657","url":"https://haraj.com.sa/11175523657/%D9%81%D9%84%D9%81%D9%88_2012/"}
[2026-02-15 20:22:55] [AD] [INFO] Captured GraphQL posts {"postId":"175523657"}
[2026-02-15 20:22:56] [AD] [INFO] Captured GraphQL comments {"postId":"175523657"}
[2026-02-15 20:22:57] [AD] [INFO] Opening contact modal {"postId":"175523657"}
[2026-02-15 20:22:57] [AD] [INFO] Contact extracted {"postId":"175523657","phone":"+966511091775","href":"tel:+966511091775"}
[2026-02-15 20:22:57] [AD] [INFO] Closing ad tab {"postId":"175523657"}
[2026-02-15 20:22:58] [AD] [INFO] Open ad (new tab) {"postId":"69320865","url":"https://haraj.com.sa/1169320865/%D8%AC%D9%86%D8%A7%D8%AD_%D8%A7%D9%84%D8%B4%D9%86%D8%B7%D8%A9_%D9%88%D8%A7%D9%83%D8%B3%D8%B3%D9%88%D8%A7%D8%B1%D8%A7%D8%AA_%D9%85%D8%B1%D8%B3%D9%8A%D8%AF%D8%B3_%D8%AC%D9%85%D9%8A%D8%B9_%D8%A7%D9%84%D9%81%D8%A6%D8%A7%D8%AA/"}
[2026-02-16 09:11:36] [AD] [INFO] Open ad (new tab) {"postId":"175548995","url":"https://haraj.com.sa/11175548995/%D8%A7%D9%85_%D8%AC%D9%8A_zs_%D8%A7%D8%B3%D8%AA%D8%A7%D9%86%D8%AF%D8%B1_%D8%A7%D9%84%D8%B4%D9%83%D9%84_%D8%A7%D9%84%D8%AC%D8%AF%D9%8A%D8%AF_2025_%D8%A8_46500_%D8%BA%D9%8A%D8%B1_%D8%B4%D8%A7%D9%85%D9%84_%D8%A7%D9%84%D8%B6%D8%B1%D9%8A%D8%A8%D8%A9/"}
[2026-02-16 09:11:36] [AD] [INFO] Open ad (new tab) {"postId":"175548990","url":"https://haraj.com.sa/11175548990/%D8%AC%D9%8A_%D8%A7%D9%8A_%D8%B3%D9%8A_%D8%A7%D9%8A%D9%85%D8%B2%D9%88%D9%85_%D8%B3%D8%A8%D9%88%D8%B1%D8%AA_%D8%A8%D9%84%D8%B3_2026/"}
[2026-02-16 09:11:39] [AD] [INFO] Captured GraphQL posts {"postId":"175548990"}
[2026-02-16 09:11:39] [AD] [INFO] Open ad (new tab) {"postId":"175548994","url":"https://haraj.com.sa/11175548994/%D9%83%D9%8A%D8%A7_%D8%B3%D9%8A%D9%84%D8%AA%D9%88%D8%B3_%D9%85%D9%88%D8%AF%D9%8A%D9%84_2024/"}
[2026-02-16 09:11:41] [AD] [INFO] Captured GraphQL posts {"postId":"175548994"}
[2026-02-16 09:11:41] [AD] [INFO] Captured GraphQL comments {"postId":"175548994"}
[2026-02-16 09:11:42] [AD] [INFO] Captured GraphQL comments {"postId":"175548990"}
[2026-02-16 09:11:43] [AD] [INFO] Opening contact modal {"postId":"175548994"}
[2026-02-16 09:11:43] [AD] [INFO] Opening contact modal {"postId":"175548990"}
[2026-02-16 09:11:43] [AD] [INFO] Contact extracted {"postId":"175548994","phone":"+966562525002","href":"tel:+966562525002"}
[2026-02-16 09:11:43] [AD] [INFO] Closing ad tab {"postId":"175548994"}
[2026-02-16 09:11:44] [AD] [INFO] Open ad (new tab) {"postId":"175548989","url":"https://haraj.com.sa/11175548989/%D8%A7%D9%83%D8%B3%D9%86%D8%AA_2024_2025_2026_%D9%82%D8%B7%D8%B9_%D8%BA%D9%8A%D8%A7%D8%B1_%D9%85%D8%B3%D8%AA%D8%B9%D9%85%D9%84_%D8%AA%D8%B4%D9%84%D9%8A%D8%AD/"}
[2026-02-16 09:11:45] [AD] [INFO] Contact extracted {"postId":"175548990","phone":"+966556570540","href":"tel:+966556570540"}
[2026-02-16 09:11:45] [AD] [INFO] Closing ad tab {"postId":"175548990"}
[2026-02-16 09:11:46] [AD] [INFO] Open ad (new tab) {"postId":"175548987","url":"https://haraj.com.sa/11175548987/%D9%85%D8%A7%D8%B2%D8%AF%D8%A7_2016_%D8%A7%D9%84%D9%85%D9%83%D9%8A%D9%86%D9%87_%D8%AE%D8%B1%D8%A8%D8%A7%D9%86%D9%87/"}
[2026-02-16 09:11:48] [AD] [INFO] Captured GraphQL posts {"postId":"175548995"}
[2026-02-16 09:11:48] [AD] [INFO] Captured GraphQL posts {"postId":"175548987"}
[2026-02-16 09:11:49] [AD] [INFO] Captured GraphQL comments {"postId":"175548987"}
[2026-02-16 09:11:49] [AD] [INFO] Captured GraphQL comments {"postId":"175548995"}
[2026-02-16 09:11:50] [AD] [INFO] Opening contact modal {"postId":"175548987"}
[2026-02-16 09:11:50] [AD] [INFO] Contact extracted {"postId":"175548987","phone":"+966508900784","href":"tel:+966508900784"}
[2026-02-16 09:11:50] [AD] [INFO] Closing ad tab {"postId":"175548987"}
[2026-02-16 09:11:50] [AD] [INFO] Open ad (new tab) {"postId":"85974552","url":"https://haraj.com.sa/1185974552/%D8%AA%D9%88%D9%8A%D9%88%D8%AA%D8%A7_%D9%84%D8%A7%D9%86%D8%AF%D9%83%D8%B1%D9%88%D8%B2%D8%B1_2013_%D9%88%D9%83%D8%A7%D9%84%D8%A9_%D9%85%D8%AE%D8%B2%D9%86_%D9%85%D8%A8%D8%A7%D8%B9/"}
[2026-02-16 09:11:50] [AD] [INFO] Opening contact modal {"postId":"175548995"}
[2026-02-16 09:11:51] [AD] [INFO] Captured GraphQL posts {"postId":"175548989"}
[2026-02-16 09:11:52] [AD] [INFO] Captured GraphQL comments {"postId":"175548989"}
[2026-02-16 09:11:52] [AD] [INFO] Captured GraphQL posts {"postId":"85974552"}
[2026-02-16 09:11:52] [AD] [INFO] Contact extracted {"postId":"175548995","phone":"+966502710879","href":"tel:+966502710879"}
[2026-02-16 09:11:52] [AD] [INFO] Closing ad tab {"postId":"175548995"}
[2026-02-16 09:11:53] [AD] [INFO] Opening contact modal {"postId":"175548989"}
[2026-02-16 09:11:53] [AD] [INFO] Captured GraphQL comments {"postId":"85974552"}
[2026-02-16 09:11:53] [AD] [INFO] Open ad (new tab) {"postId":"69320865","url":"https://haraj.com.sa/1169320865/%D8%AC%D9%86%D8%A7%D8%AD_%D8%A7%D9%84%D8%B4%D9%86%D8%B7%D8%A9_%D9%88%D8%A7%D9%83%D8%B3%D8%B3%D9%88%D8%A7%D8%B1%D8%A7%D8%AA_%D9%85%D8%B1%D8%B3%D9%8A%D8%AF%D8%B3_%D8%AC%D9%85%D9%8A%D8%B9_%D8%A7%D9%84%D9%81%D8%A6%D8%A7%D8%AA/"}
[2026-02-16 09:11:53] [AD] [INFO] Opening contact modal {"postId":"85974552"}
[2026-02-16 09:11:54] [AD] [INFO] Contact extracted {"postId":"85974552","phone":"0000000000","href":"tel:"}
[2026-02-16 09:11:54] [AD] [INFO] Closing ad tab {"postId":"85974552"}
[2026-02-16 09:11:55] [AD] [INFO] Open ad (new tab) {"postId":"175548986","url":"https://haraj.com.sa/11175548986/%D8%AA%D9%88%D9%8A%D9%88%D8%AA%D8%A7_%D8%A8%D8%A7%D8%B5_%D9%84%D8%A7%D9%8A%D8%AA_%D8%A7%D8%B3_2026_%D9%83%D8%A7%D8%B4_%D9%88%D8%A7%D9%82%D8%B3%D8%A7%D8%B7_%D8%A7%D9%82%D9%84_%D8%B3%D8%B9%D8%B1/"}
[2026-02-16 09:11:56] [AD] [INFO] Captured GraphQL posts {"postId":"69320865"}
[2026-02-16 09:11:56] [AD] [INFO] Contact extracted {"postId":"175548989","phone":"+966580891600","href":"tel:+966580891600"}
[2026-02-16 09:11:56] [AD] [INFO] Closing ad tab {"postId":"175548989"}
[2026-02-16 09:11:56] [AD] [INFO] Captured GraphQL comments {"postId":"69320865"}
[2026-02-16 09:11:56] [AD] [INFO] Open ad (new tab) {"postId":"175548982","url":"https://haraj.com.sa/11175548982/%D8%B5%D9%86%D9%8A_2022/"}
[2026-02-16 09:11:58] [AD] [INFO] Opening contact modal {"postId":"69320865"}
[2026-02-16 09:11:59] [AD] [INFO] Captured GraphQL posts {"postId":"175548982"}
[2026-02-16 09:11:59] [AD] [INFO] Captured GraphQL comments {"postId":"175548982"}
[2026-02-16 09:11:59] [AD] [INFO] Captured GraphQL posts {"postId":"175548986"}
[2026-02-16 09:11:59] [AD] [INFO] Captured GraphQL comments {"postId":"175548986"}
[2026-02-16 09:12:00] [AD] [INFO] Opening contact modal {"postId":"175548982"}
[2026-02-16 09:12:00] [AD] [INFO] Contact extracted {"postId":"175548982","phone":"+966500396771","href":"tel:+966500396771"}
[2026-02-16 09:12:00] [AD] [INFO] Closing ad tab {"postId":"175548982"}
[2026-02-16 09:12:00] [AD] [INFO] Contact extracted {"postId":"69320865","phone":"+966565001408","href":"tel:+966565001408"}
[2026-02-16 09:12:00] [AD] [INFO] Closing ad tab {"postId":"69320865"}
[2026-02-16 09:12:00] [AD] [INFO] Opening contact modal {"postId":"175548986"}
[2026-02-16 09:12:01] [AD] [INFO] Open ad (new tab) {"postId":"175548974","url":"https://haraj.com.sa/11175548974/%D9%87%D9%8A%D9%88%D9%86%D8%AF%D8%A7%D9%8A_%D8%A7%D8%B2%D9%8A%D8%B1%D8%A7_%D9%83%D9%84%D8%A7%D8%B3%D9%8A%D9%83_2026/"}
[2026-02-16 09:12:01] [AD] [INFO] Open ad (new tab) {"postId":"175548981","url":"https://haraj.com.sa/11175548981/%D8%AA%D9%88%D9%8A%D9%88%D8%AA%D8%A7_%D9%83%D8%A7%D9%85%D8%B1%D9%8A_%D9%86%D8%B5_%D9%81%D9%84_%D8%A8%D9%86%D8%B2%D9%8A%D9%86_2026/"}
[2026-02-16 09:12:01] [AD] [INFO] Contact extracted {"postId":"175548986","phone":"+966506113280","href":"tel:+966506113280"}
[2026-02-16 09:12:01] [AD] [INFO] Closing ad tab {"postId":"175548986"}
[2026-02-16 09:12:01] [AD] [INFO] Open ad (new tab) {"postId":"175548973","url":"https://haraj.com.sa/11175548973/%D8%B3%D9%88%D8%B2%D9%88%D9%83%D9%8A_%D8%AF%D9%8A%D8%B2%D8%A7%D9%8A%D8%B1_%D8%B3%D8%AA%D8%A7%D9%86%D8%AF%D8%B1_2026_%D8%B1%D9%88%D8%A7%D8%AA%D8%A8_%D8%AA%D8%A8%D8%AF%D8%A7_%D9%85%D9%86_3500/"}
[2026-02-16 09:12:04] [AD] [INFO] Captured GraphQL posts {"postId":"175548973"}
[2026-02-16 09:12:04] [AD] [INFO] Captured GraphQL posts {"postId":"175548981"}
[2026-02-16 09:12:04] [AD] [INFO] Captured GraphQL comments {"postId":"175548973"}
[2026-02-16 09:12:04] [AD] [INFO] Captured GraphQL posts {"postId":"175548974"}
[2026-02-16 09:12:04] [AD] [INFO] Captured GraphQL comments {"postId":"175548981"}
[2026-02-16 09:12:04] [AD] [INFO] Captured GraphQL comments {"postId":"175548974"}
[2026-02-16 09:12:05] [AD] [INFO] Opening contact modal {"postId":"175548973"}
[2026-02-16 09:12:05] [AD] [INFO] Contact extracted {"postId":"175548973","phone":"+966534367574","href":"tel:+966534367574"}
[2026-02-16 09:12:05] [AD] [INFO] Closing ad tab {"postId":"175548973"}
[2026-02-16 09:12:05] [AD] [INFO] Opening contact modal {"postId":"175548981"}
[2026-02-16 09:12:06] [AD] [INFO] Open ad (new tab) {"postId":"175548972","url":"https://haraj.com.sa/11175548972/%D9%87%D9%8A%D9%88%D9%86%D8%AF%D8%A7%D9%8A_%D8%A7%D9%84%D9%86%D8%AA%D8%B1%D8%A7_%D8%B3%D9%85%D8%A7%D8%B1%D8%AA_2_0_%D8%A7%D9%84%D9%86%D8%A7%D8%BA%D9%8A_2026/"}
[2026-02-16 09:12:06] [AD] [INFO] Opening contact modal {"postId":"175548974"}
[2026-02-16 09:12:06] [AD] [INFO] Contact extracted {"postId":"175548974","phone":"+966545769113","href":"tel:+966545769113"}
[2026-02-16 09:12:06] [AD] [INFO] Closing ad tab {"postId":"175548974"}
[2026-02-16 09:12:07] [AD] [INFO] Open ad (new tab) {"postId":"175548970","url":"https://haraj.com.sa/11175548970/%D8%AC%D9%8A_%D8%A7%D9%83%D8%B3_%D8%A7%D8%B1_2026_%D8%B1%D9%82%D9%85_4_%D8%A8%D9%86%D8%B2%D9%8A%D9%86_%D8%B3%D8%B9%D9%88%D8%AF%D9%8A/"}
[2026-02-16 09:12:07] [AD] [INFO] Contact extracted {"postId":"175548981","phone":"+966500510562","href":"tel:+966500510562"}
[2026-02-16 09:12:07] [AD] [INFO] Closing ad tab {"postId":"175548981"}
[2026-02-16 09:12:08] [AD] [INFO] Open ad (new tab) {"postId":"175548964","url":"https://haraj.com.sa/11175548964/toyotta_innova/"}
[2026-02-16 09:12:09] [AD] [INFO] Captured GraphQL posts {"postId":"175548972"}
[2026-02-16 09:12:09] [AD] [INFO] Captured GraphQL posts {"postId":"175548964"}
[2026-02-16 09:12:09] [AD] [INFO] Captured GraphQL comments {"postId":"175548964"}
[2026-02-16 09:12:09] [AD] [INFO] Captured GraphQL comments {"postId":"175548972"}
[2026-02-16 09:12:10] [AD] [INFO] Captured GraphQL posts {"postId":"175548970"}
[2026-02-16 09:12:10] [AD] [INFO] Captured GraphQL comments {"postId":"175548970"}
[2026-02-16 09:12:10] [AD] [INFO] Opening contact modal {"postId":"175548964"}
[2026-02-16 09:12:10] [AD] [INFO] Opening contact modal {"postId":"175548972"}
[2026-02-16 09:12:11] [AD] [INFO] Contact extracted {"postId":"175548964","phone":"+966511376928","href":"tel:+966511376928"}
[2026-02-16 09:12:11] [AD] [INFO] Closing ad tab {"postId":"175548964"}
[2026-02-16 09:12:11] [AD] [INFO] Open ad (new tab) {"postId":"175548963","url":"https://haraj.com.sa/11175548963/%D9%8A%D8%A7%D8%B1%D8%B3_2021_%D9%81%D8%A6%D9%87_y_%D8%B3%D8%AA%D8%A7%D9%86%D8%AF%D8%B1_%D8%A7%D8%A8%D9%8A%D8%B6_%D9%84%D8%A4%D9%84%D8%A4%D9%8A/"}
[2026-02-16 09:12:11] [AD] [INFO] Opening contact modal {"postId":"175548970"}
[2026-02-16 09:12:12] [AD] [INFO] Contact extracted {"postId":"175548970","phone":"+966560556695","href":"tel:+966560556695"}
[2026-02-16 09:12:12] [AD] [INFO] Closing ad tab {"postId":"175548970"}
[2026-02-16 09:12:12] [AD] [INFO] Open ad (new tab) {"postId":"175548962","url":"https://haraj.com.sa/11175548962/%D9%84%D8%A7%D9%86%D8%AF%D8%B1%D9%88%D9%81%D8%B1_%D8%AF%D9%8A%D9%81%D9%86%D8%AF%D8%B1_6_%D8%B3%D9%84%D9%86%D8%AF%D8%B1_HSE_%D8%B3%D8%B9%D9%88%D8%AF%D9%8A_%D8%AF%D8%A8%D9%84_%D8%A8%D9%86%D8%B2%D9%8A%D9%86_%D8%AA%D9%85%D8%A7%D8%AA%D9%8A%D9%83_2026/"}
[2026-02-16 09:12:13] [AD] [INFO] Contact extracted {"postId":"175548972","phone":"+966504687374","href":"tel:+966504687374"}
[2026-02-16 09:12:13] [AD] [INFO] Closing ad tab {"postId":"175548972"}
[2026-02-16 09:12:13] [AD] [INFO] Open ad (new tab) {"postId":"175548959","url":"https://haraj.com.sa/11175548959/%D8%AA%D9%88%D9%8A%D9%88%D8%AA%D8%A7_%D9%84%D8%A7%D9%86%D8%AF%D9%83%D8%B1%D9%88%D8%B2%D8%B1_%D8%AC%D9%8A_%D8%A7%D9%83%D8%B3_%D8%A7%D8%B1_L4_%D8%B3%D8%B9%D9%88%D8%AF%D9%8A_2025/"}
[2026-02-16 09:12:14] [AD] [INFO] Captured GraphQL posts {"postId":"175548963"}
[2026-02-16 09:12:14] [AD] [INFO] Captured GraphQL comments {"postId":"175548963"}
[2026-02-16 09:12:15] [AD] [INFO] Captured GraphQL posts {"postId":"175548959"}
[2026-02-16 09:12:15] [AD] [INFO] Captured GraphQL comments {"postId":"175548959"}
[2026-02-16 09:12:16] [AD] [INFO] Captured GraphQL posts {"postId":"175548962"}
[2026-02-16 09:12:16] [AD] [INFO] Opening contact modal {"postId":"175548963"}
[2026-02-16 09:12:16] [AD] [INFO] Captured GraphQL comments {"postId":"175548962"}
[2026-02-16 09:12:16] [AD] [INFO] Opening contact modal {"postId":"175548959"}
[2026-02-16 09:12:16] [AD] [INFO] Contact extracted {"postId":"175548959","phone":"+966552575008","href":"tel:+966552575008"}
[2026-02-16 09:12:16] [AD] [INFO] Closing ad tab {"postId":"175548959"}
[2026-02-16 09:12:17] [AD] [INFO] Open ad (new tab) {"postId":"175548958","url":"https://haraj.com.sa/11175548958/%D9%81%D8%A7%D9%88_%D8%A8%D9%8A%D8%B3%D8%AA%D9%88%D9%86_B70_%D9%85%D9%88%D8%AF%D9%8A%D9%84_2026_%D8%B3%D8%B9%D9%88%D8%AF%D9%8A/"}
[2026-02-16 09:12:17] [AD] [INFO] Opening contact modal {"postId":"175548962"}
[2026-02-16 09:12:18] [AD] [INFO] Contact extracted {"postId":"175548962","phone":"+966558016051","href":"tel:+966558016051"}
[2026-02-16 09:12:18] [AD] [INFO] Closing ad tab {"postId":"175548962"}
[2026-02-16 09:12:18] [AD] [INFO] Open ad (new tab) {"postId":"175548957","url":"https://haraj.com.sa/11175548957/%D8%B1%D9%86%D8%AC_%D8%B1%D9%88%D9%81%D8%B1_%D8%A3%D9%88%D8%AA%D9%88%D8%A8%D8%A7%D9%8A%D9%88%D8%BA%D8%B1%D8%A7%D9%81%D9%8A_8_%D8%B3%D9%84%D9%86%D8%AF%D8%B1_%D9%85%D9%88%D8%AF%D9%8A%D9%84_2014_%D9%85%D8%B9%D8%AF%D9%84_2022_SVR/"}
[2026-02-16 09:12:19] [AD] [INFO] Contact extracted {"postId":"175548963","phone":"+966567862099","href":"tel:+966567862099"}
[2026-02-16 09:12:19] [AD] [INFO] Closing ad tab {"postId":"175548963"}
[2026-02-16 09:12:19] [AD] [INFO] Captured GraphQL posts {"postId":"175548958"}
[2026-02-16 09:12:20] [AD] [INFO] Captured GraphQL comments {"postId":"175548958"}
[2026-02-16 09:12:20] [AD] [INFO] Captured GraphQL posts {"postId":"175548957"}
[2026-02-16 09:12:20] [AD] [INFO] Captured GraphQL comments {"postId":"175548957"}
[2026-02-16 09:12:20] [AD] [INFO] Opening contact modal {"postId":"175548958"}
[2026-02-16 09:12:21] [AD] [INFO] Opening contact modal {"postId":"175548957"}
[2026-02-16 09:12:21] [AD] [INFO] Contact extracted {"postId":"175548957","phone":"+966559433933","href":"tel:+966559433933"}
[2026-02-16 09:12:21] [AD] [INFO] Closing ad tab {"postId":"175548957"}
[2026-02-16 09:12:21] [AD] [INFO] Contact extracted {"postId":"175548958","phone":"+966575098410","href":"tel:+966575098410"}
[2026-02-16 09:12:21] [AD] [INFO] Closing ad tab {"postId":"175548958"}
[2026-02-16 09:12:27] [AD] [INFO] Open ad (new tab) {"postId":"175549025","url":"https://haraj.com.sa/11175549025/%D9%82%D8%B7%D8%B9_%D8%A7%D9%86%D8%AA%D8%B1%D8%A7_2018_%D9%88%D9%83%D8%A7%D9%84%D9%87_%D9%88%D8%A7%D9%83%D8%B3%D8%B3%D9%88%D8%A7%D8%B1%D8%A7%D8%AA_%D8%AF%D8%A7%D8%AE%D9%84%D9%8A%D9%87_%D8%AC%D9%84%D8%AF_%D8%A8%D8%B3%D8%A8%D8%A7%D9%86_%D8%B5%D8%AF%D8%A7%D9%85_%D8%AD%D8%AF%D9%8A%D8%AF/"}
[2026-02-16 09:12:27] [AD] [INFO] Open ad (new tab) {"postId":"175549027","url":"https://haraj.com.sa/11175549027/%D9%83%D9%8A%D8%A7_%D8%A8%D9%8A%D8%AC%D8%A7%D8%B3/"}
[2026-02-16 09:12:27] [AD] [INFO] Open ad (new tab) {"postId":"175549026","url":"https://haraj.com.sa/11175549026/%D8%AC%D9%8A%D8%AA%D9%88%D8%B1_%D9%81%D9%84_%D9%84%D8%A7%D9%83%D8%AC%D8%B1%D9%8AT1_%D9%85%D9%88%D8%AF%D9%8A%D9%84_2026/"}
[2026-02-16 09:12:30] [AD] [INFO] Captured GraphQL posts {"postId":"175549026"}
[2026-02-16 09:12:30] [AD] [INFO] Captured GraphQL comments {"postId":"175549026"}
[2026-02-16 09:12:31] [AD] [INFO] Captured GraphQL posts {"postId":"175549025"}
[2026-02-16 09:12:31] [AD] [INFO] Opening contact modal {"postId":"175549026"}
[2026-02-16 09:12:31] [AD] [INFO] Captured GraphQL posts {"postId":"175549027"}
[2026-02-16 09:12:31] [AD] [INFO] Contact extracted {"postId":"175549026","phone":"+966554322499","href":"tel:+966554322499"}
[2026-02-16 09:12:31] [AD] [INFO] Closing ad tab {"postId":"175549026"}
[2026-02-16 09:12:32] [AD] [INFO] Captured GraphQL comments {"postId":"175549025"}
[2026-02-16 09:12:32] [AD] [INFO] Open ad (new tab) {"postId":"175549020","url":"https://haraj.com.sa/11175549020/%D8%AC%D9%8A%D8%AA%D9%88%D8%B1_T2_%D9%84%D8%A7%D9%83%D8%AC%D8%B1%D9%8A_2026_%D8%AF%D9%81%D8%B9_%D8%B1%D8%A8%D8%A7%D8%B9%D9%8A_%D9%85%D8%A7%D9%83%D9%8A%D9%86%D9%87_2_0/"}
[2026-02-16 09:12:32] [AD] [INFO] Captured GraphQL comments {"postId":"175549027"}
[2026-02-16 09:12:33] [AD] [INFO] Opening contact modal {"postId":"175549025"}
[2026-02-16 09:12:33] [AD] [INFO] Opening contact modal {"postId":"175549027"}
[2026-02-16 09:12:33] [AD] [INFO] Captured GraphQL posts {"postId":"175549020"}
[2026-02-16 09:12:33] [AD] [INFO] Captured GraphQL comments {"postId":"175549020"}
[2026-02-16 09:12:34] [AD] [INFO] Opening contact modal {"postId":"175549020"}
[2026-02-16 09:12:35] [AD] [INFO] Contact extracted {"postId":"175549027","phone":"+966556664786","href":"tel:+966556664786"}
[2026-02-16 09:12:35] [AD] [INFO] Closing ad tab {"postId":"175549027"}
[2026-02-16 09:12:35] [AD] [INFO] Contact extracted {"postId":"175549020","phone":"+966539919994","href":"tel:+966539919994"}
[2026-02-16 09:12:35] [AD] [INFO] Contact extracted {"postId":"175549025","phone":"+966540965906","href":"tel:+966540965906"}
[2026-02-16 09:12:35] [AD] [INFO] Closing ad tab {"postId":"175549020"}
[2026-02-16 09:12:35] [AD] [INFO] Closing ad tab {"postId":"175549025"}
[2026-02-16 09:12:35] [AD] [INFO] Open ad (new tab) {"postId":"175549017","url":"https://haraj.com.sa/11175549017/%D9%8A%D8%A7%D8%B1%D8%B3_2026_%D8%A7%D8%B3%D8%AA%D8%A7%D9%86%D8%AF%D8%B1/"}
[2026-02-16 09:12:35] [AD] [INFO] Open ad (new tab) {"postId":"69320865","url":"https://haraj.com.sa/1169320865/%D8%AC%D9%86%D8%A7%D8%AD_%D8%A7%D9%84%D8%B4%D9%86%D8%B7%D8%A9_%D9%88%D8%A7%D9%83%D8%B3%D8%B3%D9%88%D8%A7%D8%B1%D8%A7%D8%AA_%D9%85%D8%B1%D8%B3%D9%8A%D8%AF%D8%B3_%D8%AC%D9%85%D9%8A%D8%B9_%D8%A7%D9%84%D9%81%D8%A6%D8%A7%D8%AA/"}
[2026-02-16 09:12:36] [AD] [INFO] Open ad (new tab) {"postId":"85974552","url":"https://haraj.com.sa/1185974552/%D8%AA%D9%88%D9%8A%D9%88%D8%AA%D8%A7_%D9%84%D8%A7%D9%86%D8%AF%D9%83%D8%B1%D9%88%D8%B2%D8%B1_2013_%D9%88%D9%83%D8%A7%D9%84%D8%A9_%D9%85%D8%AE%D8%B2%D9%86_%D9%85%D8%A8%D8%A7%D8%B9/"}
[2026-02-16 09:12:38] [AD] [INFO] Captured GraphQL posts {"postId":"85974552"}
[2026-02-16 09:12:38] [AD] [INFO] Captured GraphQL comments {"postId":"85974552"}
[2026-02-16 09:12:38] [AD] [INFO] Captured GraphQL posts {"postId":"69320865"}
[2026-02-16 09:12:39] [AD] [INFO] Captured GraphQL posts {"postId":"175549017"}
[2026-02-16 09:12:39] [AD] [INFO] Captured GraphQL comments {"postId":"175549017"}
[2026-02-16 09:12:39] [AD] [INFO] Captured GraphQL comments {"postId":"69320865"}
[2026-02-16 09:12:40] [AD] [INFO] Opening contact modal {"postId":"85974552"}
[2026-02-16 09:12:40] [AD] [INFO] Opening contact modal {"postId":"175549017"}
[2026-02-16 09:12:40] [AD] [INFO] Contact extracted {"postId":"85974552","phone":"0000000000","href":"tel:"}
[2026-02-16 09:12:40] [AD] [INFO] Closing ad tab {"postId":"85974552"}
[2026-02-16 09:12:40] [AD] [INFO] Open ad (new tab) {"postId":"175549016","url":"https://haraj.com.sa/11175549016/%D8%A7%D9%8A%D8%B3%D9%88%D8%B2%D9%88_MUX_2026_%D9%81%D9%84_%D9%83%D8%A7%D9%85%D9%84_%D8%AF%D8%A8%D9%84%D9%85%D8%B9%D8%AA%D9%85%D8%AF%D9%8A%D9%86_%D8%B9%D9%84%D9%89_%D8%AC%D9%85%D9%8A%D8%B9_%D8%A7%D9%84%D8%A8%D9%86%D9%88%D9%83_/"}
[2026-02-16 09:12:40] [AD] [INFO] Opening contact modal {"postId":"69320865"}
[2026-02-16 09:12:41] [AD] [INFO] Contact extracted {"postId":"69320865","phone":"+966565001408","href":"tel:+966565001408"}
[2026-02-16 09:12:41] [AD] [INFO] Closing ad tab {"postId":"69320865"}
[2026-02-16 09:12:41] [AD] [INFO] Contact extracted {"postId":"175549017","phone":"+966598891212","href":"tel:+966598891212"}
[2026-02-16 09:12:41] [AD] [INFO] Closing ad tab {"postId":"175549017"}
[2026-02-16 09:12:42] [AD] [INFO] Open ad (new tab) {"postId":"175549015","url":"https://haraj.com.sa/11175549015/%D8%AE%D8%AF%D9%85%D9%87_%D9%81%D8%AD%D8%B5_%D8%B3%D9%8A%D8%A7%D8%B1%D8%A7%D8%AA_%D9%88%D9%86%D9%82%D9%84%D9%87%D8%A7/"}
[2026-02-16 09:12:42] [AD] [INFO] Open ad (new tab) {"postId":"175549014","url":"https://haraj.com.sa/11175549014/%D9%84%D9%88%D8%B3%D9%8A%D8%AF_2024/"}
[2026-02-16 09:12:44] [AD] [INFO] Captured GraphQL posts {"postId":"175549016"}
[2026-02-16 09:34:25] [AD] [INFO] Open ad (new tab) {"postId":"175550081","url":"https://haraj.com.sa/11175550081/%D9%81%D9%8A_%D8%A7%D9%83%D8%B3_%D8%A7%D8%B1_2026_%D8%A8%D8%B1%D9%8A%D9%85%D9%8A_%D9%81%D9%84_%D9%83%D8%A7%D9%85%D9%84_%D8%AA%D9%88%D9%8A%D9%86_%D8%AA%D9%8A%D8%B1%D8%A8%D9%88_%D8%A7%D9%84%D9%84%D9%88%D9%86_%D8%A7%D8%B3%D9%88%D8%AF/"}
[2026-02-16 09:34:25] [AD] [INFO] Open ad (new tab) {"postId":"175550079","url":"https://haraj.com.sa/11175550079/%D9%8A%D9%88%D9%83%D9%86_%D8%AF%D9%8A%D9%86%D8%A7%D9%84%D9%8A_2010_%D9%86%D8%B8%D9%8A%D9%81/"}
[2026-02-16 09:34:27] [AD] [INFO] Open ad (new tab) {"postId":"175550078","url":"https://haraj.com.sa/11175550078/%D8%B4%D8%A7%D9%86%D8%AC%D8%A7%D9%86_CS35_%D9%84%D9%8A%D9%85%D8%AA%D9%8A%D8%AF_%D8%A8%D9%84%D8%B3_%D9%85%D9%88%D8%AF%D9%8A%D9%84_2026/"}
[2026-02-16 09:34:29] [AD] [INFO] Captured GraphQL posts {"postId":"175550078"}
[2026-02-16 09:34:30] [AD] [INFO] Captured GraphQL comments {"postId":"175550078"}
[2026-02-16 09:34:30] [AD] [INFO] Captured GraphQL posts {"postId":"175550079"}
[2026-02-16 09:34:30] [AD] [INFO] Captured GraphQL comments {"postId":"175550079"}
[2026-02-16 09:34:30] [AD] [INFO] Captured GraphQL posts {"postId":"175550081"}
[2026-02-16 09:34:31] [AD] [INFO] Opening contact modal {"postId":"175550078"}
[2026-02-16 09:34:31] [AD] [INFO] Captured GraphQL comments {"postId":"175550081"}
[2026-02-16 09:34:31] [AD] [INFO] Contact extracted {"postId":"175550078","phone":"+966507474984","href":"tel:+966507474984"}
[2026-02-16 09:34:31] [AD] [INFO] Closing ad tab {"postId":"175550078"}
[2026-02-16 09:34:32] [AD] [INFO] Opening contact modal {"postId":"175550079"}
[2026-02-16 09:34:32] [AD] [INFO] Open ad (new tab) {"postId":"175550075","url":"https://haraj.com.sa/11175550075/%D9%83%D9%8A%D8%A7_k5_2020%D8%A8%D9%86%D8%B2%D9%8A%D9%86%D9%86%D8%B5_%D9%81%D9%84/"}
[2026-02-16 09:34:32] [AD] [INFO] Contact extracted {"postId":"175550079","phone":"+966555564579","href":"tel:+966555564579"}
[2026-02-16 09:34:32] [AD] [INFO] Closing ad tab {"postId":"175550079"}
[2026-02-16 09:34:33] [AD] [INFO] Open ad (new tab) {"postId":"175550074","url":"https://haraj.com.sa/11175550074/%D9%84%D8%A7%D9%86%D8%AF%D9%83%D8%B1%D9%88%D8%B2%D8%B1_GXR_L2_L3_L4_%D8%B3%D8%B9%D9%88%D8%AF%D9%8A_%D8%AF%D8%A8%D9%84_%D8%A8%D9%86%D8%B2%D9%8A%D9%86_%D8%AA%D9%85%D8%A7%D8%AA%D9%8A%D9%83_2026/"}
[2026-02-16 09:34:33] [AD] [INFO] Opening contact modal {"postId":"175550081"}
[2026-02-16 09:34:34] [AD] [INFO] Captured GraphQL posts {"postId":"175550075"}
[2026-02-16 09:34:34] [AD] [INFO] Captured GraphQL posts {"postId":"175550074"}
[2026-02-16 09:34:35] [AD] [INFO] Captured GraphQL comments {"postId":"175550075"}
[2026-02-16 09:34:35] [AD] [INFO] Captured GraphQL comments {"postId":"175550074"}
[2026-02-16 09:34:35] [AD] [INFO] Contact extracted {"postId":"175550081","phone":"+966500099852","href":"tel:+966500099852"}
[2026-02-16 09:34:35] [AD] [INFO] Closing ad tab {"postId":"175550081"}
[2026-02-16 09:34:36] [AD] [INFO] Opening contact modal {"postId":"175550074"}
[2026-02-16 09:34:36] [AD] [INFO] Open ad (new tab) {"postId":"85974552","url":"https://haraj.com.sa/1185974552/%D8%AA%D9%88%D9%8A%D9%88%D8%AA%D8%A7_%D9%84%D8%A7%D9%86%D8%AF%D9%83%D8%B1%D9%88%D8%B2%D8%B1_2013_%D9%88%D9%83%D8%A7%D9%84%D8%A9_%D9%85%D8%AE%D8%B2%D9%86_%D9%85%D8%A8%D8%A7%D8%B9/"}
[2026-02-16 09:34:36] [AD] [INFO] Opening contact modal {"postId":"175550075"}
[2026-02-16 09:34:36] [AD] [INFO] Contact extracted {"postId":"175550074","phone":"+966597714861","href":"tel:+966597714861"}
[2026-02-16 09:34:36] [AD] [INFO] Closing ad tab {"postId":"175550074"}
[2026-02-16 09:34:37] [AD] [INFO] Open ad (new tab) {"postId":"69320865","url":"https://haraj.com.sa/1169320865/%D8%AC%D9%86%D8%A7%D8%AD_%D8%A7%D9%84%D8%B4%D9%86%D8%B7%D8%A9_%D9%88%D8%A7%D9%83%D8%B3%D8%B3%D9%88%D8%A7%D8%B1%D8%A7%D8%AA_%D9%85%D8%B1%D8%B3%D9%8A%D8%AF%D8%B3_%D8%AC%D9%85%D9%8A%D8%B9_%D8%A7%D9%84%D9%81%D8%A6%D8%A7%D8%AA/"}
[2026-02-16 09:34:39] [AD] [INFO] Captured GraphQL posts {"postId":"69320865"}
[2026-02-16 09:34:39] [AD] [INFO] Contact extracted {"postId":"175550075","phone":"+966564992832","href":"tel:+966564992832"}
[2026-02-16 09:34:39] [AD] [INFO] Closing ad tab {"postId":"175550075"}
[2026-02-16 09:34:39] [AD] [INFO] Open ad (new tab) {"postId":"175550073","url":"https://haraj.com.sa/11175550073/%D9%87%D9%8A%D9%88%D9%86%D8%AF%D8%A7%D9%8A_%D8%A7%D9%83%D8%B3%D9%86%D8%AA_%D9%81%D9%84%D9%8A%D8%AA_%D8%A7%D8%B3%D8%AA%D8%A7%D9%86%D8%AF%D8%B1_2026_%D9%83%D8%A7%D8%B4_%D9%88%D8%AA%D9%82%D8%B3%D9%8A%D8%B7/"}
[2026-02-16 09:34:39] [AD] [INFO] Captured GraphQL posts {"postId":"85974552"}
[2026-02-16 09:34:40] [AD] [INFO] Captured GraphQL comments {"postId":"69320865"}
[2026-02-16 09:34:40] [AD] [INFO] Captured GraphQL comments {"postId":"85974552"}
[2026-02-16 09:34:41] [AD] [INFO] Captured GraphQL posts {"postId":"175550073"}
[2026-02-16 09:34:41] [AD] [INFO] Captured GraphQL comments {"postId":"175550073"}
[2026-02-16 09:34:41] [AD] [INFO] Opening contact modal {"postId":"69320865"}
[2026-02-16 09:34:41] [AD] [INFO] Opening contact modal {"postId":"85974552"}
[2026-02-16 09:34:42] [AD] [INFO] Opening contact modal {"postId":"175550073"}
[2026-02-16 09:34:42] [AD] [INFO] Contact extracted {"postId":"175550073","phone":"+966559954271","href":"tel:+966559954271"}
[2026-02-16 09:34:42] [AD] [INFO] Closing ad tab {"postId":"175550073"}
[2026-02-16 09:34:43] [AD] [INFO] Contact extracted {"postId":"69320865","phone":"+966565001408","href":"tel:+966565001408"}
[2026-02-16 09:34:43] [AD] [INFO] Closing ad tab {"postId":"69320865"}
[2026-02-16 09:34:43] [AD] [INFO] Open ad (new tab) {"postId":"175550071","url":"https://haraj.com.sa/11175550071/%D9%87%D9%88%D9%86%D8%AF%D8%A7%D9%8A_%D9%81%D9%8A%D9%86%D9%8A%D9%88_%D8%B3%D9%85%D8%A7%D8%B1%D8%AA_2025%D8%B9%D8%B1%D8%B6_%D8%AE%D8%A7%D8%B5_52900%D8%B1%D9%8A%D8%A7%D9%84_%D8%B4%D8%A7%D9%85%D9%84_%D8%A7%D9%84%D8%B6%D8%B1%D9%8A%D8%A8%D8%A9/"}
[2026-02-16 09:34:43] [AD] [INFO] Open ad (new tab) {"postId":"175550069","url":"https://haraj.com.sa/11175550069/%D9%8A%D8%A7%D8%B1%D8%B3_2022_%D8%B3%D8%B9%D9%88%D8%AF%D9%8A/"}
[2026-02-16 09:34:43] [AD] [INFO] Contact extracted {"postId":"85974552","phone":"0000000000","href":"tel:"}
[2026-02-16 09:34:43] [AD] [INFO] Closing ad tab {"postId":"85974552"}
[2026-02-16 09:34:44] [AD] [INFO] Open ad (new tab) {"postId":"175550068","url":"https://haraj.com.sa/11175550068/%D8%B1%D8%A7%D9%81%D8%B9%D8%A7%D8%AA_%D8%B4%D9%88%D9%83%D9%8A%D9%87_%D9%81%D8%B1%D9%83%D9%84%D9%81%D8%AA_%D9%84%D9%84%D8%A7%D9%8A%D8%AC%D8%A7%D8%B1_%D9%83%D8%B1%D9%8A%D9%86%D8%A7%D8%AA_%D8%B3%D9%8A%D8%B2%D8%B1%D8%A7%D8%AA_%D9%84%D9%84%D8%A7%D9%8A%D8%AC%D8%A7%D8%B1/"}
[2026-02-16 09:34:46] [AD] [INFO] Captured GraphQL posts {"postId":"175550068"}
[2026-02-16 09:34:47] [AD] [INFO] Captured GraphQL posts {"postId":"175550069"}
[2026-02-16 09:34:47] [AD] [INFO] Captured GraphQL comments {"postId":"175550068"}
[2026-02-16 09:34:47] [AD] [INFO] Captured GraphQL posts {"postId":"175550071"}
[2026-02-16 09:34:47] [AD] [INFO] Captured GraphQL comments {"postId":"175550069"}
[2026-02-16 09:34:47] [AD] [INFO] Captured GraphQL comments {"postId":"175550071"}
[2026-02-16 09:34:48] [AD] [INFO] Opening contact modal {"postId":"175550068"}
[2026-02-16 09:34:48] [AD] [INFO] Opening contact modal {"postId":"175550069"}
[2026-02-16 09:34:48] [AD] [INFO] Opening contact modal {"postId":"175550071"}
[2026-02-16 09:34:50] [AD] [INFO] Contact extracted {"postId":"175550071","phone":"+966537644776","href":"tel:+966537644776"}
[2026-02-16 09:34:50] [AD] [INFO] Closing ad tab {"postId":"175550071"}
[2026-02-16 09:34:50] [AD] [INFO] Open ad (new tab) {"postId":"175550066","url":"https://haraj.com.sa/11175550066/%D8%AA%D9%88%D9%8A%D9%88%D8%AA%D8%A7_%D9%81%D9%8A%D9%84%D9%88%D8%B2_%D9%85%D9%88%D8%AF%D9%8A%D9%84_2026_%D9%83%D8%A7%D8%B4_%D9%88%D8%A7%D9%82%D8%B3%D8%A7%D8%B7_%D8%A8%D8%A7%D9%82%D9%84_%D8%B3%D8%B9%D8%B1/"}
[2026-02-16 09:34:50] [AD] [INFO] Contact extracted {"postId":"175550069","phone":"+966506199055","href":"tel:+966506199055"}
[2026-02-16 09:34:50] [AD] [INFO] Closing ad tab {"postId":"175550069"}
[2026-02-16 09:34:51] [AD] [INFO] Open ad (new tab) {"postId":"175550064","url":"https://haraj.com.sa/11175550064/%D9%87%D8%A7%D9%8A%D9%84%D9%83%D8%B3_%D8%BA%D9%85%D8%A7%D8%B1%D8%AA%D9%8A%D9%86_%D8%A8%D8%AF%D9%88%D9%86_%D8%AF%D8%A8%D9%84_%D8%AF%D9%8A%D8%B2%D9%84_%D9%85%D9%88%D8%AF%D9%8A%D9%84_2025_%D8%AD%D8%A8%D9%87_%D9%81%D9%82%D8%B7/"}
[2026-02-16 09:34:51] [AD] [INFO] Contact extracted {"postId":"175550068","phone":"+966506325549","href":"tel:+966506325549"}
[2026-02-16 09:34:51] [AD] [INFO] Closing ad tab {"postId":"175550068"}
[2026-02-16 09:34:52] [AD] [INFO] Open ad (new tab) {"postId":"175550059","url":"https://haraj.com.sa/11175550059/%D8%AA%D9%88%D9%8A%D9%88%D8%AA%D8%A7_%D8%AC%D9%8A_%D8%A7%D9%83%D8%B3_%D8%A7%D8%B1_4_2026_%D8%A7%D8%B3%D9%88%D8%AF_%D8%A8%D9%86%D8%B2%D9%8A%D9%86_%D8%B3%D8%B9%D9%88%D8%AF%D9%8A/"}
[2026-02-16 09:34:54] [AD] [INFO] Captured GraphQL posts {"postId":"175550059"}
[2026-02-16 09:34:54] [AD] [INFO] Captured GraphQL posts {"postId":"175550066"}
[2026-02-16 09:34:54] [AD] [INFO] Captured GraphQL posts {"postId":"175550064"}
[2026-02-16 09:34:54] [AD] [INFO] Captured GraphQL comments {"postId":"175550066"}
[2026-02-16 09:34:54] [AD] [INFO] Captured GraphQL comments {"postId":"175550064"}
[2026-02-16 09:34:54] [AD] [INFO] Captured GraphQL comments {"postId":"175550059"}
[2026-02-16 09:34:55] [AD] [INFO] Opening contact modal {"postId":"175550066"}
[2026-02-16 09:34:55] [AD] [INFO] Opening contact modal {"postId":"175550064"}
[2026-02-16 09:34:55] [AD] [INFO] Opening contact modal {"postId":"175550059"}
[2026-02-16 09:34:58] [AD] [INFO] Contact extracted {"postId":"175550066","phone":"+966544761542","href":"tel:+966544761542"}
[2026-02-16 09:34:58] [AD] [INFO] Closing ad tab {"postId":"175550066"}
[2026-02-16 09:34:58] [AD] [INFO] Contact extracted {"postId":"175550064","phone":"+966595329988","href":"tel:+966595329988"}
[2026-02-16 09:34:58] [AD] [INFO] Closing ad tab {"postId":"175550064"}
[2026-02-16 09:34:58] [AD] [INFO] Contact extracted {"postId":"175550059","phone":"+966500386922","href":"tel:+966500386922"}
[2026-02-16 09:34:58] [AD] [INFO] Closing ad tab {"postId":"175550059"}
[2026-02-16 09:34:58] [AD] [INFO] Open ad (new tab) {"postId":"175550049","url":"https://haraj.com.sa/11175550049/%D8%AA%D9%88%D9%8A%D9%88%D8%AA%D8%A7_%D8%B1%D8%A7%D9%8A%D8%B2_%D8%B3%D8%AA%D8%A7%D9%86%D8%AF%D8%B1_%D9%88%D9%81%D9%84_2026/"}
[2026-02-16 09:34:58] [AD] [INFO] Open ad (new tab) {"postId":"175550056","url":"https://haraj.com.sa/11175550056/%D9%81%D9%88%D8%B1%D8%AF_%D8%AA%D8%B1%D9%8A_%D8%AA%D9%88%D8%B1%D9%89_%D8%A7%D9%85%D8%A8%D9%8A%D8%A7%D9%86%D8%AA%D9%8A_%D9%85%D9%88%D8%AF%D9%8A%D9%84_2026/"}
[2026-02-16 09:34:59] [AD] [INFO] Open ad (new tab) {"postId":"175550051","url":"https://haraj.com.sa/11175550051/%D9%87%D9%8A%D9%88%D9%86%D8%AF%D8%A7%D9%8A_%D9%83%D8%B1%D9%8A%D8%AA%D8%A7_2025_%D9%83%D9%85%D9%81%D9%88%D8%B1%D8%AA_%D9%86%D8%B5_%D9%81%D9%84_%D8%B3%D8%B9%D9%88%D8%AF%D9%8A/"}
[2026-02-16 09:35:01] [AD] [INFO] Captured GraphQL posts {"postId":"175550051"}
[2026-02-16 09:35:01] [AD] [INFO] Captured GraphQL posts {"postId":"175550056"}
[2026-02-16 09:35:01] [AD] [INFO] Captured GraphQL posts {"postId":"175550049"}
[2026-02-16 09:35:01] [AD] [INFO] Captured GraphQL comments {"postId":"175550056"}
[2026-02-16 09:35:01] [AD] [INFO] Captured GraphQL comments {"postId":"175550049"}
[2026-02-16 09:35:01] [AD] [INFO] Captured GraphQL comments {"postId":"175550051"}
[2026-02-16 09:35:02] [AD] [INFO] Opening contact modal {"postId":"175550056"}
[2026-02-16 09:35:02] [AD] [INFO] Opening contact modal {"postId":"175550049"}
[2026-02-16 09:35:02] [AD] [INFO] Opening contact modal {"postId":"175550051"}
[2026-02-16 09:35:03] [AD] [INFO] Contact extracted {"postId":"175550056","phone":"+966509412880","href":"tel:+966509412880"}
[2026-02-16 09:35:03] [AD] [INFO] Closing ad tab {"postId":"175550056"}
[2026-02-16 09:35:04] [AD] [INFO] Open ad (new tab) {"postId":"175550048","url":"https://haraj.com.sa/11175550048/%D9%87%D9%88%D9%86%D8%AF%D8%A7_HRV_LX_%D9%86%D8%B5_%D9%81%D9%84_2025_%D8%AC%D9%85%D9%8A%D8%B9_%D8%A7%D9%84%D8%A7%D9%84%D9%88%D8%A7%D9%86/"}
[2026-02-16 09:35:04] [AD] [INFO] Contact extracted {"postId":"175550051","phone":"+966547355285","href":"tel:+966547355285"}
[2026-02-16 09:35:04] [AD] [INFO] Closing ad tab {"postId":"175550051"}
[2026-02-16 09:35:04] [AD] [INFO] Open ad (new tab) {"postId":"175550047","url":"https://haraj.com.sa/11175550047/%D9%84%D9%88%D8%AD%D8%AA%D9%8A%D9%86_%D8%AE%D8%B5%D9%88%D8%B5%D9%8A_%D9%85%D9%85%D9%8A%D8%B2%D9%87_%D9%84%D9%84%D8%A8%D9%8A%D8%B9_%D8%A8_%D8%B3_%D9%85/"}
[2026-02-16 09:35:05] [AD] [INFO] Contact extracted {"postId":"175550049","phone":"+966564071550","href":"tel:+966564071550"}
[2026-02-16 09:35:06] [AD] [INFO] Closing ad tab {"postId":"175550049"}
[2026-02-16 09:35:06] [AD] [INFO] Open ad (new tab) {"postId":"175550046","url":"https://haraj.com.sa/11175550046/%D9%84%D9%83%D8%B2%D8%B3_LX600_%D9%81%D8%A6%D8%A9_BB_%D9%85%D9%88%D8%AF%D9%8A%D9%84_2024_%D8%AC%D8%AF%D9%8A%D8%AF_%D8%B3%D8%B9%D9%88%D8%AF%D9%8A/"}
[2026-02-16 09:35:07] [AD] [INFO] Captured GraphQL posts {"postId":"175550047"}
[2026-02-16 09:35:08] [AD] [INFO] Captured GraphQL posts {"postId":"175550048"}
[2026-02-16 09:35:08] [AD] [INFO] Captured GraphQL posts {"postId":"175550046"}
[2026-02-16 09:35:08] [AD] [INFO] Captured GraphQL comments {"postId":"175550047"}
[2026-02-16 09:35:08] [AD] [INFO] Captured GraphQL comments {"postId":"175550046"}
[2026-02-16 09:35:09] [AD] [INFO] Captured GraphQL comments {"postId":"175550048"}
[2026-02-16 09:35:09] [AD] [INFO] Opening contact modal {"postId":"175550047"}
[2026-02-16 09:35:09] [AD] [INFO] Opening contact modal {"postId":"175550046"}
[2026-02-16 09:35:10] [AD] [INFO] Opening contact modal {"postId":"175550048"}
[2026-02-16 09:35:10] [AD] [INFO] Contact extracted {"postId":"175550046","phone":"+966500817015","href":"tel:+966500817015"}
[2026-02-16 09:35:10] [AD] [INFO] Closing ad tab {"postId":"175550046"}
[2026-02-16 09:35:10] [AD] [INFO] Contact extracted {"postId":"175550047","phone":"+966532679558","href":"tel:+966532679558"}
[2026-02-16 09:35:10] [AD] [INFO] Closing ad tab {"postId":"175550047"}
[2026-02-16 09:35:10] [AD] [INFO] Contact extracted {"postId":"175550048","phone":"+966533375802","href":"tel:+966533375802"}
[2026-02-16 09:35:10] [AD] [INFO] Closing ad tab {"postId":"175550048"}
[2026-02-16 09:35:12] [AD] [INFO] Refresh comments {"postId":"11175550078","url":"https://haraj.com.sa/11175550078"}
[2026-02-16 09:35:18] [AD] [INFO] Refresh comments {"postId":"11175550079","url":"https://haraj.com.sa/11175550079"}
[2026-02-16 09:35:22] [AD] [INFO] Open ad (new tab) {"postId":"175550116","url":"https://haraj.com.sa/11175550116/%D8%AA%D9%88%D9%8A%D9%88%D8%AA%D8%A7_%D9%84%D8%A7%D9%86%D8%AF%D9%83%D8%B1%D9%88%D8%B2%D8%B1_4_L%D8%A8%D9%86%D8%B2%D9%8A%D9%86_2026_%D8%B3%D8%B9%D9%88%D8%AF%D9%89_%D9%83%D8%A7%D8%B4_%D9%88%D8%AA%D9%82%D9%8A%D8%B3%D8%B7/"}
[2026-02-16 09:35:24] [AD] [INFO] Refresh comments {"postId":"11175550081","url":"https://haraj.com.sa/11175550081"}
[2026-02-16 09:35:24] [AD] [INFO] Open ad (new tab) {"postId":"175550124","url":"https://haraj.com.sa/11175550124/%D8%AA%D9%88%D9%8A%D9%88%D8%AA%D8%A7_%D9%87%D8%A7%D9%8A%D9%84%D8%A7%D9%86%D8%AF%D8%B1_GLE_%D9%87%D8%A7%D9%8A%D8%A8%D8%B1%D8%AF_2025_%D8%A7%D8%B5%D9%81%D8%A7%D8%B1_%D8%B3%D8%B9%D9%88%D8%AF/"}
[2026-02-16 09:35:25] [AD] [INFO] Open ad (new tab) {"postId":"175550117","url":"https://haraj.com.sa/11175550117/%D9%81%D9%88%D8%B1%D8%AF_%D8%AA%D9%88%D8%B1%D8%B3_%D8%AC%D9%85%D9%8A%D8%B9_%D8%A7%D9%84%D8%A3%D9%84%D9%88%D8%A7%D9%86_%D8%A7%D9%84%D8%B4%D9%83%D9%84_%D8%A7%D9%84%D8%AC%D8%AF%D9%8A%D8%AF_2026/"}
[2026-02-16 09:35:29] [AD] [INFO] Captured GraphQL posts {"postId":"175550117"}
[2026-02-16 09:35:29] [AD] [INFO] Captured GraphQL comments {"postId":"175550117"}
[2026-02-16 09:35:30] [AD] [INFO] Opening contact modal {"postId":"175550117"}
[2026-02-16 09:35:31] [AD] [INFO] Refresh comments {"postId":"11175550074","url":"https://haraj.com.sa/11175550074"}
[2026-02-16 09:35:31] [AD] [INFO] Contact extracted {"postId":"175550117","phone":"+966509744720","href":"tel:+966509744720"}
[2026-02-16 09:35:31] [AD] [INFO] Closing ad tab {"postId":"175550117"}
[2026-02-16 09:35:33] [AD] [INFO] Captured GraphQL posts {"postId":"175550116"}
[2026-02-16 09:35:34] [AD] [INFO] Captured GraphQL comments {"postId":"175550116"}
[2026-02-16 09:35:35] [AD] [INFO] Refresh comments {"postId":"11175550075","url":"https://haraj.com.sa/11175550075"}
[2026-02-16 09:35:35] [AD] [INFO] Open ad (new tab) {"postId":"175550114","url":"https://haraj.com.sa/11175550114/%D9%84%D9%84%D8%A8%D9%8A%D8%B9_%D8%AF%D9%88%D9%85%D8%A9_%D8%A7%D9%84%D8%AC%D9%86%D8%AF%D9%84/"}
[2026-02-16 09:35:35] [AD] [INFO] Captured GraphQL posts {"postId":"175550124"}
[2026-02-16 09:35:35] [AD] [INFO] Opening contact modal {"postId":"175550116"}
[2026-02-16 09:35:37] [AD] [INFO] Captured GraphQL comments {"postId":"175550124"}
[2026-02-16 09:35:37] [AD] [INFO] Captured GraphQL posts {"postId":"175550114"}
[2026-02-16 09:35:38] [AD] [INFO] Captured GraphQL comments {"postId":"175550114"}
[2026-02-16 09:35:38] [AD] [INFO] Contact extracted {"postId":"175550116","phone":"+966546006028","href":"tel:+966546006028"}
[2026-02-16 09:35:38] [AD] [INFO] Closing ad tab {"postId":"175550116"}
[2026-02-16 09:35:38] [AD] [INFO] Opening contact modal {"postId":"175550114"}
[2026-02-16 09:35:39] [AD] [INFO] Opening contact modal {"postId":"175550124"}
[2026-02-16 09:35:39] [AD] [INFO] Open ad (new tab) {"postId":"175550113","url":"https://haraj.com.sa/11175550113/%D9%83%D9%8A%D8%A7_%D8%B3%D8%A8%D9%88%D8%B1%D8%AA%D8%A7%D8%AC_%D9%86%D8%B5_%D9%81%D9%84_GLS_%D9%84%D8%A7%D8%B1%D8%AC_1_5_%D9%85%D9%88%D8%AF%D9%8A%D9%84_2026_%D9%85%D8%AA%D8%A7%D8%AD_%D8%A7%D9%84%D9%88%D8%A7%D9%86/"}
[2026-02-16 09:35:39] [AD] [INFO] Refresh comments {"postId":"11175550073","url":"https://haraj.com.sa/11175550073"}
[2026-02-16 09:35:41] [AD] [INFO] Contact extracted {"postId":"175550114","phone":"+966530543591","href":"tel:+966530543591"}
[2026-02-16 09:35:41] [AD] [INFO] Contact extracted {"postId":"175550124","phone":"+966509744720","href":"tel:+966509744720"}
[2026-02-16 09:35:41] [AD] [INFO] Captured GraphQL posts {"postId":"175550113"}
[2026-02-16 09:35:42] [AD] [INFO] Closing ad tab {"postId":"175550124"}
[2026-02-16 09:35:42] [AD] [INFO] Closing ad tab {"postId":"175550114"}
[2026-02-16 09:35:42] [AD] [INFO] Open ad (new tab) {"postId":"85974552","url":"https://haraj.com.sa/1185974552/%D8%AA%D9%88%D9%8A%D9%88%D8%AA%D8%A7_%D9%84%D8%A7%D9%86%D8%AF%D9%83%D8%B1%D9%88%D8%B2%D8%B1_2013_%D9%88%D9%83%D8%A7%D9%84%D8%A9_%D9%85%D8%AE%D8%B2%D9%86_%D9%85%D8%A8%D8%A7%D8%B9/"}
[2026-02-16 09:35:43] [AD] [INFO] Refresh comments {"postId":"1169320865","url":"https://haraj.com.sa/1169320865"}
[2026-02-16 09:35:45] [AD] [INFO] Captured GraphQL comments {"postId":"175550113"}
[2026-02-16 09:35:45] [AD] [INFO] Captured GraphQL posts {"postId":"85974552"}
[2026-02-16 09:35:46] [AD] [INFO] Captured GraphQL comments {"postId":"85974552"}
[2026-02-16 09:35:46] [AD] [INFO] Opening contact modal {"postId":"175550113"}
[2026-02-16 09:35:46] [AD] [INFO] Open ad (new tab) {"postId":"69320865","url":"https://haraj.com.sa/1169320865/%D8%AC%D9%86%D8%A7%D8%AD_%D8%A7%D9%84%D8%B4%D9%86%D8%B7%D8%A9_%D9%88%D8%A7%D9%83%D8%B3%D8%B3%D9%88%D8%A7%D8%B1%D8%A7%D8%AA_%D9%85%D8%B1%D8%B3%D9%8A%D8%AF%D8%B3_%D8%AC%D9%85%D9%8A%D8%B9_%D8%A7%D9%84%D9%81%D8%A6%D8%A7%D8%AA/"}
[2026-02-16 09:35:47] [AD] [INFO] Opening contact modal {"postId":"85974552"}
[2026-02-16 09:35:47] [AD] [INFO] Refresh comments {"postId":"1185974552","url":"https://haraj.com.sa/1185974552"}
[2026-02-16 09:35:49] [AD] [INFO] Contact extracted {"postId":"175550113","phone":"+966536956180","href":"tel:+966536956180"}
[2026-02-16 09:35:49] [AD] [INFO] Closing ad tab {"postId":"175550113"}
[2026-02-16 09:35:50] [AD] [INFO] Open ad (new tab) {"postId":"175550112","url":"https://haraj.com.sa/11175550112/%D8%B1%D9%86%D8%AC_%D8%B1%D9%88%D9%81%D8%B1_2024/"}
[2026-02-16 09:35:52] [AD] [INFO] Refresh comments {"postId":"11175550071","url":"https://haraj.com.sa/11175550071"}
[2026-02-16 09:35:55] [AD] [INFO] Captured GraphQL posts {"postId":"175550112"}
[2026-02-16 09:35:57] [AD] [INFO] Captured GraphQL comments {"postId":"175550112"}
[2026-02-16 09:35:57] [AD] [INFO] Contact extracted {"postId":"85974552","phone":"0000000000","href":"tel:"}
[2026-02-16 09:35:57] [AD] [INFO] Closing ad tab {"postId":"85974552"}
[2026-02-16 09:35:58] [AD] [INFO] Opening contact modal {"postId":"175550112"}
[2026-02-16 09:35:58] [AD] [INFO] Captured GraphQL posts {"postId":"69320865"}
[2026-02-16 09:35:58] [AD] [INFO] Open ad (new tab) {"postId":"175550109","url":"https://haraj.com.sa/11175550109/%D8%AA%D9%88%D9%8A%D9%88%D8%AA%D8%A7_%D8%A8%D8%A7%D8%B5_%D8%B1%D9%83%D8%A7%D8%A8_%D9%85%D9%88%D8%AF%D9%8A%D9%84_2018_%D8%B3%D8%B9%D9%88%D8%AF%D9%8A_%D9%82%D9%8A%D8%B1_%D8%B9%D8%A7%D8%AF%D9%8A_%D8%AF%D9%8A%D8%B2%D9%84_%D8%B4%D8%A7%D9%85%D9%84_%D8%A7%D9%84%D8%B6%D8%B1%D9%8A%D8%A8%D8%A9/"}
[2026-02-16 09:36:00] [AD] [INFO] Refresh comments {"postId":"11175550069","url":"https://haraj.com.sa/11175550069"}
[2026-02-16 09:36:02] [AD] [INFO] Contact extracted {"postId":"175550112","phone":"+966541845077","href":"tel:+966541845077"}
[2026-02-16 09:36:03] [AD] [INFO] Captured GraphQL posts {"postId":"175550109"}
[2026-02-16 09:36:03] [AD] [INFO] Captured GraphQL comments {"postId":"175550109"}
[2026-02-16 09:36:03] [AD] [INFO] Closing ad tab {"postId":"175550112"}
[2026-02-16 09:36:05] [AD] [INFO] Refresh comments {"postId":"11175550068","url":"https://haraj.com.sa/11175550068"}
[2026-02-16 09:36:05] [AD] [INFO] Opening contact modal {"postId":"175550109"}
[2026-02-16 09:36:06] [AD] [INFO] Open ad (new tab) {"postId":"175550108","url":"https://haraj.com.sa/11175550108/%D9%83%D9%8A%D8%A7_%D8%B3%D9%8A%D9%84%D8%AA%D9%88%D8%B3_%D9%86%D8%B5_%D9%81%D9%84_2026_%D9%83%D8%A7%D8%B4_%D9%88%D8%A7%D9%82%D8%B3%D8%A7%D8%B7/"}
[2026-02-16 09:36:07] [AD] [INFO] Captured GraphQL comments {"postId":"69320865"}
[2026-02-16 09:36:10] [AD] [INFO] Captured GraphQL posts {"postId":"175550108"}
[2026-02-16 09:36:10] [AD] [INFO] Captured GraphQL comments {"postId":"175550108"}
[2026-02-16 09:36:10] [AD] [INFO] Contact extracted {"postId":"175550109","phone":"+966552810601","href":"tel:+966552810601"}
[2026-02-16 09:36:10] [AD] [INFO] Closing ad tab {"postId":"175550109"}
[2026-02-16 09:36:11] [AD] [INFO] Open ad (new tab) {"postId":"175550107","url":"https://haraj.com.sa/11175550107/%D9%84%D9%88%D8%AD%D9%87_502/"}
[2026-02-16 09:36:11] [AD] [INFO] Opening contact modal {"postId":"175550108"}
[2026-02-16 09:36:12] [AD] [INFO] Refresh comments {"postId":"11175550066","url":"https://haraj.com.sa/11175550066"}
[2026-02-16 09:36:14] [AD] [INFO] Opening contact modal {"postId":"69320865"}
[2026-02-16 09:36:14] [AD] [INFO] Captured GraphQL posts {"postId":"175550107"}
[2026-02-16 09:36:14] [AD] [INFO] Captured GraphQL comments {"postId":"175550107"}
[2026-02-16 09:36:14] [AD] [INFO] Contact extracted {"postId":"175550108","phone":"+966569907526","href":"tel:+966569907526"}
[2026-02-16 09:36:15] [AD] [INFO] Closing ad tab {"postId":"175550108"}
[2026-02-16 09:36:16] [AD] [INFO] Open ad (new tab) {"postId":"175550106","url":"https://haraj.com.sa/11175550106/%D9%84%D9%83%D8%B2%D8%B3_F_SPORT_%D8%A7%D9%84%D8%B3%D8%A7%D9%8A%D8%B1_2026/"}
[2026-02-16 09:36:16] [AD] [INFO] Refresh comments {"postId":"11175550064","url":"https://haraj.com.sa/11175550064"}
[2026-02-16 09:36:16] [AD] [INFO] Opening contact modal {"postId":"175550107"}
[2026-02-16 09:36:17] [AD] [INFO] Contact extracted {"postId":"175550107","phone":"+966554989843","href":"tel:+966554989843"}
[2026-02-16 09:36:17] [AD] [INFO] Closing ad tab {"postId":"175550107"}
[2026-02-16 09:36:18] [AD] [INFO] Open ad (new tab) {"postId":"175550104","url":"https://haraj.com.sa/11175550104/%D8%A7%D9%86%D9%81%D9%8A%D9%86%D9%8A%D8%AA%D9%8A_Qx80_2026/"}
[2026-02-16 09:36:20] [AD] [INFO] Refresh comments {"postId":"11175550059","url":"https://haraj.com.sa/11175550059"}
[2026-02-16 09:36:22] [AD] [INFO] Captured GraphQL posts {"postId":"175550104"}
[2026-02-16 09:36:23] [AD] [INFO] Captured GraphQL comments {"postId":"175550104"}
[2026-02-16 09:36:23] [AD] [INFO] Contact extracted {"postId":"69320865","phone":"+966565001408","href":"tel:+966565001408"}
[2026-02-16 09:36:23] [AD] [INFO] Closing ad tab {"postId":"69320865"}
[2026-02-16 09:36:24] [AD] [INFO] Opening contact modal {"postId":"175550104"}
[2026-02-16 09:36:24] [AD] [INFO] Open ad (new tab) {"postId":"175550102","url":"https://haraj.com.sa/11175550102/%D9%81%D9%88%D8%B1%D8%AF_%D8%AA%D9%88%D8%B1%D9%88%D8%B3_Trendd_%D9%85%D9%88%D8%AF%D9%8A%D9%84_2026_%D8%AC%D8%AF%D9%8A%D8%AF/"}
[2026-02-16 09:36:24] [AD] [INFO] Refresh comments {"postId":"11175550056","url":"https://haraj.com.sa/11175550056"}
[2026-02-16 09:36:25] [AD] [INFO] Captured GraphQL posts {"postId":"175550106"}
[2026-02-16 09:36:28] [AD] [INFO] Captured GraphQL posts {"postId":"175550102"}
[2026-02-16 09:36:28] [AD] [INFO] Captured GraphQL comments {"postId":"175550102"}
[2026-02-16 09:36:29] [AD] [INFO] Contact extracted {"postId":"175550104","phone":"+966556990666","href":"tel:+966556990666"}
[2026-02-16 09:36:29] [AD] [INFO] Closing ad tab {"postId":"175550104"}
[2026-02-16 09:36:29] [AD] [INFO] Opening contact modal {"postId":"175550102"}
[2026-02-16 09:36:29] [AD] [INFO] Open ad (new tab) {"postId":"175550101","url":"https://haraj.com.sa/11175550101/%D9%84%D9%83%D8%B2%D8%B3_LX600_%D8%A7%D9%81_%D8%B3%D8%A8%D9%88%D8%B1%D8%AA_%D8%A8%D9%86%D8%B2%D9%8A%D9%86_2026_%D8%B3%D8%B9%D9%88%D8%AF%D9%89_%D9%83%D8%A7%D8%B4_%D9%88%D8%AA%D9%82%D8%B3%D9%8A%D8%B7/"}
[2026-02-16 09:36:29] [AD] [INFO] Captured GraphQL comments {"postId":"175550106"}
[2026-02-16 09:36:30] [AD] [INFO] Refresh comments {"postId":"11175550051","url":"https://haraj.com.sa/11175550051"}
[2026-02-16 09:36:31] [AD] [INFO] Opening contact modal {"postId":"175550106"}
[2026-02-16 09:36:31] [AD] [INFO] Contact extracted {"postId":"175550102","phone":"+966558850189","href":"tel:+966558850189"}
[2026-02-16 09:36:31] [AD] [INFO] Closing ad tab {"postId":"175550102"}
[2026-02-16 09:36:33] [AD] [INFO] Open ad (new tab) {"postId":"175550098","url":"https://haraj.com.sa/11175550098/%D8%BA%D8%B1%D9%81%D8%A9_%D8%B9%D8%A7%D9%85%D9%84_%D9%88%D9%85%D8%B3%D8%AA%D9%88%D8%AF%D8%B9_7_2_5%D8%AC%D8%AF%D9%8A%D8%AF%D9%87/"}
[2026-02-16 09:36:33] [AD] [INFO] Captured GraphQL posts {"postId":"175550101"}
[2026-02-16 09:36:35] [AD] [INFO] Refresh comments {"postId":"11175550049","url":"https://haraj.com.sa/11175550049"}
[2026-02-16 09:36:35] [AD] [INFO] Contact extracted {"postId":"175550106","phone":"+966538832367","href":"tel:+966538832367"}
[2026-02-16 09:36:35] [AD] [INFO] Closing ad tab {"postId":"175550106"}
[2026-02-16 09:36:35] [AD] [INFO] Captured GraphQL comments {"postId":"175550101"}
[2026-02-16 09:36:35] [AD] [INFO] Open ad (new tab) {"postId":"175550097","url":"https://haraj.com.sa/11175550097/%D9%84%D9%88%D8%AD%D8%A9_%D9%85%D9%85%D9%8A%D8%B2%D9%87/"}
[2026-02-16 09:36:39] [AD] [INFO] Opening contact modal {"postId":"175550101"}
[2026-02-16 09:36:39] [AD] [INFO] Refresh comments {"postId":"11175550046","url":"https://haraj.com.sa/11175550046"}
[2026-02-16 09:36:42] [AD] [INFO] Refresh comments {"postId":"11175550047","url":"https://haraj.com.sa/11175550047"}
[2026-02-16 09:36:44] [AD] [INFO] Refresh comments {"postId":"11175550048","url":"https://haraj.com.sa/11175550048"}
[2026-02-16 09:37:34] [AD] [WARN] post-contact not found {"postId":"175550098"}
[2026-02-16 09:37:35] [AD] [WARN] Contact button not visible {"postId":"175550098"}
[2026-02-16 09:37:35] [AD] [INFO] Closing ad tab {"postId":"175550098"}
[2026-02-16 09:37:36] [AD] [INFO] Open ad (new tab) {"postId":"175550096","url":"https://haraj.com.sa/11175550096/%D8%AA%D8%B3%D9%84%D8%A7_%D9%85%D9%88%D8%AF%D9%8A%D9%84_Y_2026_/"}
[2026-02-16 09:37:38] [AD] [WARN] post-contact not found {"postId":"175550097"}
[2026-02-16 09:37:39] [AD] [WARN] Contact button not visible {"postId":"175550097"}
[2026-02-16 09:37:39] [AD] [INFO] Closing ad tab {"postId":"175550097"}
[2026-02-16 09:37:40] [AD] [INFO] Open ad (new tab) {"postId":"175550095","url":"https://haraj.com.sa/11175550095/%D9%83%D8%A7%D9%85%D8%B1%D9%8A_e_%D8%A8%D9%86%D8%B2%D9%8A%D9%86_%D8%B9%D8%A8%D8%AF%D8%A7%D9%84%D8%B7%D9%8A%D9%81_%D8%AC%D9%85%D9%8A%D9%84_%D9%85%D9%8A%D8%AF%D9%8A%D9%84_2025/"}
[2026-02-16 09:37:41] [AD] [WARN] Phone did not settle in time {"postId":"175550101"}
[2026-02-16 09:37:41] [AD] [INFO] Contact extracted {"postId":"175550101","phone":null,"href":"tel:undefined"}
[2026-02-16 09:37:41] [AD] [INFO] Closing ad tab {"postId":"175550101"}
[2026-02-16 09:37:41] [AD] [INFO] Open ad (new tab) {"postId":"175550124","url":"https://haraj.com.sa/11175550124/%D8%AA%D9%88%D9%8A%D9%88%D8%AA%D8%A7_%D9%87%D8%A7%D9%8A%D9%84%D8%A7%D9%86%D8%AF%D8%B1_GLE_%D9%87%D8%A7%D9%8A%D8%A8%D8%B1%D8%AF_2025_%D8%A7%D8%B5%D9%81%D8%A7%D8%B1_%D8%B3%D8%B9%D9%88%D8%AF/"}
[2026-02-16 09:37:55] [AD] [WARN] post-contact not found {"postId":"175550124"}
[2026-02-16 09:37:55] [AD] [WARN] Ad scrape exception {"postId":"175550124","err":"Error: page.waitForTimeout: Target page, context or browser has been closed"}
[2026-02-16 09:37:55] [AD] [INFO] Closing ad tab {"postId":"175550124"}
[2026-02-16 09:37:55] [AD] [WARN] post-contact not found {"postId":"175550095"}
[2026-02-16 09:37:55] [AD] [WARN] Ad scrape exception {"postId":"175550095","err":"Error: page.waitForTimeout: Target page, context or browser has been closed"}
[2026-02-16 09:37:55] [AD] [INFO] Closing ad tab {"postId":"175550095"}
[2026-02-16 09:37:55] [AD] [WARN] post-contact not found {"postId":"175550096"}
[2026-02-16 09:37:55] [AD] [WARN] Ad scrape exception {"postId":"175550096","err":"Error: page.waitForTimeout: Target page, context or browser has been closed"}
[2026-02-16 09:37:55] [AD] [INFO] Closing ad tab {"postId":"175550096"}
[2026-02-16 09:37:56] [AD] [INFO] Open ad (new tab) {"postId":"175550114","url":"https://haraj.com.sa/11175550114/%D9%84%D9%84%D8%A8%D9%8A%D8%B9_%D8%AF%D9%88%D9%85%D8%A9_%D8%A7%D9%84%D8%AC%D9%86%D8%AF%D9%84/"}
[2026-02-16 09:37:56] [AD] [INFO] Open ad (new tab) {"postId":"175550117","url":"https://haraj.com.sa/11175550117/%D9%81%D9%88%D8%B1%D8%AF_%D8%AA%D9%88%D8%B1%D8%B3_%D8%AC%D9%85%D9%8A%D8%B9_%D8%A7%D9%84%D8%A3%D9%84%D9%88%D8%A7%D9%86_%D8%A7%D9%84%D8%B4%D9%83%D9%84_%D8%A7%D9%84%D8%AC%D8%AF%D9%8A%D8%AF_2026/"}
[2026-02-16 09:37:57] [AD] [INFO] Open ad (new tab) {"postId":"175550116","url":"https://haraj.com.sa/11175550116/%D8%AA%D9%88%D9%8A%D9%88%D8%AA%D8%A7_%D9%84%D8%A7%D9%86%D8%AF%D9%83%D8%B1%D9%88%D8%B2%D8%B1_4_L%D8%A8%D9%86%D8%B2%D9%8A%D9%86_2026_%D8%B3%D8%B9%D9%88%D8%AF%D9%89_%D9%83%D8%A7%D8%B4_%D9%88%D8%AA%D9%82%D9%8A%D8%B3%D8%B7/"}
[2026-02-16 10:10:01] [AD] [INFO] Open ad (new tab) {"postId":"175551798","url":"https://haraj.com.sa/11175551798/%D9%83%D9%8A%D8%A7_%D8%B3%D9%88%D9%86%D9%8A%D8%AA_%D8%A7%D9%84%D9%86%D8%B5_%D8%A7%D9%84%D9%81%D9%84_%D9%852026_%D8%B3%D8%B9%D9%88%D8%AF%D9%8A_%D8%B9%D8%B1%D9%88%D8%B6_%D8%AD%D8%B5%D8%B1%D9%8A%D9%87_%D9%84%D8%B9%D9%85%D9%84%D8%A7%D8%A6%D9%86%D8%A7/"}
[2026-02-16 10:10:02] [AD] [INFO] Open ad (new tab) {"postId":"175551795","url":"https://haraj.com.sa/11175551795/%D8%A8%D9%89_%D8%A7%D9%85_%D8%AF%D8%A8%D9%84%D9%8A%D9%88_X2_%D9%81%D9%84_%D9%83%D8%A7%D9%85%D9%84_%D9%86%D8%A7%D8%BA%D9%8A/"}
[2026-02-16 10:10:02] [AD] [INFO] Open ad (new tab) {"postId":"175551797","url":"https://haraj.com.sa/11175551797/%D9%85%D9%83%D8%B3%D9%8A%D9%85%D8%A7_2000/"}
[2026-02-16 10:10:06] [AD] [INFO] Captured GraphQL posts {"postId":"175551797"}
[2026-02-16 10:10:07] [AD] [INFO] Captured GraphQL posts {"postId":"175551798"}
[2026-02-16 10:10:07] [AD] [INFO] Captured GraphQL comments {"postId":"175551798"}
[2026-02-16 10:10:07] [AD] [INFO] Captured GraphQL comments {"postId":"175551797"}
[2026-02-16 10:10:08] [AD] [INFO] Opening contact modal {"postId":"175551798"}
[2026-02-16 10:10:08] [AD] [INFO] Captured GraphQL posts {"postId":"175551795"}
[2026-02-16 10:10:08] [AD] [INFO] Opening contact modal {"postId":"175551797"}
[2026-02-16 10:10:08] [AD] [INFO] Captured GraphQL comments {"postId":"175551795"}
[2026-02-16 10:10:09] [AD] [INFO] Contact extracted {"postId":"175551798","phone":"+966566653816","href":"tel:+966566653816"}
[2026-02-16 10:10:09] [AD] [INFO] Closing ad tab {"postId":"175551798"}
[2026-02-16 10:10:09] [AD] [INFO] Opening contact modal {"postId":"175551795"}
[2026-02-16 10:10:12] [AD] [INFO] Contact extracted {"postId":"175551795","phone":"+966508290622","href":"tel:+966508290622"}
[2026-02-16 10:10:12] [AD] [INFO] Closing ad tab {"postId":"175551795"}
[2026-02-16 10:10:13] [AD] [INFO] Open ad (new tab) {"postId":"175551792","url":"https://haraj.com.sa/11175551792/%D9%83%D9%8A%D8%A7_%D9%83%D9%8A_%D9%81%D9%88%D8%B1_%D9%86%D8%B5_%D9%81%D9%84_2026_KIA_K4_GLS_%D8%B3%D8%B9%D9%88%D8%AF%D9%8A_%D8%A7%D9%82%D9%84_%D8%B3%D8%B9%D8%B1_%D8%B9%D8%B1%D9%88%D8%B6_%D8%B1%D9%85%D8%B6%D8%A7%D9%86/"}
[2026-02-16 10:10:17] [AD] [INFO] Captured GraphQL posts {"postId":"175551792"}
[2026-02-16 10:10:17] [AD] [INFO] Open ad (new tab) {"postId":"175551791","url":"https://haraj.com.sa/11175551791/%D9%81%D9%88%D8%B1%D8%AF_%D8%AA%D9%88%D8%B1%D9%88%D8%B3_%D8%AA%D9%8A%D8%AA%D8%A7%D9%86%D9%8A%D9%88%D9%85_%D9%85%D9%88%D8%AF%D9%8A%D9%84_2026/"}
[2026-02-16 10:10:17] [AD] [INFO] Captured GraphQL comments {"postId":"175551792"}
[2026-02-16 10:10:19] [AD] [INFO] Opening contact modal {"postId":"175551792"}
[2026-02-16 10:10:20] [AD] [INFO] Captured GraphQL posts {"postId":"175551791"}
[2026-02-16 10:10:20] [AD] [INFO] Captured GraphQL comments {"postId":"175551791"}
[2026-02-16 10:10:22] [AD] [INFO] Opening contact modal {"postId":"175551791"}
[2026-02-16 10:10:22] [AD] [INFO] Contact extracted {"postId":"175551792","phone":"+966540916485","href":"tel:+966540916485"}
[2026-02-16 10:10:22] [AD] [INFO] Closing ad tab {"postId":"175551792"}
[2026-02-16 10:10:23] [AD] [INFO] Contact extracted {"postId":"175551791","phone":"+966569296338","href":"tel:+966569296338"}
[2026-02-16 10:10:23] [AD] [INFO] Closing ad tab {"postId":"175551791"}
[2026-02-16 10:10:26] [AD] [INFO] Open ad (new tab) {"postId":"85974552","url":"https://haraj.com.sa/1185974552/%D8%AA%D9%88%D9%8A%D9%88%D8%AA%D8%A7_%D9%84%D8%A7%D9%86%D8%AF%D9%83%D8%B1%D9%88%D8%B2%D8%B1_2013_%D9%88%D9%83%D8%A7%D9%84%D8%A9_%D9%85%D8%AE%D8%B2%D9%86_%D9%85%D8%A8%D8%A7%D8%B9/"}
[2026-02-16 10:10:28] [AD] [INFO] Open ad (new tab) {"postId":"69320865","url":"https://haraj.com.sa/1169320865/%D8%AC%D9%86%D8%A7%D8%AD_%D8%A7%D9%84%D8%B4%D9%86%D8%B7%D8%A9_%D9%88%D8%A7%D9%83%D8%B3%D8%B3%D9%88%D8%A7%D8%B1%D8%A7%D8%AA_%D9%85%D8%B1%D8%B3%D9%8A%D8%AF%D8%B3_%D8%AC%D9%85%D9%8A%D8%B9_%D8%A7%D9%84%D9%81%D8%A6%D8%A7%D8%AA/"}
[2026-02-16 10:10:29] [AD] [INFO] Captured GraphQL posts {"postId":"85974552"}
[2026-02-16 10:10:29] [AD] [INFO] Captured GraphQL comments {"postId":"85974552"}
[2026-02-16 10:10:31] [AD] [INFO] Captured GraphQL posts {"postId":"69320865"}
[2026-02-16 10:10:31] [AD] [INFO] Captured GraphQL comments {"postId":"69320865"}
[2026-02-16 10:10:31] [AD] [INFO] Opening contact modal {"postId":"85974552"}
[2026-02-16 10:10:32] [AD] [INFO] Opening contact modal {"postId":"69320865"}
[2026-02-16 10:10:34] [AD] [INFO] Contact extracted {"postId":"69320865","phone":"+966565001408","href":"tel:+966565001408"}
[2026-02-16 10:10:34] [AD] [INFO] Closing ad tab {"postId":"69320865"}
[2026-02-16 10:10:34] [AD] [INFO] Contact extracted {"postId":"85974552","phone":"0000000000","href":"tel:"}
[2026-02-16 10:10:34] [AD] [INFO] Closing ad tab {"postId":"85974552"}
[2026-02-16 10:10:38] [AD] [INFO] Open ad (new tab) {"postId":"175551788","url":"https://haraj.com.sa/11175551788/%D8%B3%D9%88%D9%86%D8%A7%D8%AA%D8%A7_2018_%D8%A8%D8%AD%D8%A7%D9%84%D8%A9_%D8%A7%D9%84%D9%88%D9%83%D8%A7%D9%84%D8%A9_%D9%88%D8%A8%D9%85%D9%88%D8%A7%D8%B5%D9%81%D8%A7%D8%AA_%D9%86%D8%A7%D8%AF%D8%B1%D8%A9/"}
[2026-02-16 10:10:39] [AD] [INFO] Open ad (new tab) {"postId":"175551790","url":"https://haraj.com.sa/11175551790/%D8%A7%D9%83%D8%B3%D9%86%D8%AA/"}
[2026-02-16 10:10:42] [AD] [INFO] Captured GraphQL posts {"postId":"175551788"}
[2026-02-16 10:10:42] [AD] [INFO] Captured GraphQL posts {"postId":"175551790"}
[2026-02-16 10:10:42] [AD] [INFO] Captured GraphQL comments {"postId":"175551790"}
[2026-02-16 10:10:42] [AD] [INFO] Captured GraphQL comments {"postId":"175551788"}
[2026-02-16 10:10:43] [AD] [INFO] Opening contact modal {"postId":"175551788"}
[2026-02-16 10:10:43] [AD] [INFO] Opening contact modal {"postId":"175551790"}
[2026-02-16 10:10:45] [AD] [INFO] Contact extracted {"postId":"175551788","phone":"+966569098577","href":"tel:+966569098577"}
[2026-02-16 10:10:45] [AD] [INFO] Closing ad tab {"postId":"175551788"}
[2026-02-16 10:10:48] [AD] [INFO] Open ad (new tab) {"postId":"175551786","url":"https://haraj.com.sa/11175551786/%D9%85%D8%B3%D8%AC%D9%84_%D8%AC%D9%85%D8%B3_%D9%8A%D9%88%D9%83%D9%86_2005/"}
[2026-02-16 10:10:51] [AD] [INFO] Captured GraphQL posts {"postId":"175551786"}
[2026-02-16 10:10:52] [AD] [INFO] Captured GraphQL comments {"postId":"175551786"}
[2026-02-16 10:10:53] [AD] [INFO] Opening contact modal {"postId":"175551786"}
[2026-02-16 10:10:55] [AD] [INFO] Contact extracted {"postId":"175551786","phone":"+966503588499","href":"tel:+966503588499"}
[2026-02-16 10:10:55] [AD] [INFO] Closing ad tab {"postId":"175551786"}
[2026-02-16 10:11:00] [AD] [INFO] Open ad (new tab) {"postId":"175551783","url":"https://haraj.com.sa/11175551783/%D8%B1%D8%A7%D9%81_%D9%81%D9%88%D8%B1_%D9%85%D9%88%D8%AF%D9%8A%D9%84_2022_%D9%81%D9%84_%D9%83%D8%A7%D9%85%D9%84/"}
[2026-02-16 10:11:02] [AD] [INFO] Captured GraphQL posts {"postId":"175551783"}
[2026-02-16 10:11:03] [AD] [INFO] Captured GraphQL comments {"postId":"175551783"}
[2026-02-16 10:11:04] [AD] [INFO] Opening contact modal {"postId":"175551783"}
[2026-02-16 10:11:05] [AD] [INFO] Contact extracted {"postId":"175551783","phone":"+966558510441","href":"tel:+966558510441"}
[2026-02-16 10:11:05] [AD] [INFO] Closing ad tab {"postId":"175551783"}
[2026-02-16 10:11:09] [AD] [WARN] Phone did not settle in time {"postId":"175551797"}
[2026-02-16 10:11:09] [AD] [INFO] Contact extracted {"postId":"175551797","phone":null,"href":"tel:"}
[2026-02-16 10:11:09] [AD] [INFO] Closing ad tab {"postId":"175551797"}
[2026-02-16 10:11:10] [AD] [INFO] Open ad (new tab) {"postId":"175551782","url":"https://haraj.com.sa/11175551782/%D8%AF%D9%88%D8%AF%D8%AC_%D8%AA%D8%B4%D8%A7%D8%B1%D8%AC%D8%B1_RT_%D9%84%D8%A7%D8%B3%D8%AA_%D9%83%D9%88%D9%84_2023/"}
[2026-02-16 10:11:13] [AD] [INFO] Captured GraphQL posts {"postId":"175551782"}
[2026-02-16 10:11:13] [AD] [INFO] Captured GraphQL comments {"postId":"175551782"}
[2026-02-16 10:11:14] [AD] [INFO] Opening contact modal {"postId":"175551782"}
[2026-02-16 10:11:15] [AD] [INFO] Open ad (new tab) {"postId":"175551780","url":"https://haraj.com.sa/11175551780/%D9%85%D8%A7%D8%B2%D8%AF%D8%A7_6_2016/"}
[2026-02-16 10:11:16] [AD] [INFO] Contact extracted {"postId":"175551782","phone":"+966533793352","href":"tel:+966533793352"}
[2026-02-16 10:11:16] [AD] [INFO] Closing ad tab {"postId":"175551782"}
[2026-02-16 10:11:18] [AD] [INFO] Captured GraphQL posts {"postId":"175551780"}
[2026-02-16 10:11:18] [AD] [INFO] Captured GraphQL comments {"postId":"175551780"}
[2026-02-16 10:11:19] [AD] [INFO] Open ad (new tab) {"postId":"175551778","url":"https://haraj.com.sa/11175551778/%D8%A7%D9%8A%D8%B3%D8%B2%D9%88_GT_%D9%81%D9%84_%D9%83%D8%A7%D9%85%D9%84%D9%83%D8%A7%D8%B4_%D8%A7%D9%82%D8%B3%D8%A7%D8%B7_2025/"}
[2026-02-16 10:11:20] [AD] [INFO] Opening contact modal {"postId":"175551780"}
[2026-02-16 10:11:21] [AD] [INFO] Captured GraphQL posts {"postId":"175551778"}
[2026-02-16 10:11:22] [AD] [INFO] Captured GraphQL comments {"postId":"175551778"}
[2026-02-16 10:11:22] [AD] [INFO] Contact extracted {"postId":"175551780","phone":"+966549591893","href":"tel:+966549591893"}
[2026-02-16 10:11:22] [AD] [INFO] Closing ad tab {"postId":"175551780"}
[2026-02-16 10:11:23] [AD] [INFO] Opening contact modal {"postId":"175551778"}
[2026-02-16 10:11:24] [AD] [INFO] Contact extracted {"postId":"175551778","phone":"+966558557815","href":"tel:+966558557815"}
[2026-02-16 10:11:24] [AD] [INFO] Closing ad tab {"postId":"175551778"}
[2026-02-16 10:11:26] [AD] [INFO] Open ad (new tab) {"postId":"175551776","url":"https://haraj.com.sa/11175551776/%D8%AC%D9%8A%D9%84%D9%8A_%D8%A7%D9%85%D8%AC%D8%B1%D8%A7%D9%86%D8%AF_2023_%D9%81%D9%84_%D9%83%D8%A7%D9%85%D9%84/"}
[2026-02-16 10:11:28] [AD] [INFO] Captured GraphQL posts {"postId":"175551776"}
[2026-02-16 10:11:28] [AD] [INFO] Captured GraphQL comments {"postId":"175551776"}
[2026-02-16 10:11:29] [AD] [INFO] Open ad (new tab) {"postId":"175551775","url":"https://haraj.com.sa/11175551775/%D9%85%D8%B1%D8%A7%D8%AA%D8%A8_%D9%81%D9%88%D8%B1%D8%AF_%D8%B1%D8%A7%D9%83%D8%A8%D9%87_%D8%B9%D9%84%D9%89_%D9%87%D8%A7%D9%8A%D9%84%D9%83%D8%B3/"}
[2026-02-16 10:11:30] [AD] [INFO] Opening contact modal {"postId":"175551776"}
[2026-02-16 10:11:32] [AD] [INFO] Captured GraphQL posts {"postId":"175551775"}
[2026-02-16 10:11:32] [AD] [INFO] Captured GraphQL comments {"postId":"175551775"}
[2026-02-16 10:11:32] [AD] [INFO] Contact extracted {"postId":"175551776","phone":"+966558289306","href":"tel:+966558289306"}
[2026-02-16 10:11:32] [AD] [INFO] Closing ad tab {"postId":"175551776"}
[2026-02-16 10:11:33] [AD] [INFO] Opening contact modal {"postId":"175551775"}
[2026-02-16 10:11:35] [AD] [INFO] Contact extracted {"postId":"175551775","phone":"+966553082430","href":"tel:+966553082430"}
[2026-02-16 10:11:35] [AD] [INFO] Closing ad tab {"postId":"175551775"}
[2026-02-16 10:11:36] [AD] [INFO] Open ad (new tab) {"postId":"175551774","url":"https://haraj.com.sa/11175551774/%D8%AC%D9%86%D9%88%D8%B7_%D9%83%D8%A7%D9%85%D8%B1%D9%8A_2025_%D9%84%D9%84%D8%A8%D9%8A%D8%B9/"}
[2026-02-16 10:11:39] [AD] [INFO] Captured GraphQL posts {"postId":"175551774"}
[2026-02-16 10:11:39] [AD] [INFO] Captured GraphQL comments {"postId":"175551774"}
[2026-02-16 10:11:40] [AD] [INFO] Open ad (new tab) {"postId":"175551773","url":"https://haraj.com.sa/11175551773/%D9%84%D9%83%D8%B2%D8%B3_ES_300_HH_%D9%85%D9%88%D8%AF%D9%8A%D9%84_2025_%D8%A3%D9%82%D9%84_%D8%B3%D8%B9%D8%B1/"}
[2026-02-16 10:11:41] [AD] [INFO] Opening contact modal {"postId":"175551774"}
[2026-02-16 10:11:41] [AD] [INFO] Contact extracted {"postId":"175551774","phone":"+966506551470","href":"tel:+966506551470"}
[2026-02-16 10:11:41] [AD] [INFO] Closing ad tab {"postId":"175551774"}
[2026-02-16 10:11:43] [AD] [INFO] Captured GraphQL posts {"postId":"175551773"}
[2026-02-16 10:11:43] [AD] [INFO] Captured GraphQL comments {"postId":"175551773"}
[2026-02-16 10:11:44] [AD] [INFO] Opening contact modal {"postId":"175551773"}
[2026-02-16 10:11:44] [AD] [WARN] Phone did not settle in time {"postId":"175551790"}
[2026-02-16 10:11:44] [AD] [INFO] Contact extracted {"postId":"175551790","phone":null,"href":"tel:"}
[2026-02-16 10:11:44] [AD] [INFO] Closing ad tab {"postId":"175551790"}
[2026-02-16 10:11:45] [AD] [INFO] Contact extracted {"postId":"175551773","phone":"+966554425143","href":"tel:+966554425143"}
[2026-02-16 10:11:45] [AD] [INFO] Closing ad tab {"postId":"175551773"}
[2026-02-16 10:11:47] [AD] [INFO] Open ad (new tab) {"postId":"175551770","url":"https://haraj.com.sa/11175551770/%D8%AA%D8%A8%D8%A7%D8%B1%D9%8A%D8%B2_%D9%84%D9%84%D8%A8%D9%8A%D8%B9_%D9%85%D8%B3%D8%AA%D8%B9%D8%AC%D9%84/"}
[2026-02-16 10:11:49] [AD] [INFO] Open ad (new tab) {"postId":"175551769","url":"https://haraj.com.sa/11175551769/%D9%85%D9%83%D9%8A%D9%86%D8%A9_%D8%B3%D9%83%D9%88%D9%8A%D8%A7_%D9%84%D9%83%D8%B2%D8%B3_570_LX_%D8%AA%D9%88%D9%8A%D9%88%D8%AA%D8%A7/"}
[2026-02-16 10:11:50] [AD] [INFO] Captured GraphQL posts {"postId":"175551770"}
[2026-02-16 10:11:50] [AD] [INFO] Captured GraphQL comments {"postId":"175551770"}
[2026-02-16 10:11:52] [AD] [INFO] Captured GraphQL posts {"postId":"175551769"}
[2026-02-16 10:11:52] [AD] [INFO] Opening contact modal {"postId":"175551770"}
[2026-02-16 10:11:52] [AD] [INFO] Captured GraphQL comments {"postId":"175551769"}
[2026-02-16 10:11:54] [AD] [INFO] Opening contact modal {"postId":"175551769"}
[2026-02-16 10:11:55] [AD] [INFO] Contact extracted {"postId":"175551770","phone":"+966507812173","href":"tel:+966507812173"}
[2026-02-16 10:11:55] [AD] [INFO] Closing ad tab {"postId":"175551770"}
[2026-02-16 10:11:55] [AD] [INFO] Contact extracted {"postId":"175551769","phone":"+966500677885","href":"tel:+966500677885"}
[2026-02-16 10:11:55] [AD] [INFO] Closing ad tab {"postId":"175551769"}
[2026-02-16 10:11:57] [AD] [INFO] Refresh comments {"postId":"11175551798","url":"https://haraj.com.sa/11175551798"}
[2026-02-16 10:12:05] [AD] [INFO] Refresh comments {"postId":"11175551795","url":"https://haraj.com.sa/11175551795"}
[2026-02-16 10:12:06] [AD] [INFO] Open ad (new tab) {"postId":"175551885","url":"https://haraj.com.sa/11175551885/%D8%A7%D9%8A%D8%B3%D9%88%D8%B2%D9%88_LS_%D9%85%D9%88%D8%AF%D9%8A%D9%84_2023_%D9%81%D9%84_%D9%83%D8%A7%D9%85%D9%84/"}
[2026-02-16 10:12:08] [AD] [INFO] Open ad (new tab) {"postId":"175551889","url":"https://haraj.com.sa/11175551889/%D9%81%D9%88%D8%B1%D8%AF_%D9%85%D9%88%D9%86%D8%AF%D9%8A%D9%88_%D9%85%D9%88%D8%AF%D9%8A%D9%84_2015/"}
[2026-02-16 10:12:08] [AD] [INFO] Open ad (new tab) {"postId":"175551890","url":"https://haraj.com.sa/11175551890/%D8%AC%D9%8A%D8%AA%D9%88%D8%B1_T2_%D9%84%D9%83%D8%AC%D8%B1%D9%8A_2026_%D8%AC%D9%85%D9%8A%D8%B9_%D8%A7%D9%84%D8%A7%D9%84%D9%88%D8%A7%D9%86_%D8%B9%D8%B1%D8%B6_%D8%AE%D8%A7%D8%B5/"}
[2026-02-16 10:12:09] [AD] [INFO] Refresh comments {"postId":"11175551792","url":"https://haraj.com.sa/11175551792"}
[2026-02-16 10:12:12] [AD] [INFO] Captured GraphQL posts {"postId":"175551890"}
[2026-02-16 10:12:13] [AD] [INFO] Captured GraphQL comments {"postId":"175551890"}
[2026-02-16 10:12:14] [AD] [INFO] Opening contact modal {"postId":"175551890"}
[2026-02-16 10:12:15] [AD] [INFO] Refresh comments {"postId":"11175551791","url":"https://haraj.com.sa/11175551791"}
[2026-02-16 10:12:15] [AD] [INFO] Contact extracted {"postId":"175551890","phone":"+966536460759","href":"tel:+966536460759"}
[2026-02-16 10:12:15] [AD] [INFO] Closing ad tab {"postId":"175551890"}
[2026-02-16 10:12:17] [AD] [INFO] Open ad (new tab) {"postId":"175551884","url":"https://haraj.com.sa/11175551884/%D8%A7%D9%88%D8%AF%D9%8A_A3_2015/"}
[2026-02-16 10:12:18] [AD] [INFO] Refresh comments {"postId":"1169320865","url":"https://haraj.com.sa/1169320865"}
[2026-02-16 10:12:21] [AD] [INFO] Captured GraphQL posts {"postId":"175551884"}
[2026-02-16 10:12:21] [AD] [INFO] Captured GraphQL comments {"postId":"175551884"}
[2026-02-16 10:12:23] [AD] [INFO] Refresh comments {"postId":"1185974552","url":"https://haraj.com.sa/1185974552"}
[2026-02-16 10:12:23] [AD] [INFO] Opening contact modal {"postId":"175551884"}
[2026-02-16 10:12:23] [AD] [INFO] Captured GraphQL posts {"postId":"175551889"}
[2026-02-16 10:12:24] [AD] [INFO] Contact extracted {"postId":"175551884","phone":"+966568162873","href":"tel:+966568162873"}
[2026-02-16 10:12:24] [AD] [INFO] Closing ad tab {"postId":"175551884"}
[2026-02-16 10:12:24] [AD] [INFO] Captured GraphQL posts {"postId":"175551885"}
[2026-02-16 10:12:24] [AD] [INFO] Captured GraphQL comments {"postId":"175551885"}
[2026-02-16 10:12:24] [AD] [INFO] Captured GraphQL comments {"postId":"175551889"}
[2026-02-16 10:12:26] [AD] [INFO] Open ad (new tab) {"postId":"175551881","url":"https://haraj.com.sa/11175551881/%D9%84%D9%83%D8%B2%D8%B3_LX600_BB%D8%B3%D8%B9%D9%88%D8%AF%D9%8A_2026/"}
[2026-02-16 10:12:26] [AD] [INFO] Refresh comments {"postId":"11175551788","url":"https://haraj.com.sa/11175551788"}
[2026-02-16 10:12:26] [AD] [INFO] Opening contact modal {"postId":"175551885"}
[2026-02-16 10:12:26] [AD] [INFO] Opening contact modal {"postId":"175551889"}
[2026-02-16 10:12:27] [AD] [INFO] Contact extracted {"postId":"175551885","phone":"+966502226116","href":"tel:+966502226116"}
[2026-02-16 10:12:27] [AD] [INFO] Closing ad tab {"postId":"175551885"}
[2026-02-16 10:12:30] [AD] [INFO] Open ad (new tab) {"postId":"85974552","url":"https://haraj.com.sa/1185974552/%D8%AA%D9%88%D9%8A%D9%88%D8%AA%D8%A7_%D9%84%D8%A7%D9%86%D8%AF%D9%83%D8%B1%D9%88%D8%B2%D8%B1_2013_%D9%88%D9%83%D8%A7%D9%84%D8%A9_%D9%85%D8%AE%D8%B2%D9%86_%D9%85%D8%A8%D8%A7%D8%B9/"}
[2026-02-16 10:12:31] [AD] [INFO] Refresh comments {"postId":"11175551786","url":"https://haraj.com.sa/11175551786"}
[2026-02-16 10:12:31] [AD] [INFO] Contact extracted {"postId":"175551889","phone":"+966503400900","href":"tel:+966503400900"}
[2026-02-16 10:12:31] [AD] [INFO] Closing ad tab {"postId":"175551889"}
[2026-02-16 10:12:33] [AD] [INFO] Open ad (new tab) {"postId":"69320865","url":"https://haraj.com.sa/1169320865/%D8%AC%D9%86%D8%A7%D8%AD_%D8%A7%D9%84%D8%B4%D9%86%D8%B7%D8%A9_%D9%88%D8%A7%D9%83%D8%B3%D8%B3%D9%88%D8%A7%D8%B1%D8%A7%D8%AA_%D9%85%D8%B1%D8%B3%D9%8A%D8%AF%D8%B3_%D8%AC%D9%85%D9%8A%D8%B9_%D8%A7%D9%84%D9%81%D8%A6%D8%A7%D8%AA/"}
[2026-02-16 10:12:33] [AD] [INFO] Captured GraphQL posts {"postId":"175551881"}
[2026-02-16 10:12:34] [AD] [INFO] Refresh comments {"postId":"11175551783","url":"https://haraj.com.sa/11175551783"}
[2026-02-16 10:12:34] [AD] [INFO] Captured GraphQL comments {"postId":"175551881"}
[2026-02-16 10:12:37] [AD] [INFO] Captured GraphQL posts {"postId":"69320865"}
[2026-02-16 10:12:37] [AD] [INFO] Captured GraphQL comments {"postId":"69320865"}
[2026-02-16 10:12:39] [AD] [INFO] Refresh comments {"postId":"11175551797","url":"https://haraj.com.sa/11175551797"}
[2026-02-16 10:12:39] [AD] [INFO] Opening contact modal {"postId":"69320865"}
[2026-02-16 10:12:41] [AD] [INFO] Contact extracted {"postId":"69320865","phone":"+966565001408","href":"tel:+966565001408"}
[2026-02-16 10:12:41] [AD] [INFO] Closing ad tab {"postId":"69320865"}
[2026-02-16 10:12:42] [AD] [INFO] Opening contact modal {"postId":"175551881"}
[2026-02-16 10:12:42] [AD] [INFO] Open ad (new tab) {"postId":"175551876","url":"https://haraj.com.sa/11175551876/%D9%83%D9%81%D8%B1%D8%A7%D8%AA_%D8%B4%D8%A8%D9%87_%D8%AC%D8%AF%D9%8A%D8%AF%D8%A9_%D8%A7%D8%B3%D8%AA%D8%B9%D9%85%D8%A7%D9%84_3_%D8%A7%D9%8A%D8%A7%D9%85/"}
[2026-02-16 10:12:42] [AD] [INFO] Refresh comments {"postId":"11175551782","url":"https://haraj.com.sa/11175551782"}
[2026-02-16 10:12:42] [AD] [INFO] Captured GraphQL posts {"postId":"85974552"}
[2026-02-16 10:12:43] [AD] [INFO] Captured GraphQL comments {"postId":"85974552"}
[2026-02-16 10:12:44] [AD] [INFO] Opening contact modal {"postId":"85974552"}
[2026-02-16 10:12:46] [AD] [INFO] Contact extracted {"postId":"175551881","phone":"+966553840403","href":"tel:+966553840403"}
[2026-02-16 10:12:46] [AD] [INFO] Closing ad tab {"postId":"175551881"}
[2026-02-16 10:12:46] [AD] [INFO] Refresh comments {"postId":"11175551780","url":"https://haraj.com.sa/11175551780"}
[2026-02-16 10:12:46] [AD] [INFO] Captured GraphQL posts {"postId":"175551876"}
[2026-02-16 10:12:47] [AD] [INFO] Open ad (new tab) {"postId":"175551875","url":"https://haraj.com.sa/11175551875/%D8%B3%D8%A7%D9%8A%D9%86%D9%88_%D8%AA%D8%B1%D9%83_%D9%87%D9%88%D9%87%D8%A7%D9%86_2021_Sino_truck_Hohan_2021/"}
[2026-02-16 10:12:48] [AD] [INFO] Contact extracted {"postId":"85974552","phone":"0000000000","href":"tel:"}
[2026-02-16 10:12:48] [AD] [INFO] Closing ad tab {"postId":"85974552"}
[2026-02-16 10:12:48] [AD] [INFO] Captured GraphQL comments {"postId":"175551876"}
[2026-02-16 10:12:49] [AD] [INFO] Opening contact modal {"postId":"175551876"}
[2026-02-16 10:12:49] [AD] [INFO] Open ad (new tab) {"postId":"175551874","url":"https://haraj.com.sa/11175551874/%D8%A8%D9%8A_%D8%A7%D9%85_%D8%AF%D8%A8%D9%84%D9%8A%D9%88_2014/"}
[2026-02-16 10:12:50] [AD] [INFO] Refresh comments {"postId":"11175551778","url":"https://haraj.com.sa/11175551778"}
[2026-02-16 10:12:53] [AD] [INFO] Captured GraphQL posts {"postId":"175551874"}
[2026-02-16 10:12:53] [AD] [INFO] Captured GraphQL comments {"postId":"175551874"}
[2026-02-16 10:12:54] [AD] [INFO] Refresh comments {"postId":"11175551776","url":"https://haraj.com.sa/11175551776"}
[2026-02-16 10:12:54] [AD] [INFO] Captured GraphQL posts {"postId":"175551875"}
[2026-02-16 10:12:54] [AD] [INFO] Opening contact modal {"postId":"175551874"}
[2026-02-16 10:12:55] [AD] [INFO] Captured GraphQL comments {"postId":"175551875"}
[2026-02-16 10:12:56] [AD] [INFO] Contact extracted {"postId":"175551874","phone":"+966548067094","href":"tel:+966548067094"}
[2026-02-16 10:12:56] [AD] [INFO] Closing ad tab {"postId":"175551874"}
[2026-02-16 10:12:56] [AD] [INFO] Opening contact modal {"postId":"175551875"}
[2026-02-16 10:12:59] [AD] [INFO] Open ad (new tab) {"postId":"175551873","url":"https://haraj.com.sa/11175551873/%D8%AA%D9%88%D9%8A%D9%88%D8%AA%D8%A7_%D9%83%D8%A7%D9%85%D8%B1%D9%8A_E_%D8%B3%D8%AA%D8%A7%D9%86%D8%AF%D8%B1_%D9%81%D8%B6%D9%8A_%D9%87%D8%A7%D9%8A%D8%A8%D8%B1%D8%AF_2026_%D8%B3%D8%B9%D9%88%D8%AF%D9%8A_%D8%A7%D9%82%D9%84_%D8%B3%D8%B9%D8%B1/"}
[2026-02-16 10:12:59] [AD] [INFO] Refresh comments {"postId":"11175551775","url":"https://haraj.com.sa/11175551775"}
[2026-02-16 10:13:04] [AD] [INFO] Captured GraphQL posts {"postId":"175551873"}
[2026-02-16 10:13:04] [AD] [INFO] Contact extracted {"postId":"175551875","phone":"+966533035513","href":"tel:+966533035513"}
[2026-02-16 10:13:04] [AD] [INFO] Closing ad tab {"postId":"175551875"}
[2026-02-16 10:13:05] [AD] [INFO] Captured GraphQL comments {"postId":"175551873"}
[2026-02-16 10:13:05] [AD] [INFO] Refresh comments {"postId":"11175551774","url":"https://haraj.com.sa/11175551774"}
[2026-02-16 10:13:06] [AD] [INFO] Opening contact modal {"postId":"175551873"}
[2026-02-16 10:13:06] [AD] [INFO] Open ad (new tab) {"postId":"175551870","url":"https://haraj.com.sa/11175551870/%D9%85%D8%B1%D8%B3%D9%8A%D8%AF%D8%B3_s/"}
[2026-02-16 10:13:10] [AD] [INFO] Contact extracted {"postId":"175551873","phone":"+966553303920","href":"tel:+966553303920"}
[2026-02-16 10:13:10] [AD] [INFO] Refresh comments {"postId":"11175551790","url":"https://haraj.com.sa/11175551790"}
[2026-02-16 10:13:11] [AD] [INFO] Closing ad tab {"postId":"175551873"}
[2026-02-16 10:13:12] [AD] [INFO] Open ad (new tab) {"postId":"175551869","url":"https://haraj.com.sa/11175551869/IS_350_Cc/"}
[2026-02-16 10:13:13] [AD] [INFO] Captured GraphQL posts {"postId":"175551870"}
[2026-02-16 10:13:16] [AD] [INFO] Refresh comments {"postId":"11175551773","url":"https://haraj.com.sa/11175551773"}
[2026-02-16 10:13:19] [AD] [INFO] Captured GraphQL posts {"postId":"175551869"}
[2026-02-16 10:13:19] [AD] [INFO] Captured GraphQL comments {"postId":"175551869"}
[2026-02-16 10:13:20] [AD] [INFO] Captured GraphQL comments {"postId":"175551870"}
[2026-02-16 10:13:20] [AD] [INFO] Opening contact modal {"postId":"175551869"}
[2026-02-16 10:13:21] [AD] [INFO] Refresh comments {"postId":"11175551769","url":"https://haraj.com.sa/11175551769"}
[2026-02-16 10:13:21] [AD] [INFO] Opening contact modal {"postId":"175551870"}
[2026-02-16 10:13:25] [AD] [INFO] Refresh comments {"postId":"11175551770","url":"https://haraj.com.sa/11175551770"}
[2026-02-16 10:13:52] [AD] [WARN] Phone did not settle in time {"postId":"175551876"}
[2026-02-16 10:13:52] [AD] [INFO] Contact extracted {"postId":"175551876","phone":null,"href":"tel:"}
[2026-02-16 10:13:52] [AD] [INFO] Closing ad tab {"postId":"175551876"}
[2026-02-16 10:13:54] [AD] [INFO] Open ad (new tab) {"postId":"175551865","url":"https://haraj.com.sa/11175551865/MG3_%D9%85%D9%88%D8%AF%D9%8A%D9%84_2025/"}
[2026-02-16 10:14:22] [AD] [WARN] Phone did not settle in time {"postId":"175551869"}
[2026-02-16 10:14:22] [AD] [INFO] Contact extracted {"postId":"175551869","phone":null,"href":"tel:"}
[2026-02-16 10:14:22] [AD] [INFO] Closing ad tab {"postId":"175551869"}
[2026-02-16 10:14:23] [AD] [INFO] Open ad (new tab) {"postId":"175551864","url":"https://haraj.com.sa/11175551864/%D9%84%D9%84%D8%A8%D9%8A%D8%B9_%D9%87%D9%88%D9%86%D8%AF%D8%A7%D9%8A_%D8%AA%D9%88%D8%B3%D8%A7%D9%86_2024_%D9%85%D8%A7%D9%83%D9%8A%D9%86%D8%A9_1600%D8%B3%D9%8A_%D8%B3%D9%8A/"}
[2026-02-16 10:14:25] [AD] [WARN] Phone did not settle in time {"postId":"175551870"}
[2026-02-16 10:14:25] [AD] [INFO] Contact extracted {"postId":"175551870","phone":null,"href":"tel:"}
[2026-02-16 10:14:26] [AD] [INFO] Closing ad tab {"postId":"175551870"}
[2026-02-16 10:14:27] [AD] [INFO] Open ad (new tab) {"postId":"175551863","url":"https://haraj.com.sa/11175551863/%D9%87%D9%8A%D9%88%D9%86%D8%AF%D8%A7%D9%89_%D8%A3%D8%B2%D9%8A%D8%B1%D8%A7_%D9%83%D9%84%D8%A7%D8%B3%D9%8A%D9%83_2024_%D9%85%D9%85%D8%B4%D9%89_%D9%82%D9%84%D9%8A%D9%84/"}
[2026-02-16 10:14:27] [AD] [INFO] Captured GraphQL posts {"postId":"175551864"}
[2026-02-16 10:14:27] [AD] [INFO] Captured GraphQL comments {"postId":"175551864"}
[2026-02-16 10:14:28] [AD] [INFO] Opening contact modal {"postId":"175551864"}
[2026-02-16 10:14:30] [AD] [INFO] Contact extracted {"postId":"175551864","phone":"+966556196295","href":"tel:+966556196295"}
[2026-02-16 10:14:30] [AD] [INFO] Closing ad tab {"postId":"175551864"}
[2026-02-16 10:14:30] [AD] [INFO] Captured GraphQL posts {"postId":"175551863"}
[2026-02-16 10:14:31] [AD] [INFO] Captured GraphQL comments {"postId":"175551863"}
[2026-02-16 10:14:31] [AD] [INFO] Open ad (new tab) {"postId":"175551862","url":"https://haraj.com.sa/11175551862/%D8%A7%D9%83%D8%B3%D9%86%D8%AA_2020_1_4/"}
[2026-02-16 10:14:32] [AD] [INFO] Opening contact modal {"postId":"175551863"}
[2026-02-16 10:14:34] [AD] [INFO] Captured GraphQL posts {"postId":"175551862"}
[2026-02-16 10:14:35] [AD] [INFO] Captured GraphQL comments {"postId":"175551862"}
[2026-02-16 10:14:35] [AD] [INFO] Contact extracted {"postId":"175551863","phone":"+966553766954","href":"tel:+966553766954"}
[2026-02-16 10:14:35] [AD] [INFO] Closing ad tab {"postId":"175551863"}
[2026-02-16 10:14:36] [AD] [INFO] Open ad (new tab) {"postId":"175551861","url":"https://haraj.com.sa/11175551861/%D9%87%D9%8A%D9%88%D9%86%D8%AF%D8%A7%D9%89_%D8%AA%D9%88%D8%B3%D8%A7%D9%86_%D8%B3%D9%85%D8%A7%D8%B1%D8%AA_2025/"}
[2026-02-16 10:14:36] [AD] [INFO] Opening contact modal {"postId":"175551862"}
[2026-02-16 10:14:39] [AD] [INFO] Captured GraphQL posts {"postId":"175551861"}
[2026-02-16 10:14:39] [AD] [INFO] Captured GraphQL comments {"postId":"175551861"}
[2026-02-16 10:14:40] [AD] [INFO] Opening contact modal {"postId":"175551861"}
[2026-02-16 10:14:42] [AD] [INFO] Contact extracted {"postId":"175551861","phone":"+966551522114","href":"tel:+966551522114"}
[2026-02-16 10:14:42] [AD] [INFO] Closing ad tab {"postId":"175551861"}
[2026-02-16 10:14:42] [AD] [INFO] Captured GraphQL posts {"postId":"175551865"}
[2026-02-16 10:14:43] [AD] [INFO] Captured GraphQL comments {"postId":"175551865"}
[2026-02-16 10:14:43] [AD] [INFO] Open ad (new tab) {"postId":"175551857","url":"https://haraj.com.sa/11175551857/%D9%86%D9%8A%D8%B3%D8%A7%D9%86_%D8%A8%D8%A7%D8%AA%D8%B1%D9%88%D9%84_%D9%85%D9%88%D8%AF%D9%8A%D9%84_2023_%D8%A8%D9%84%D8%A7%D8%AA%D9%8A%D9%86%D9%8A%D9%88%D9%85/"}
[2026-02-16 10:14:43] [AD] [INFO] Opening contact modal {"postId":"175551865"}
[2026-02-16 10:14:45] [AD] [INFO] Contact extracted {"postId":"175551865","phone":"+966544346351","href":"tel:+966544346351"}
[2026-02-16 10:14:45] [AD] [INFO] Closing ad tab {"postId":"175551865"}
[2026-02-16 10:14:45] [AD] [INFO] Captured GraphQL posts {"postId":"175551857"}
[2026-02-16 10:14:46] [AD] [INFO] Captured GraphQL comments {"postId":"175551857"}
[2026-02-16 10:14:46] [AD] [INFO] Open ad (new tab) {"postId":"175551890","url":"https://haraj.com.sa/11175551890/%D8%AC%D9%8A%D8%AA%D9%88%D8%B1_T2_%D9%84%D9%83%D8%AC%D8%B1%D9%8A_2026_%D8%AC%D9%85%D9%8A%D8%B9_%D8%A7%D9%84%D8%A7%D9%84%D9%88%D8%A7%D9%86_%D8%B9%D8%B1%D8%B6_%D8%AE%D8%A7%D8%B5/"}
[2026-02-16 10:14:47] [AD] [INFO] Opening contact modal {"postId":"175551857"}
[2026-02-16 10:14:49] [AD] [INFO] Captured GraphQL posts {"postId":"175551890"}
[2026-02-16 10:14:50] [AD] [INFO] Captured GraphQL comments {"postId":"175551890"}
[2026-02-16 10:14:50] [AD] [INFO] Contact extracted {"postId":"175551857","phone":"+966537184427","href":"tel:+966537184427"}
[2026-02-16 10:14:50] [AD] [INFO] Closing ad tab {"postId":"175551857"}
[2026-02-16 10:14:51] [AD] [INFO] Opening contact modal {"postId":"175551890"}
[2026-02-16 10:14:52] [AD] [INFO] Open ad (new tab) {"postId":"175551889","url":"https://haraj.com.sa/11175551889/%D9%81%D9%88%D8%B1%D8%AF_%D9%85%D9%88%D9%86%D8%AF%D9%8A%D9%88_%D9%85%D9%88%D8%AF%D9%8A%D9%84_2015/"}
[2026-02-16 10:14:53] [AD] [INFO] Contact extracted {"postId":"175551890","phone":"+966536460759","href":"tel:+966536460759"}
[2026-02-16 10:14:53] [AD] [INFO] Closing ad tab {"postId":"175551890"}
[2026-02-16 10:14:54] [AD] [INFO] Open ad (new tab) {"postId":"175551885","url":"https://haraj.com.sa/11175551885/%D8%A7%D9%8A%D8%B3%D9%88%D8%B2%D9%88_LS_%D9%85%D9%88%D8%AF%D9%8A%D9%84_2023_%D9%81%D9%84_%D9%83%D8%A7%D9%85%D9%84/"}
[2026-02-16 10:14:55] [AD] [INFO] Captured GraphQL posts {"postId":"175551889"}
[2026-02-16 10:14:56] [AD] [INFO] Captured GraphQL comments {"postId":"175551889"}
[2026-02-16 10:14:56] [AD] [INFO] Captured GraphQL posts {"postId":"175551885"}
[2026-02-16 10:14:57] [AD] [INFO] Captured GraphQL comments {"postId":"175551885"}
[2026-02-16 10:14:57] [AD] [INFO] Opening contact modal {"postId":"175551889"}
[2026-02-16 10:14:58] [AD] [INFO] Opening contact modal {"postId":"175551885"}
[2026-02-16 10:15:00] [AD] [INFO] Contact extracted {"postId":"175551885","phone":"+966502226116","href":"tel:+966502226116"}
[2026-02-16 10:15:00] [AD] [INFO] Closing ad tab {"postId":"175551885"}
[2026-02-16 10:15:00] [AD] [INFO] Contact extracted {"postId":"175551889","phone":"+966503400900","href":"tel:+966503400900"}
[2026-02-16 10:15:00] [AD] [INFO] Closing ad tab {"postId":"175551889"}
[2026-02-16 10:15:01] [AD] [INFO] Open ad (new tab) {"postId":"175551884","url":"https://haraj.com.sa/11175551884/%D8%A7%D9%88%D8%AF%D9%8A_A3_2015/"}
[2026-02-16 10:15:01] [AD] [INFO] Open ad (new tab) {"postId":"175551881","url":"https://haraj.com.sa/11175551881/%D9%84%D9%83%D8%B2%D8%B3_LX600_BB%D8%B3%D8%B9%D9%88%D8%AF%D9%8A_2026/"}
[2026-02-16 10:15:04] [AD] [INFO] Captured GraphQL posts {"postId":"175551881"}
[2026-02-16 10:15:04] [AD] [INFO] Captured GraphQL posts {"postId":"175551884"}
[2026-02-16 10:15:04] [AD] [INFO] Captured GraphQL comments {"postId":"175551881"}
[2026-02-16 10:15:05] [AD] [INFO] Captured GraphQL comments {"postId":"175551884"}
[2026-02-16 10:15:06] [AD] [INFO] Opening contact modal {"postId":"175551884"}
[2026-02-16 10:15:06] [AD] [INFO] Opening contact modal {"postId":"175551881"}
[2026-02-16 10:15:07] [AD] [INFO] Contact extracted {"postId":"175551881","phone":"+966553840403","href":"tel:+966553840403"}
[2026-02-16 10:15:07] [AD] [INFO] Closing ad tab {"postId":"175551881"}
[2026-02-16 10:15:08] [AD] [INFO] Contact extracted {"postId":"175551884","phone":"+966568162873","href":"tel:+966568162873"}
[2026-02-16 10:15:08] [AD] [INFO] Closing ad tab {"postId":"175551884"}
[2026-02-16 10:15:08] [AD] [INFO] Open ad (new tab) {"postId":"85974552","url":"https://haraj.com.sa/1185974552/%D8%AA%D9%88%D9%8A%D9%88%D8%AA%D8%A7_%D9%84%D8%A7%D9%86%D8%AF%D9%83%D8%B1%D9%88%D8%B2%D8%B1_2013_%D9%88%D9%83%D8%A7%D9%84%D8%A9_%D9%85%D8%AE%D8%B2%D9%86_%D9%85%D8%A8%D8%A7%D8%B9/"}
[2026-02-16 10:15:09] [AD] [INFO] Open ad (new tab) {"postId":"69320865","url":"https://haraj.com.sa/1169320865/%D8%AC%D9%86%D8%A7%D8%AD_%D8%A7%D9%84%D8%B4%D9%86%D8%B7%D8%A9_%D9%88%D8%A7%D9%83%D8%B3%D8%B3%D9%88%D8%A7%D8%B1%D8%A7%D8%AA_%D9%85%D8%B1%D8%B3%D9%8A%D8%AF%D8%B3_%D8%AC%D9%85%D9%8A%D8%B9_%D8%A7%D9%84%D9%81%D8%A6%D8%A7%D8%AA/"}
[2026-02-16 10:15:10] [AD] [INFO] Captured GraphQL posts {"postId":"85974552"}
[2026-02-16 10:15:10] [AD] [INFO] Captured GraphQL comments {"postId":"85974552"}
[2026-02-16 10:15:12] [AD] [INFO] Captured GraphQL posts {"postId":"69320865"}
[2026-02-16 10:15:13] [AD] [INFO] Opening contact modal {"postId":"85974552"}
[2026-02-16 10:15:13] [AD] [INFO] Captured GraphQL comments {"postId":"69320865"}
[2026-02-16 10:15:14] [AD] [INFO] Opening contact modal {"postId":"69320865"}
[2026-02-16 10:15:15] [AD] [INFO] Contact extracted {"postId":"69320865","phone":"+966565001408","href":"tel:+966565001408"}
[2026-02-16 10:15:15] [AD] [INFO] Closing ad tab {"postId":"69320865"}
[2026-02-16 10:15:16] [AD] [INFO] Contact extracted {"postId":"85974552","phone":"0000000000","href":"tel:"}
[2026-02-16 10:15:16] [AD] [INFO] Closing ad tab {"postId":"85974552"}
[2026-02-16 10:15:16] [AD] [INFO] Open ad (new tab) {"postId":"175551876","url":"https://haraj.com.sa/11175551876/%D9%83%D9%81%D8%B1%D8%A7%D8%AA_%D8%B4%D8%A8%D9%87_%D8%AC%D8%AF%D9%8A%D8%AF%D8%A9_%D8%A7%D8%B3%D8%AA%D8%B9%D9%85%D8%A7%D9%84_3_%D8%A7%D9%8A%D8%A7%D9%85/"}
[2026-02-16 10:15:17] [AD] [INFO] Open ad (new tab) {"postId":"175551875","url":"https://haraj.com.sa/11175551875/%D8%B3%D8%A7%D9%8A%D9%86%D9%88_%D8%AA%D8%B1%D9%83_%D9%87%D9%88%D9%87%D8%A7%D9%86_2021_Sino_truck_Hohan_2021/"}
[2026-02-16 10:15:20] [AD] [INFO] Captured GraphQL posts {"postId":"175551876"}
[2026-02-16 10:15:20] [AD] [INFO] Captured GraphQL comments {"postId":"175551876"}
[2026-02-16 10:15:20] [AD] [INFO] Captured GraphQL posts {"postId":"175551875"}
[2026-02-16 10:15:20] [AD] [INFO] Captured GraphQL comments {"postId":"175551875"}
[2026-02-16 10:15:21] [AD] [INFO] Opening contact modal {"postId":"175551876"}
[2026-02-16 10:15:22] [AD] [INFO] Opening contact modal {"postId":"175551875"}
[2026-02-16 10:15:23] [AD] [INFO] Contact extracted {"postId":"175551875","phone":"+966533035513","href":"tel:+966533035513"}
[2026-02-16 10:15:23] [AD] [INFO] Closing ad tab {"postId":"175551875"}
[2026-02-16 10:15:24] [AD] [INFO] Open ad (new tab) {"postId":"175551874","url":"https://haraj.com.sa/11175551874/%D8%A8%D9%8A_%D8%A7%D9%85_%D8%AF%D8%A8%D9%84%D9%8A%D9%88_2014/"}
[2026-02-16 10:15:27] [AD] [INFO] Captured GraphQL posts {"postId":"175551874"}
[2026-02-16 13:09:46] [AD] [INFO] Open ad (new tab) {"postId":"175560467","url":"https://haraj.com.sa/11175560467/%D9%81%D8%A7%D9%86_%D8%AB%D9%84%D8%A7%D8%AC%D9%87_2015/"}
[2026-02-16 13:09:47] [AD] [INFO] Open ad (new tab) {"postId":"175560466","url":"https://haraj.com.sa/11175560466/%D9%88%D8%B1%D8%B4%D8%A9_%D8%A7%D9%84%D8%AC%D9%88%D8%B9%D9%8A_%D9%84%D8%B3%D9%85%D9%83%D8%B1%D8%A9_%D9%88%D8%AF%D9%87%D8%A7%D9%86/"}
[2026-02-16 13:09:48] [AD] [INFO] Open ad (new tab) {"postId":"175560469","url":"https://haraj.com.sa/11175560469/%D8%B7%D8%B1%D9%85%D8%A8%D8%A7%D8%AA_%D9%86%D8%B8%D9%8A%D9%81%D9%87/"}
[2026-02-16 13:09:48] [AD] [INFO] Captured GraphQL posts {"postId":"175560467"}
[2026-02-16 13:09:50] [AD] [INFO] Captured GraphQL comments {"postId":"175560467"}
[2026-02-16 13:09:51] [AD] [INFO] Captured GraphQL posts {"postId":"175560469"}
[2026-02-16 13:09:51] [AD] [INFO] Captured GraphQL comments {"postId":"175560469"}
[2026-02-16 13:09:52] [AD] [INFO] Captured GraphQL posts {"postId":"175560466"}
[2026-02-16 13:09:52] [AD] [INFO] Opening contact modal {"postId":"175560467"}
[2026-02-16 13:09:52] [AD] [INFO] Captured GraphQL comments {"postId":"175560466"}
[2026-02-16 13:09:52] [AD] [INFO] Opening contact modal {"postId":"175560469"}
[2026-02-16 13:09:53] [AD] [INFO] Opening contact modal {"postId":"175560466"}
[2026-02-16 13:09:53] [AD] [INFO] Contact extracted {"postId":"175560467","phone":"+966599349000","href":"tel:+966599349000"}
[2026-02-16 13:09:53] [AD] [INFO] Closing ad tab {"postId":"175560467"}
[2026-02-16 13:09:53] [AD] [INFO] Contact extracted {"postId":"175560469","phone":"+966542181392","href":"tel:+966542181392"}
[2026-02-16 13:09:53] [AD] [INFO] Closing ad tab {"postId":"175560469"}
[2026-02-16 13:09:55] [AD] [INFO] Contact extracted {"postId":"175560466","phone":"+966503298222","href":"tel:+966503298222"}
[2026-02-16 13:09:55] [AD] [INFO] Closing ad tab {"postId":"175560466"}
[2026-02-16 13:09:58] [AD] [INFO] Open ad (new tab) {"postId":"175560464","url":"https://haraj.com.sa/11175560464/%D9%88%D8%A7%D9%8A_%D8%A8%D8%A7%D9%8A%D8%A8_%D8%AC%D9%85%D8%B3_%D8%B3%D9%8A%D9%8A%D8%B1%D8%A7/"}
[2026-02-16 13:09:58] [AD] [INFO] Open ad (new tab) {"postId":"175560462","url":"https://haraj.com.sa/11175560462/%D8%A7%D8%B3%D8%AA%D8%B1%D8%A7%D8%AD%D8%A9_%D8%A8%D8%A7%D9%84%D8%B7%D8%A7%D9%8A%D9%81_%D8%A8%D8%A7%D9%84%D9%88%D8%A7%D8%B5%D9%84%D9%8A%D8%A9_%D9%84%D9%84%D8%A8%D9%8A%D8%B9/"}
[2026-02-16 13:09:58] [AD] [INFO] Open ad (new tab) {"postId":"73847670","url":"https://haraj.com.sa/1173847670/%D8%AA%D8%B4%D8%BA%D9%8A%D9%84_%D8%B9%D9%86_%D8%A8%D8%B9%D8%AF_%D9%84%D9%83%D8%B2%D8%B3_%D9%88_%D8%AA%D9%88%D9%8A%D9%88%D8%AA%D8%A7_%D9%84%D9%84%D8%A8%D8%B5%D9%85%D9%87_%D9%81%D9%82%D8%B7/"}
[2026-02-16 13:10:02] [AD] [INFO] Captured GraphQL posts {"postId":"73847670"}
[2026-02-16 13:10:02] [AD] [INFO] Captured GraphQL comments {"postId":"73847670"}
[2026-02-16 13:10:03] [AD] [INFO] Captured GraphQL posts {"postId":"175560464"}
[2026-02-16 13:10:04] [AD] [INFO] Captured GraphQL comments {"postId":"175560464"}
[2026-02-16 13:10:04] [AD] [INFO] Opening contact modal {"postId":"73847670"}
[2026-02-16 13:10:04] [AD] [INFO] Captured GraphQL posts {"postId":"175560462"}
[2026-02-16 13:10:04] [AD] [INFO] Opening contact modal {"postId":"175560464"}
[2026-02-16 13:10:05] [AD] [INFO] Captured GraphQL comments {"postId":"175560462"}
[2026-02-16 13:10:05] [AD] [INFO] Opening contact modal {"postId":"175560462"}
[2026-02-16 13:10:05] [AD] [INFO] Contact extracted {"postId":"73847670","phone":"+966502974322","href":"tel:+966502974322"}
[2026-02-16 13:10:05] [AD] [INFO] Closing ad tab {"postId":"73847670"}
[2026-02-16 13:10:06] [AD] [INFO] Contact extracted {"postId":"175560464","phone":"+966559537839","href":"tel:+966559537839"}
[2026-02-16 13:10:06] [AD] [INFO] Closing ad tab {"postId":"175560464"}
[2026-02-16 13:10:07] [AD] [INFO] Contact extracted {"postId":"175560462","phone":"+966554556699","href":"tel:+966554556699"}
[2026-02-16 13:10:07] [AD] [INFO] Closing ad tab {"postId":"175560462"}
[2026-02-16 13:10:11] [AD] [INFO] Open ad (new tab) {"postId":"85974552","url":"https://haraj.com.sa/1185974552/%D8%AA%D9%88%D9%8A%D9%88%D8%AA%D8%A7_%D9%84%D8%A7%D9%86%D8%AF%D9%83%D8%B1%D9%88%D8%B2%D8%B1_2013_%D9%88%D9%83%D8%A7%D9%84%D8%A9_%D9%85%D8%AE%D8%B2%D9%86_%D9%85%D8%A8%D8%A7%D8%B9/"}
[2026-02-16 13:10:12] [AD] [INFO] Open ad (new tab) {"postId":"175560457","url":"https://haraj.com.sa/11175560457/%D8%B4%D9%81%D8%B1%D9%88%D9%84%D9%8A%D8%A9_%D9%83%D8%A8%D8%AA%D9%8A%D9%81%D9%8A%D8%A7_2025_2024/"}
[2026-02-16 13:10:12] [AD] [INFO] Open ad (new tab) {"postId":"175560453","url":"https://haraj.com.sa/11175560453/%D8%A7%D8%AA%D8%B4_%D9%88%D9%86_%D8%AA%D9%85%D8%A7%D8%AA%D9%8A%D9%83_%D9%85%D8%A7%D8%B4%D9%8A_240%D8%A7%D9%84%D9%81_2015%D9%88%D9%83%D8%A7%D9%84%D9%87_%D8%B4%D8%B1%D8%B7/"}
[2026-02-16 13:10:15] [AD] [INFO] Captured GraphQL posts {"postId":"175560453"}
[2026-02-16 13:10:16] [AD] [INFO] Captured GraphQL posts {"postId":"85974552"}
[2026-02-16 13:10:16] [AD] [INFO] Captured GraphQL comments {"postId":"175560453"}
[2026-02-16 13:10:16] [AD] [INFO] Captured GraphQL posts {"postId":"175560457"}
[2026-02-16 13:10:16] [AD] [INFO] Captured GraphQL comments {"postId":"85974552"}
[2026-02-16 13:10:16] [AD] [INFO] Captured GraphQL comments {"postId":"175560457"}
[2026-02-16 13:10:17] [AD] [INFO] Opening contact modal {"postId":"175560453"}
[2026-02-16 13:10:17] [AD] [INFO] Opening contact modal {"postId":"85974552"}
[2026-02-16 13:10:17] [AD] [INFO] Opening contact modal {"postId":"175560457"}
[2026-02-16 13:10:18] [AD] [INFO] Contact extracted {"postId":"175560453","phone":"+966504708245","href":"tel:+966504708245"}
[2026-02-16 13:10:18] [AD] [INFO] Closing ad tab {"postId":"175560453"}
[2026-02-16 13:10:19] [AD] [INFO] Contact extracted {"postId":"175560457","phone":"+966557233875","href":"tel:+966557233875"}
[2026-02-16 13:10:19] [AD] [INFO] Closing ad tab {"postId":"175560457"}
[2026-02-16 13:10:19] [AD] [INFO] Contact extracted {"postId":"85974552","phone":"0000000000","href":"tel:"}
[2026-02-16 13:10:19] [AD] [INFO] Closing ad tab {"postId":"85974552"}
[2026-02-16 13:10:23] [AD] [INFO] Open ad (new tab) {"postId":"175560444","url":"https://haraj.com.sa/11175560444/%D9%83%D8%A7%D8%AF%D9%8A%D9%84%D8%A7%D9%83_XT4_2023_%D8%B9%D8%AF%D8%A7%D8%AF_15_%D8%A7%D9%84%D9%81_%D8%B9%D9%84%D9%89_%D8%A7%D9%84%D8%B6%D9%85%D8%A7%D9%86/"}
[2026-02-16 13:10:23] [AD] [INFO] Open ad (new tab) {"postId":"175560443","url":"https://haraj.com.sa/11175560443/%D8%B4%D9%8A%D8%B1%D9%8A_%D8%A7%D8%B1%D9%8A%D8%B2%D9%88_5_Comfort_2024/"}
[2026-02-16 13:10:24] [AD] [INFO] Open ad (new tab) {"postId":"175560442","url":"https://haraj.com.sa/11175560442/%D8%A7%D9%88%D8%AF%D9%8A_%D8%B4%D8%A8%D9%87_%D8%AC%D8%AF%D8%A8%D8%AF%D8%A9_%D9%88%D9%83%D8%A7%D9%84%D8%A9/"}
[2026-02-16 13:10:25] [AD] [INFO] Captured GraphQL posts {"postId":"175560444"}
[2026-02-16 13:10:27] [AD] [INFO] Captured GraphQL comments {"postId":"175560444"}
[2026-02-16 13:10:27] [AD] [INFO] Captured GraphQL posts {"postId":"175560442"}
[2026-02-16 13:10:27] [AD] [INFO] Captured GraphQL posts {"postId":"175560443"}
[2026-02-16 13:10:27] [AD] [INFO] Captured GraphQL comments {"postId":"175560442"}
[2026-02-16 13:10:28] [AD] [INFO] Opening contact modal {"postId":"175560444"}
[2026-02-16 13:10:28] [AD] [INFO] Captured GraphQL comments {"postId":"175560443"}
[2026-02-16 13:10:28] [AD] [INFO] Opening contact modal {"postId":"175560442"}
[2026-02-16 13:10:29] [AD] [INFO] Opening contact modal {"postId":"175560443"}
[2026-02-16 13:10:30] [AD] [INFO] Contact extracted {"postId":"175560442","phone":"+966500263550","href":"tel:+966500263550"}
[2026-02-16 13:10:30] [AD] [INFO] Closing ad tab {"postId":"175560442"}
[2026-02-16 13:10:30] [AD] [INFO] Contact extracted {"postId":"175560444","phone":"+966595005000","href":"tel:+966595005000"}
[2026-02-16 13:10:30] [AD] [INFO] Closing ad tab {"postId":"175560444"}
[2026-02-16 13:10:31] [AD] [INFO] Contact extracted {"postId":"175560443","phone":"0112604720","href":"tel:0112604720"}
[2026-02-16 13:10:31] [AD] [INFO] Closing ad tab {"postId":"175560443"}
[2026-02-16 13:10:34] [AD] [INFO] Open ad (new tab) {"postId":"175560439","url":"https://haraj.com.sa/11175560439/%D8%AA%D9%88%D9%8A%D9%88%D8%AA%D8%A7_%D9%87%D8%A7%D9%8A%D9%84%D9%88%D9%83%D8%B3_%D8%BA%D9%85%D8%A7%D8%B1%D8%AA%D9%8A%D9%86/"}
[2026-02-16 13:10:34] [AD] [INFO] Open ad (new tab) {"postId":"175560437","url":"https://haraj.com.sa/11175560437/%D9%81%D8%B1%D8%B4%D8%A9_%D8%A7%D9%84%D8%B4%D9%86%D8%B7%D8%A9_%D9%84%D9%84%D8%B1%D8%A8%D8%B9_%D8%AC%D8%AF%D9%8A%D8%AF%D8%A9/"}
[2026-02-16 13:10:35] [AD] [INFO] Open ad (new tab) {"postId":"175560432","url":"https://haraj.com.sa/11175560432/%D8%A7%D9%84%D9%86%D8%AA%D8%B1%D8%A7%D8%A1_2023/"}
[2026-02-16 13:10:37] [AD] [INFO] Captured GraphQL posts {"postId":"175560439"}
[2026-02-16 13:10:37] [AD] [INFO] Captured GraphQL comments {"postId":"175560439"}
[2026-02-16 13:10:38] [AD] [INFO] Captured GraphQL posts {"postId":"175560432"}
[2026-02-16 13:10:38] [AD] [INFO] Captured GraphQL comments {"postId":"175560432"}
[2026-02-16 13:10:38] [AD] [INFO] Opening contact modal {"postId":"175560439"}
[2026-02-16 13:10:39] [AD] [INFO] Captured GraphQL posts {"postId":"175560437"}
[2026-02-16 13:10:39] [AD] [INFO] Captured GraphQL comments {"postId":"175560437"}
[2026-02-16 13:10:39] [AD] [INFO] Opening contact modal {"postId":"175560432"}
[2026-02-16 13:10:40] [AD] [INFO] Opening contact modal {"postId":"175560437"}
[2026-02-16 13:10:40] [AD] [INFO] Contact extracted {"postId":"175560439","phone":"+966505895906","href":"tel:+966505895906"}
[2026-02-16 13:10:40] [AD] [INFO] Closing ad tab {"postId":"175560439"}
[2026-02-16 13:10:43] [AD] [INFO] Contact extracted {"postId":"175560437","phone":"+966537092172","href":"tel:+966537092172"}
[2026-02-16 13:10:43] [AD] [INFO] Closing ad tab {"postId":"175560437"}
[2026-02-16 13:10:46] [AD] [INFO] Open ad (new tab) {"postId":"175560431","url":"https://haraj.com.sa/11175560431/%D8%B1%D8%A7%D9%81%D8%B9%D8%A9_%D8%AA%D9%84%D8%B3%D9%83%D9%88%D8%A8%D9%8A%D8%A9_%D9%84%D9%84%D8%A5%D9%8A%D8%AC%D8%A7%D8%B1_%D8%AE%D9%85%D9%8A%D8%B3_%D9%85%D8%B4%D9%8A%D8%B7_%D8%A7%D9%84%D8%AC%D9%86%D9%88%D8%A8_%D8%A3%D9%88%D8%B1%D8%A7%D9%82_%D9%86/"}
[2026-02-16 13:10:48] [AD] [INFO] Open ad (new tab) {"postId":"175560426","url":"https://haraj.com.sa/11175560426/%D8%AF%D9%8A%D9%86%D8%A7_%D8%B4%D8%A8%D9%83_5_%D9%85%D8%AA%D8%B1_%D9%84%D9%84%D9%85%D8%B4%D8%A7%D9%88%D9%8A%D8%B1_%D9%85%D9%86_%D8%A7%D9%84%D8%B1%D9%8A%D8%A7%D8%B6_%D8%A7%D9%84%D9%8A_%D8%AA%D8%A8%D9%88%D9%83/"}
[2026-02-16 13:10:49] [AD] [INFO] Captured GraphQL posts {"postId":"175560431"}
[2026-02-16 13:10:49] [AD] [INFO] Captured GraphQL comments {"postId":"175560431"}
[2026-02-16 13:10:51] [AD] [INFO] Opening contact modal {"postId":"175560431"}
[2026-02-16 13:10:51] [AD] [INFO] Captured GraphQL posts {"postId":"175560426"}
[2026-02-16 13:10:51] [AD] [INFO] Captured GraphQL comments {"postId":"175560426"}
[2026-02-16 13:10:53] [AD] [INFO] Contact extracted {"postId":"175560431","phone":"+966583876166","href":"tel:+966583876166"}
[2026-02-16 13:10:53] [AD] [INFO] Closing ad tab {"postId":"175560431"}
[2026-02-16 13:10:53] [AD] [INFO] Opening contact modal {"postId":"175560426"}
[2026-02-16 13:10:55] [AD] [INFO] Contact extracted {"postId":"175560426","phone":"+966507025719","href":"tel:+966507025719"}
[2026-02-16 13:10:55] [AD] [INFO] Closing ad tab {"postId":"175560426"}
[2026-02-16 13:10:57] [AD] [INFO] Open ad (new tab) {"postId":"175560419","url":"https://haraj.com.sa/11175560419/%D9%83%D8%A7%D9%85%D8%B1%D9%8A_2006/"}
[2026-02-16 13:10:59] [AD] [INFO] Captured GraphQL posts {"postId":"175560419"}
[2026-02-16 13:10:59] [AD] [INFO] Captured GraphQL comments {"postId":"175560419"}
[2026-02-16 13:11:00] [AD] [INFO] Opening contact modal {"postId":"175560419"}
[2026-02-16 13:11:00] [AD] [INFO] Open ad (new tab) {"postId":"175560414","url":"https://haraj.com.sa/11175560414/%D8%AA%D9%88%D9%8A%D9%88%D8%AA%D8%A7_%D8%A8%D8%B1%D8%A7%D8%AF%D9%88_2016_%D9%81%D9%84_%D9%83%D8%A7%D9%85%D9%84_%D8%AE%D9%84%D9%8A%D8%AC%D9%8A/"}
[2026-02-16 13:11:01] [AD] [INFO] Contact extracted {"postId":"175560419","phone":"+966570621739","href":"tel:+966570621739"}
[2026-02-16 13:11:01] [AD] [INFO] Closing ad tab {"postId":"175560419"}
[2026-02-16 13:11:03] [AD] [INFO] Captured GraphQL posts {"postId":"175560414"}
[2026-02-16 13:11:03] [AD] [INFO] Captured GraphQL comments {"postId":"175560414"}
[2026-02-16 13:11:04] [AD] [INFO] Opening contact modal {"postId":"175560414"}
[2026-02-16 13:11:05] [AD] [INFO] Contact extracted {"postId":"175560414","phone":"+966559099315","href":"tel:+966559099315"}
[2026-02-16 13:11:05] [AD] [INFO] Closing ad tab {"postId":"175560414"}
[2026-02-16 13:11:06] [AD] [INFO] Open ad (new tab) {"postId":"175560409","url":"https://haraj.com.sa/11175560409/%D9%84%D9%88%D8%AD%D9%87_%D9%85%D9%85%D9%8A%D8%B2%D9%87/"}
[2026-02-16 13:11:08] [AD] [INFO] Captured GraphQL posts {"postId":"175560409"}
[2026-02-16 13:11:09] [AD] [INFO] Captured GraphQL comments {"postId":"175560409"}
[2026-02-16 13:11:10] [AD] [INFO] Opening contact modal {"postId":"175560409"}
[2026-02-16 13:11:12] [AD] [INFO] Contact extracted {"postId":"175560409","phone":"+966566208868","href":"tel:+966566208868"}
[2026-02-16 13:11:12] [AD] [INFO] Closing ad tab {"postId":"175560409"}
[2026-02-16 13:11:41] [AD] [WARN] Phone did not settle in time {"postId":"175560432"}
[2026-02-16 13:11:41] [AD] [INFO] Contact extracted {"postId":"175560432","phone":null,"href":"tel:"}
[2026-02-16 13:11:41] [AD] [INFO] Closing ad tab {"postId":"175560432"}
[2026-02-16 13:11:43] [AD] [INFO] Refresh comments {"postId":"11175560467","url":"https://haraj.com.sa/11175560467"}
[2026-02-16 13:11:50] [AD] [INFO] Refresh comments {"postId":"11175560469","url":"https://haraj.com.sa/11175560469"}
[2026-02-16 13:11:53] [AD] [INFO] Open ad (new tab) {"postId":"175560577","url":"https://haraj.com.sa/11175560577/%D9%84%D9%88%D8%AD%D8%A9_%D8%A8_%D9%82_%D9%85_9044/"}
[2026-02-16 13:11:54] [AD] [INFO] Refresh comments {"postId":"11175560466","url":"https://haraj.com.sa/11175560466"}
[2026-02-16 13:11:54] [AD] [INFO] Open ad (new tab) {"postId":"175560578","url":"https://haraj.com.sa/11175560578/%D9%83%D8%A7%D8%A8%D8%B1%D8%B3_2009/"}
[2026-02-16 13:11:55] [AD] [INFO] Open ad (new tab) {"postId":"175560582","url":"https://haraj.com.sa/11175560582/%D9%86%D9%8A%D8%B3%D8%A7%D9%86_%D8%A7%D9%83%D8%B3_%D8%AA%D8%B1%D9%8A%D9%84_5_%D8%B1%D8%A7%D9%83%D8%A8_%D8%A8%D8%AF%D9%88%D9%86_%D8%AF%D8%A8%D9%84_2025/"}
[2026-02-16 13:11:58] [AD] [INFO] Refresh comments {"postId":"1173847670","url":"https://haraj.com.sa/1173847670"}
[2026-02-16 13:12:01] [AD] [INFO] Captured GraphQL posts {"postId":"175560582"}
[2026-02-16 13:12:01] [AD] [INFO] Captured GraphQL comments {"postId":"175560582"}
[2026-02-16 13:12:02] [AD] [INFO] Opening contact modal {"postId":"175560582"}
[2026-02-16 13:12:03] [AD] [INFO] Refresh comments {"postId":"11175560464","url":"https://haraj.com.sa/11175560464"}
[2026-02-16 13:12:04] [AD] [INFO] Contact extracted {"postId":"175560582","phone":"+966564233420","href":"tel:+966564233420"}
[2026-02-16 13:12:04] [AD] [INFO] Closing ad tab {"postId":"175560582"}
[2026-02-16 13:12:06] [AD] [INFO] Open ad (new tab) {"postId":"175560575","url":"https://haraj.com.sa/11175560575/%D8%AF%D9%88%D8%AF%D8%AC_%D8%AF%D8%B1%D8%A7%D9%86%D8%AC%D9%88_GT_2025_%D8%A7%D9%82%D9%88%D9%8A_%D8%B9%D8%B1%D9%88%D8%B6_%D9%8A%D9%88%D9%85_%D8%A7%D9%84%D8%AA%D8%A3%D8%B3%D9%8A%D8%B3/"}
[2026-02-16 13:12:07] [AD] [INFO] Refresh comments {"postId":"11175560462","url":"https://haraj.com.sa/11175560462"}
[2026-02-16 13:12:08] [AD] [INFO] Captured GraphQL posts {"postId":"175560578"}
[2026-02-16 13:12:10] [AD] [INFO] Captured GraphQL posts {"postId":"175560575"}
[2026-02-16 13:12:10] [AD] [INFO] Captured GraphQL comments {"postId":"175560575"}
[2026-02-16 13:12:11] [AD] [INFO] Captured GraphQL comments {"postId":"175560578"}
[2026-02-16 13:12:11] [AD] [INFO] Captured GraphQL posts {"postId":"175560577"}
[2026-02-16 13:12:12] [AD] [INFO] Opening contact modal {"postId":"175560575"}
[2026-02-16 13:12:12] [AD] [INFO] Opening contact modal {"postId":"175560578"}
[2026-02-16 13:12:12] [AD] [INFO] Refresh comments {"postId":"11175560453","url":"https://haraj.com.sa/11175560453"}
[2026-02-16 13:12:12] [AD] [INFO] Captured GraphQL comments {"postId":"175560577"}
[2026-02-16 13:12:13] [AD] [INFO] Contact extracted {"postId":"175560575","phone":"+966556251084","href":"tel:+966556251084"}
[2026-02-16 13:12:13] [AD] [INFO] Closing ad tab {"postId":"175560575"}
[2026-02-16 13:12:13] [AD] [INFO] Opening contact modal {"postId":"175560577"}
[2026-02-16 13:12:14] [AD] [INFO] Open ad (new tab) {"postId":"175560574","url":"https://haraj.com.sa/11175560574/%D9%84%D9%84%D8%A8%D9%8A%D8%B9_%D8%A8%D8%B7%D8%A7%D8%B1%D9%8A%D9%87_%D9%84%D8%A7%D9%86%D8%AF%D9%83%D8%B1%D9%88%D8%B2%D8%B1_70_%D8%A3%D9%85%D8%A8%D9%8A%D8%B1_%D9%85%D8%A7%D9%84%D9%8A%D8%B2%D9%8A/"}
[2026-02-16 13:12:15] [AD] [INFO] Contact extracted {"postId":"175560578","phone":"+966559213988","href":"tel:+966559213988"}
[2026-02-16 13:12:15] [AD] [INFO] Closing ad tab {"postId":"175560578"}
[2026-02-16 13:12:16] [AD] [INFO] Refresh comments {"postId":"11175560457","url":"https://haraj.com.sa/11175560457"}
[2026-02-16 13:12:17] [AD] [INFO] Open ad (new tab) {"postId":"73847670","url":"https://haraj.com.sa/1173847670/%D8%AA%D8%B4%D8%BA%D9%8A%D9%84_%D8%B9%D9%86_%D8%A8%D8%B9%D8%AF_%D9%84%D9%83%D8%B2%D8%B3_%D9%88_%D8%AA%D9%88%D9%8A%D9%88%D8%AA%D8%A7_%D9%84%D9%84%D8%A8%D8%B5%D9%85%D9%87_%D9%81%D9%82%D8%B7/"}
[2026-02-16 13:12:20] [AD] [INFO] Refresh comments {"postId":"1185974552","url":"https://haraj.com.sa/1185974552"}
[2026-02-16 13:12:21] [AD] [INFO] Captured GraphQL posts {"postId":"73847670"}
[2026-02-16 13:12:22] [AD] [INFO] Captured GraphQL comments {"postId":"73847670"}
[2026-02-16 13:12:22] [AD] [INFO] Opening contact modal {"postId":"73847670"}
[2026-02-16 13:12:24] [AD] [INFO] Captured GraphQL posts {"postId":"175560574"}
[2026-02-16 13:12:24] [AD] [INFO] Contact extracted {"postId":"73847670","phone":"+966502974322","href":"tel:+966502974322"}
[2026-02-16 13:12:24] [AD] [INFO] Closing ad tab {"postId":"73847670"}
[2026-02-16 13:12:24] [AD] [INFO] Refresh comments {"postId":"11175560442","url":"https://haraj.com.sa/11175560442"}
[2026-02-16 13:12:25] [AD] [INFO] Captured GraphQL comments {"postId":"175560574"}
[2026-02-16 13:12:26] [AD] [INFO] Opening contact modal {"postId":"175560574"}
[2026-02-16 13:12:26] [AD] [INFO] Open ad (new tab) {"postId":"85974552","url":"https://haraj.com.sa/1185974552/%D8%AA%D9%88%D9%8A%D9%88%D8%AA%D8%A7_%D9%84%D8%A7%D9%86%D8%AF%D9%83%D8%B1%D9%88%D8%B2%D8%B1_2013_%D9%88%D9%83%D8%A7%D9%84%D8%A9_%D9%85%D8%AE%D8%B2%D9%86_%D9%85%D8%A8%D8%A7%D8%B9/"}
[2026-02-16 13:12:28] [AD] [INFO] Refresh comments {"postId":"11175560444","url":"https://haraj.com.sa/11175560444"}
[2026-02-16 13:12:28] [AD] [INFO] Contact extracted {"postId":"175560574","phone":"+966551520216","href":"tel:+966551520216"}
[2026-02-16 13:12:28] [AD] [INFO] Closing ad tab {"postId":"175560574"}
[2026-02-16 13:12:30] [AD] [INFO] Open ad (new tab) {"postId":"175560572","url":"https://haraj.com.sa/11175560572/%D9%85%D8%B1%D8%B3%D9%8A%D8%AF%D8%B3_E200_%D9%85%D9%88%D8%AF%D9%8A%D9%84_2024_%D8%A7%D8%B3%D8%AA%D9%8A%D8%B1%D8%A7%D8%AF_%D9%83%D9%88%D8%B1%D9%8A%D8%A7/"}
[2026-02-16 13:12:30] [AD] [INFO] Captured GraphQL posts {"postId":"85974552"}
[2026-02-16 13:12:31] [AD] [INFO] Captured GraphQL comments {"postId":"85974552"}
[2026-02-16 13:12:31] [AD] [INFO] Refresh comments {"postId":"11175560443","url":"https://haraj.com.sa/11175560443"}
[2026-02-16 13:12:33] [AD] [INFO] Opening contact modal {"postId":"85974552"}
[2026-02-16 13:12:37] [AD] [INFO] Captured GraphQL posts {"postId":"175560572"}
[2026-02-16 13:12:37] [AD] [INFO] Captured GraphQL comments {"postId":"175560572"}
[2026-02-16 13:12:38] [AD] [INFO] Opening contact modal {"postId":"175560572"}
[2026-02-16 13:12:39] [AD] [INFO] Refresh comments {"postId":"11175560439","url":"https://haraj.com.sa/11175560439"}
[2026-02-16 13:12:39] [AD] [INFO] Contact extracted {"postId":"85974552","phone":"0000000000","href":"tel:"}
[2026-02-16 13:12:39] [AD] [INFO] Closing ad tab {"postId":"85974552"}
[2026-02-16 13:12:40] [AD] [INFO] Contact extracted {"postId":"175560572","phone":"+966595711389","href":"tel:+966595711389"}
[2026-02-16 13:12:40] [AD] [INFO] Closing ad tab {"postId":"175560572"}
[2026-02-16 13:12:41] [AD] [INFO] Open ad (new tab) {"postId":"175560571","url":"https://haraj.com.sa/11175560571/%D8%A7%D9%8A%D8%B3%D9%88%D8%B2%D9%88_%D8%AF%D9%8A%D9%86%D8%A7_5_%D8%B7%D9%86_%D8%B4%D8%A7%D8%B5_4_95/"}
[2026-02-16 13:12:41] [AD] [INFO] Open ad (new tab) {"postId":"175560568","url":"https://haraj.com.sa/11175560568/%D8%B3%D9%88%D9%86%D8%A7%D8%AA%D8%A7_2016_%D9%85%D8%A7%D8%B4%D9%8A_450_%D8%A7%D9%84%D9%81_%D9%83%D9%8A%D9%84%D9%88_%D9%85%D8%AA%D8%B1_%D9%85%D8%B3%D9%82%D8%B7_%D9%84%D9%87_%D9%85%D8%A7%D9%83%D9%8A%D9%86%D8%A9_%D8%AF%D9%88%D9%88%D8%AC/"}
[2026-02-16 13:12:42] [AD] [INFO] Refresh comments {"postId":"11175560437","url":"https://haraj.com.sa/11175560437"}
[2026-02-16 13:12:44] [AD] [INFO] Captured GraphQL posts {"postId":"175560568"}
[2026-02-16 13:12:45] [AD] [INFO] Captured GraphQL comments {"postId":"175560568"}
[2026-02-16 13:12:45] [AD] [INFO] Refresh comments {"postId":"11175560431","url":"https://haraj.com.sa/11175560431"}
[2026-02-16 13:12:46] [AD] [INFO] Captured GraphQL posts {"postId":"175560571"}
[2026-02-16 13:12:47] [AD] [INFO] Captured GraphQL comments {"postId":"175560571"}
[2026-02-16 13:12:47] [AD] [INFO] Opening contact modal {"postId":"175560568"}
[2026-02-16 13:12:48] [AD] [INFO] Opening contact modal {"postId":"175560571"}
[2026-02-16 13:12:48] [AD] [INFO] Refresh comments {"postId":"11175560426","url":"https://haraj.com.sa/11175560426"}
[2026-02-16 13:12:51] [AD] [INFO] Refresh comments {"postId":"11175560419","url":"https://haraj.com.sa/11175560419"}
[2026-02-16 13:12:51] [AD] [INFO] Contact extracted {"postId":"175560571","phone":"+966560573068","href":"tel:+966560573068"}
[2026-02-16 13:12:51] [AD] [INFO] Closing ad tab {"postId":"175560571"}
[2026-02-16 13:12:52] [AD] [INFO] Open ad (new tab) {"postId":"175560566","url":"https://haraj.com.sa/11175560566/2025_%D8%B1%D9%86%D8%AC_%D8%B1%D9%88%D9%81%D8%B1_%D8%B3%D8%A8%D9%88%D8%B1%D8%AA_HSE_DYNAMIC_V6_%D8%B6%D9%85%D8%A7%D9%86_%D8%AE%D9%85%D8%B3_%D8%B3%D9%86%D9%88%D8%A7%D8%AA_%D8%AC%D8%AF%D9%8A%D8%AF/"}
[2026-02-16 13:12:54] [AD] [INFO] Refresh comments {"postId":"11175560414","url":"https://haraj.com.sa/11175560414"}
[2026-02-16 13:12:56] [AD] [INFO] Captured GraphQL posts {"postId":"175560566"}
[2026-02-16 13:12:56] [AD] [INFO] Captured GraphQL comments {"postId":"175560566"}
[2026-02-16 13:12:57] [AD] [INFO] Refresh comments {"postId":"11175560409","url":"https://haraj.com.sa/11175560409"}
[2026-02-16 13:12:58] [AD] [INFO] Opening contact modal {"postId":"175560566"}
[2026-02-16 13:12:59] [AD] [INFO] Refresh comments {"postId":"11175560432","url":"https://haraj.com.sa/11175560432"}
[2026-02-16 13:13:15] [AD] [WARN] Phone did not settle in time {"postId":"175560577"}
[2026-02-16 13:13:16] [AD] [INFO] Contact extracted {"postId":"175560577","phone":null,"href":"tel:"}
[2026-02-16 13:13:16] [AD] [INFO] Closing ad tab {"postId":"175560577"}
[2026-02-16 13:13:17] [AD] [INFO] Open ad (new tab) {"postId":"175560563","url":"https://haraj.com.sa/11175560563/%D9%84%D9%83%D8%B2%D8%B3_2021_%D8%B9%D8%A8%D8%AF%D8%A7%D9%84%D9%84%D8%B7%D9%8A%D9%81_%D8%AC%D9%85%D9%8A%D9%84_%D9%88%D9%83%D8%A7%D9%84%D9%87_%D8%B9%D9%84%D9%89_%D8%A7%D9%84%D9%81%D8%AD%D8%B5_%D9%81%D9%84_%D8%A7%D9%84%D9%81%D9%84/"}
[2026-02-16 13:13:48] [AD] [WARN] Phone did not settle in time {"postId":"175560568"}
[2026-02-16 13:13:48] [AD] [INFO] Contact extracted {"postId":"175560568","phone":null,"href":"tel:"}
[2026-02-16 13:13:49] [AD] [INFO] Closing ad tab {"postId":"175560568"}
[2026-02-16 13:13:49] [AD] [INFO] Open ad (new tab) {"postId":"175560561","url":"https://haraj.com.sa/11175560561/%D9%87%D8%A7%D9%8A%D9%84%D9%83%D8%B3_2800_%D8%BA%D9%85%D8%A7%D8%B1%D8%A9_%D8%A8%D9%88%D8%AF%D9%8A_%D9%88%D9%83%D8%A7%D9%84%D8%A9_%D8%A7%D9%84%D9%85%D8%A7%D9%84%D9%83_%D8%A7%D9%84%D8%A7%D9%88%D9%84/"}
[2026-02-16 13:13:59] [AD] [WARN] Phone did not settle in time {"postId":"175560566"}
[2026-02-16 13:13:59] [AD] [INFO] Contact extracted {"postId":"175560566","phone":null,"href":"tel:undefined"}
[2026-02-16 13:13:59] [AD] [INFO] Closing ad tab {"postId":"175560566"}
[2026-02-16 13:14:00] [AD] [INFO] Open ad (new tab) {"postId":"175560559","url":"https://haraj.com.sa/11175560559/%D9%85%D8%B7%D9%84%D9%88%D8%A8_%D8%A7%D9%86%D9%81%D9%86%D8%AA%D9%8A_g35_coupe_%D9%83%D8%B2%D8%A8%D9%8A%D9%87_%D8%A8%D8%AC%D8%AF%D8%A9_%D8%A7%D9%82%D8%B3%D8%A7%D8%B7_%D8%B4%D9%87%D8%B1/"}
[2026-02-16 13:14:19] [AD] [WARN] post-contact not found {"postId":"175560563"}
[2026-02-16 13:14:20] [AD] [WARN] Contact button not visible {"postId":"175560563"}
[2026-02-16 13:14:20] [AD] [INFO] Closing ad tab {"postId":"175560563"}
[2026-02-16 13:14:21] [AD] [INFO] Open ad (new tab) {"postId":"175560557","url":"https://haraj.com.sa/11175560557/%D9%84%D9%84%D8%A8%D9%8A%D8%B9_%D9%87%D9%88%D9%86%D8%AF%D8%A7%D9%8A_%D8%A3%D9%83%D8%B3%D9%86%D8%AA_2023/"}
[2026-02-16 13:14:23] [AD] [INFO] Captured GraphQL posts {"postId":"175560557"}
[2026-02-16 13:14:24] [AD] [INFO] Captured GraphQL comments {"postId":"175560557"}
[2026-02-16 13:14:25] [AD] [INFO] Opening contact modal {"postId":"175560557"}
[2026-02-16 13:14:27] [AD] [INFO] Contact extracted {"postId":"175560557","phone":"+966555763035","href":"tel:+966555763035"}
[2026-02-16 13:14:27] [AD] [INFO] Closing ad tab {"postId":"175560557"}
[2026-02-16 13:14:28] [AD] [INFO] Open ad (new tab) {"postId":"175560548","url":"https://haraj.com.sa/11175560548/%D8%B1%D8%A7%D9%81%D8%B9%D9%87_%D8%B4%D9%88%D9%83%D9%8A%D9%87_%D9%84%D9%84%D8%A7%D9%8A%D8%AC%D8%A7%D8%B1_%D9%81%D9%88%D8%B1%D9%83%D9%84%D9%81%D8%AA_%D8%B3%D9%83%D9%8A%D9%86%D9%87_%D9%84%D9%84%D8%A7%D9%8A%D8%AC%D8%A7%D8%B1_%D9%8A%D9%88%D9%85%D9%8A_%D8%B4%D9%87%D8%B1%D9%8A_%D9%85%D8%B4%D8%A7%D9%88%D9%8A%D8%B1/"}
[2026-02-16 13:14:31] [AD] [INFO] Captured GraphQL posts {"postId":"175560548"}
[2026-02-16 13:14:31] [AD] [INFO] Captured GraphQL comments {"postId":"175560548"}
[2026-02-16 13:14:33] [AD] [INFO] Opening contact modal {"postId":"175560548"}
[2026-02-16 13:14:34] [AD] [INFO] Contact extracted {"postId":"175560548","phone":"+966551738129","href":"tel:+966551738129"}
[2026-02-16 13:14:34] [AD] [INFO] Closing ad tab {"postId":"175560548"}
[2026-02-16 13:14:36] [AD] [INFO] Open ad (new tab) {"postId":"175560547","url":"https://haraj.com.sa/11175560547/%D8%AC%D9%8A%D8%A8_%D8%B1%D8%A7%D9%86%D8%AC%D9%84%D8%B1_2023_Sport_V6_%D8%B9%D8%AF%D8%A7%D8%AF_16_%D8%A7%D9%84%D9%81/"}
[2026-02-16 13:14:38] [AD] [INFO] Captured GraphQL posts {"postId":"175560547"}
[2026-02-16 13:14:39] [AD] [INFO] Captured GraphQL comments {"postId":"175560547"}
[2026-02-16 13:14:40] [AD] [INFO] Opening contact modal {"postId":"175560547"}
[2026-02-16 13:14:41] [AD] [INFO] Contact extracted {"postId":"175560547","phone":"+966595005000","href":"tel:+966595005000"}
[2026-02-16 13:14:41] [AD] [INFO] Closing ad tab {"postId":"175560547"}
[2026-02-16 13:14:42] [AD] [INFO] Open ad (new tab) {"postId":"175560541","url":"https://haraj.com.sa/11175560541/%D9%84%D9%84%D8%A8%D9%8A%D8%B9_%D8%B3%D9%8A%D8%A7%D8%B1%D8%A9_%D9%87%D9%88%D9%86%D8%AF%D8%A7%D9%8A_%D8%AF%D9%8A%D8%B2%D9%84/"}
[2026-02-16 13:14:45] [AD] [INFO] Captured GraphQL posts {"postId":"175560541"}
[2026-02-16 13:14:45] [AD] [INFO] Captured GraphQL comments {"postId":"175560541"}
[2026-02-16 13:14:47] [AD] [INFO] Opening contact modal {"postId":"175560541"}
[2026-02-16 13:14:53] [AD] [WARN] post-contact not found {"postId":"175560561"}
[2026-02-16 13:14:53] [AD] [WARN] Contact button not visible {"postId":"175560561"}
[2026-02-16 13:14:53] [AD] [INFO] Closing ad tab {"postId":"175560561"}
[2026-02-16 13:14:54] [AD] [INFO] Open ad (new tab) {"postId":"175560540","url":"https://haraj.com.sa/11175560540/%D9%84%D9%88%D8%AD%D8%A9/"}
[2026-02-16 13:14:57] [AD] [INFO] Captured GraphQL posts {"postId":"175560540"}
[2026-02-16 13:14:57] [AD] [INFO] Captured GraphQL comments {"postId":"175560540"}
[2026-02-16 13:14:58] [AD] [INFO] Opening contact modal {"postId":"175560540"}
[2026-02-16 13:14:59] [AD] [INFO] Contact extracted {"postId":"175560540","phone":"+966567705268","href":"tel:+966567705268"}
[2026-02-16 13:14:59] [AD] [INFO] Closing ad tab {"postId":"175560540"}
[2026-02-16 13:15:00] [AD] [INFO] Open ad (new tab) {"postId":"175560539","url":"https://haraj.com.sa/11175560539/%D9%87%D8%A7%D9%8A%D9%84%D9%88%D9%83%D8%B3_2016_%D9%86%D8%B8%D9%8A%D9%81%D9%87/"}
[2026-02-16 13:15:03] [AD] [INFO] Captured GraphQL posts {"postId":"175560539"}
[2026-02-16 13:15:03] [AD] [WARN] post-contact not found {"postId":"175560559"}
[2026-02-16 13:15:03] [AD] [INFO] Captured GraphQL comments {"postId":"175560539"}
[2026-02-16 13:15:03] [AD] [WARN] Contact button not visible {"postId":"175560559"}
[2026-02-16 13:15:03] [AD] [INFO] Closing ad tab {"postId":"175560559"}
[2026-02-16 13:15:04] [AD] [INFO] Opening contact modal {"postId":"175560539"}
[2026-02-16 13:15:05] [AD] [INFO] Open ad (new tab) {"postId":"175560582","url":"https://haraj.com.sa/11175560582/%D9%86%D9%8A%D8%B3%D8%A7%D9%86_%D8%A7%D9%83%D8%B3_%D8%AA%D8%B1%D9%8A%D9%84_5_%D8%B1%D8%A7%D9%83%D8%A8_%D8%A8%D8%AF%D9%88%D9%86_%D8%AF%D8%A8%D9%84_2025/"}
[2026-02-16 13:15:06] [AD] [INFO] Contact extracted {"postId":"175560539","phone":"+966500903361","href":"tel:+966500903361"}
[2026-02-16 13:15:06] [AD] [INFO] Closing ad tab {"postId":"175560539"}
[2026-02-16 13:15:07] [AD] [INFO] Open ad (new tab) {"postId":"175560578","url":"https://haraj.com.sa/11175560578/%D9%83%D8%A7%D8%A8%D8%B1%D8%B3_2009/"}
[2026-02-16 13:15:07] [AD] [INFO] Captured GraphQL posts {"postId":"175560582"}
[2026-02-16 13:15:07] [AD] [INFO] Captured GraphQL comments {"postId":"175560582"}
[2026-02-16 13:15:08] [AD] [INFO] Opening contact modal {"postId":"175560582"}
[2026-02-16 13:15:10] [AD] [INFO] Captured GraphQL posts {"postId":"175560578"}
[2026-02-16 13:15:10] [AD] [INFO] Captured GraphQL comments {"postId":"175560578"}
[2026-02-16 13:15:11] [AD] [INFO] Contact extracted {"postId":"175560582","phone":"+966564233420","href":"tel:+966564233420"}
[2026-02-16 13:15:11] [AD] [INFO] Closing ad tab {"postId":"175560582"}
[2026-02-16 13:15:11] [AD] [INFO] Opening contact modal {"postId":"175560578"}
[2026-02-16 13:15:12] [AD] [INFO] Open ad (new tab) {"postId":"175560577","url":"https://haraj.com.sa/11175560577/%D9%84%D9%88%D8%AD%D8%A9_%D8%A8_%D9%82_%D9%85_9044/"}
[2026-02-16 13:15:13] [AD] [INFO] Contact extracted {"postId":"175560578","phone":"+966559213988","href":"tel:+966559213988"}
[2026-02-16 13:15:13] [AD] [INFO] Closing ad tab {"postId":"175560578"}
[2026-02-16 13:15:13] [AD] [INFO] Open ad (new tab) {"postId":"175560575","url":"https://haraj.com.sa/11175560575/%D8%AF%D9%88%D8%AF%D8%AC_%D8%AF%D8%B1%D8%A7%D9%86%D8%AC%D9%88_GT_2025_%D8%A7%D9%82%D9%88%D9%8A_%D8%B9%D8%B1%D9%88%D8%B6_%D9%8A%D9%88%D9%85_%D8%A7%D9%84%D8%AA%D8%A3%D8%B3%D9%8A%D8%B3/"}
[2026-02-16 13:15:15] [AD] [INFO] Captured GraphQL posts {"postId":"175560577"}
[2026-02-16 13:15:16] [AD] [INFO] Captured GraphQL comments {"postId":"175560577"}
[2026-02-16 13:15:16] [AD] [INFO] Captured GraphQL posts {"postId":"175560575"}
[2026-02-16 13:15:16] [AD] [INFO] Captured GraphQL comments {"postId":"175560575"}
[2026-02-16 13:15:17] [AD] [INFO] Opening contact modal {"postId":"175560577"}
[2026-02-16 13:15:17] [AD] [INFO] Opening contact modal {"postId":"175560575"}
[2026-02-16 13:15:18] [AD] [INFO] Contact extracted {"postId":"175560575","phone":"+966556251084","href":"tel:+966556251084"}
[2026-02-16 13:15:18] [AD] [INFO] Closing ad tab {"postId":"175560575"}
[2026-02-16 13:15:19] [AD] [INFO] Open ad (new tab) {"postId":"175560574","url":"https://haraj.com.sa/11175560574/%D9%84%D9%84%D8%A8%D9%8A%D8%B9_%D8%A8%D8%B7%D8%A7%D8%B1%D9%8A%D9%87_%D9%84%D8%A7%D9%86%D8%AF%D9%83%D8%B1%D9%88%D8%B2%D8%B1_70_%D8%A3%D9%85%D8%A8%D9%8A%D8%B1_%D9%85%D8%A7%D9%84%D9%8A%D8%B2%D9%8A/"}
[2026-02-16 13:15:21] [AD] [INFO] Captured GraphQL posts {"postId":"175560574"}
[2026-02-16 13:15:21] [AD] [INFO] Captured GraphQL comments {"postId":"175560574"}
[2026-02-16 13:15:23] [AD] [INFO] Opening contact modal {"postId":"175560574"}
[2026-02-16 13:15:25] [AD] [INFO] Contact extracted {"postId":"175560574","phone":"+966551520216","href":"tel:+966551520216"}
[2026-02-16 13:15:25] [AD] [INFO] Closing ad tab {"postId":"175560574"}
[2026-02-16 13:15:26] [AD] [INFO] Open ad (new tab) {"postId":"73847670","url":"https://haraj.com.sa/1173847670/%D8%AA%D8%B4%D8%BA%D9%8A%D9%84_%D8%B9%D9%86_%D8%A8%D8%B9%D8%AF_%D9%84%D9%83%D8%B2%D8%B3_%D9%88_%D8%AA%D9%88%D9%8A%D9%88%D8%AA%D8%A7_%D9%84%D9%84%D8%A8%D8%B5%D9%85%D9%87_%D9%81%D9%82%D8%B7/"}
[2026-02-16 13:15:29] [AD] [INFO] Captured GraphQL posts {"postId":"73847670"}
[2026-02-16 13:15:29] [AD] [INFO] Captured GraphQL comments {"postId":"73847670"}
[2026-02-16 13:15:31] [AD] [INFO] Opening contact modal {"postId":"73847670"}
[2026-02-16 13:15:32] [AD] [INFO] Contact extracted {"postId":"73847670","phone":"+966502974322","href":"tel:+966502974322"}
[2026-02-16 13:15:32] [AD] [INFO] Closing ad tab {"postId":"73847670"}
[2026-02-16 13:15:34] [AD] [INFO] Open ad (new tab) {"postId":"85974552","url":"https://haraj.com.sa/1185974552/%D8%AA%D9%88%D9%8A%D9%88%D8%AA%D8%A7_%D9%84%D8%A7%D9%86%D8%AF%D9%83%D8%B1%D9%88%D8%B2%D8%B1_2013_%D9%88%D9%83%D8%A7%D9%84%D8%A9_%D9%85%D8%AE%D8%B2%D9%86_%D9%85%D8%A8%D8%A7%D8%B9/"}
[2026-02-16 13:15:36] [AD] [INFO] Captured GraphQL posts {"postId":"85974552"}
[2026-02-16 13:15:37] [AD] [INFO] Captured GraphQL comments {"postId":"85974552"}
[2026-02-16 13:15:37] [AD] [INFO] Opening contact modal {"postId":"85974552"}
[2026-02-16 13:15:38] [AD] [INFO] Contact extracted {"postId":"85974552","phone":"0000000000","href":"tel:"}
[2026-02-16 13:15:38] [AD] [INFO] Closing ad tab {"postId":"85974552"}
[2026-02-16 13:15:40] [AD] [INFO] Open ad (new tab) {"postId":"175560572","url":"https://haraj.com.sa/11175560572/%D9%85%D8%B1%D8%B3%D9%8A%D8%AF%D8%B3_E200_%D9%85%D9%88%D8%AF%D9%8A%D9%84_2024_%D8%A7%D8%B3%D8%AA%D9%8A%D8%B1%D8%A7%D8%AF_%D9%83%D9%88%D8%B1%D9%8A%D8%A7/"}
[2026-02-16 13:15:43] [AD] [INFO] Captured GraphQL posts {"postId":"175560572"}
[2026-02-16 13:15:43] [AD] [INFO] Captured GraphQL comments {"postId":"175560572"}
[2026-02-16 13:15:45] [AD] [INFO] Opening contact modal {"postId":"175560572"}
[2026-02-16 13:15:45] [AD] [INFO] Contact extracted {"postId":"175560572","phone":"+966595711389","href":"tel:+966595711389"}
[2026-02-16 13:15:45] [AD] [INFO] Closing ad tab {"postId":"175560572"}
[2026-02-16 13:15:47] [AD] [INFO] Open ad (new tab) {"postId":"175560571","url":"https://haraj.com.sa/11175560571/%D8%A7%D9%8A%D8%B3%D9%88%D8%B2%D9%88_%D8%AF%D9%8A%D9%86%D8%A7_5_%D8%B7%D9%86_%D8%B4%D8%A7%D8%B5_4_95/"}
[2026-02-16 13:15:48] [AD] [WARN] Phone did not settle in time {"postId":"175560541"}
[2026-02-16 13:15:48] [AD] [INFO] Contact extracted {"postId":"175560541","phone":null,"href":"tel:"}
[2026-02-16 13:15:48] [AD] [INFO] Closing ad tab {"postId":"175560541"}
[2026-02-16 13:15:49] [AD] [INFO] Open ad (new tab) {"postId":"175560568","url":"https://haraj.com.sa/11175560568/%D8%B3%D9%88%D9%86%D8%A7%D8%AA%D8%A7_2016_%D9%85%D8%A7%D8%B4%D9%8A_450_%D8%A7%D9%84%D9%81_%D9%83%D9%8A%D9%84%D9%88_%D9%85%D8%AA%D8%B1_%D9%85%D8%B3%D9%82%D8%B7_%D9%84%D9%87_%D9%85%D8%A7%D9%83%D9%8A%D9%86%D8%A9_%D8%AF%D9%88%D9%88%D8%AC/"}
[2026-02-16 13:15:51] [AD] [INFO] Captured GraphQL posts {"postId":"175560571"}
[2026-02-16 13:15:51] [AD] [INFO] Captured GraphQL comments {"postId":"175560571"}
[2026-02-16 13:15:51] [AD] [INFO] Captured GraphQL posts {"postId":"175560568"}
[2026-02-16 13:15:52] [AD] [INFO] Captured GraphQL comments {"postId":"175560568"}
[2026-02-16 13:15:52] [AD] [INFO] Opening contact modal {"postId":"175560571"}
[2026-02-16 13:15:53] [AD] [INFO] Opening contact modal {"postId":"175560568"}
[2026-02-16 13:15:56] [AD] [INFO] Contact extracted {"postId":"175560571","phone":"+966560573068","href":"tel:+966560573068"}
[2026-02-16 13:15:56] [AD] [INFO] Closing ad tab {"postId":"175560571"}
[2026-02-16 13:15:57] [AD] [INFO] Open ad (new tab) {"postId":"175560566","url":"https://haraj.com.sa/11175560566/2025_%D8%B1%D9%86%D8%AC_%D8%B1%D9%88%D9%81%D8%B1_%D8%B3%D8%A8%D9%88%D8%B1%D8%AA_HSE_DYNAMIC_V6_%D8%B6%D9%85%D8%A7%D9%86_%D8%AE%D9%85%D8%B3_%D8%B3%D9%86%D9%88%D8%A7%D8%AA_%D8%AC%D8%AF%D9%8A%D8%AF/"}
[2026-02-16 13:15:59] [AD] [INFO] Captured GraphQL posts {"postId":"175560566"}
[2026-02-16 13:16:00] [AD] [INFO] Captured GraphQL comments {"postId":"175560566"}
[2026-02-16 13:16:01] [AD] [INFO] Opening contact modal {"postId":"175560566"}
[2026-02-16 13:16:02] [AD] [INFO] Contact extracted {"postId":"175560566","phone":"+966544489666","href":"tel:+966544489666"}
[2026-02-16 13:16:02] [AD] [INFO] Closing ad tab {"postId":"175560566"}
[2026-02-16 13:16:04] [AD] [INFO] Open ad (new tab) {"postId":"175560563","url":"https://haraj.com.sa/11175560563/%D9%84%D9%83%D8%B2%D8%B3_2021_%D8%B9%D8%A8%D8%AF%D8%A7%D9%84%D9%84%D8%B7%D9%8A%D9%81_%D8%AC%D9%85%D9%8A%D9%84_%D9%88%D9%83%D8%A7%D9%84%D9%87_%D8%B9%D9%84%D9%89_%D8%A7%D9%84%D9%81%D8%AD%D8%B5_%D9%81%D9%84_%D8%A7%D9%84%D9%81%D9%84/"}
[2026-02-16 13:16:06] [AD] [INFO] Captured GraphQL posts {"postId":"175560563"}
[2026-02-16 13:16:06] [AD] [INFO] Captured GraphQL comments {"postId":"175560563"}
[2026-02-16 13:16:08] [AD] [INFO] Opening contact modal {"postId":"175560563"}
[2026-02-16 13:16:19] [AD] [WARN] Phone did not settle in time {"postId":"175560577"}
[2026-02-16 13:16:19] [AD] [INFO] Contact extracted {"postId":"175560577","phone":null,"href":"tel:"}
[2026-02-16 13:16:19] [AD] [INFO] Closing ad tab {"postId":"175560577"}
[2026-02-16 13:16:20] [AD] [INFO] Open ad (new tab) {"postId":"175560561","url":"https://haraj.com.sa/11175560561/%D9%87%D8%A7%D9%8A%D9%84%D9%83%D8%B3_2800_%D8%BA%D9%85%D8%A7%D8%B1%D8%A9_%D8%A8%D9%88%D8%AF%D9%8A_%D9%88%D9%83%D8%A7%D9%84%D8%A9_%D8%A7%D9%84%D9%85%D8%A7%D9%84%D9%83_%D8%A7%D9%84%D8%A7%D9%88%D9%84/"}
[2026-02-16 13:16:23] [AD] [INFO] Captured GraphQL posts {"postId":"175560561"}
[2026-02-16 13:16:23] [AD] [INFO] Captured GraphQL comments {"postId":"175560561"}
[2026-02-16 13:16:25] [AD] [INFO] Opening contact modal {"postId":"175560561"}
[2026-02-16 13:16:26] [AD] [INFO] Contact extracted {"postId":"175560561","phone":"+966538881866","href":"tel:+966538881866"}
[2026-02-16 13:16:26] [AD] [INFO] Closing ad tab {"postId":"175560561"}
[2026-02-16 13:16:27] [AD] [INFO] Open ad (new tab) {"postId":"175560559","url":"https://haraj.com.sa/11175560559/%D9%85%D8%B7%D9%84%D9%88%D8%A8_%D8%A7%D9%86%D9%81%D9%86%D8%AA%D9%8A_g35_coupe_%D9%83%D8%B2%D8%A8%D9%8A%D9%87_%D8%A8%D8%AC%D8%AF%D8%A9_%D8%A7%D9%82%D8%B3%D8%A7%D8%B7_%D8%B4%D9%87%D8%B1/"}
[2026-02-16 13:16:30] [AD] [INFO] Captured GraphQL posts {"postId":"175560559"}
[2026-02-16 13:16:31] [AD] [INFO] Captured GraphQL comments {"postId":"175560559"}
[2026-02-16 13:16:33] [AD] [INFO] Opening contact modal {"postId":"175560559"}
[2026-02-16 13:16:54] [AD] [WARN] Phone did not settle in time {"postId":"175560568"}
[2026-02-16 13:16:54] [AD] [INFO] Contact extracted {"postId":"175560568","phone":null,"href":"tel:"}
[2026-02-16 13:16:54] [AD] [INFO] Closing ad tab {"postId":"175560568"}
[2026-02-16 13:16:55] [AD] [INFO] Open ad (new tab) {"postId":"175560557","url":"https://haraj.com.sa/11175560557/%D9%84%D9%84%D8%A8%D9%8A%D8%B9_%D9%87%D9%88%D9%86%D8%AF%D8%A7%D9%8A_%D8%A3%D9%83%D8%B3%D9%86%D8%AA_2023/"}
[2026-02-16 13:16:58] [AD] [INFO] Captured GraphQL posts {"postId":"175560557"}
[2026-02-16 13:16:58] [AD] [INFO] Captured GraphQL comments {"postId":"175560557"}
[2026-02-16 13:17:00] [AD] [INFO] Opening contact modal {"postId":"175560557"}
[2026-02-16 13:17:01] [AD] [INFO] Contact extracted {"postId":"175560557","phone":"+966555763035","href":"tel:+966555763035"}
[2026-02-16 13:17:01] [AD] [INFO] Closing ad tab {"postId":"175560557"}
[2026-02-16 13:17:02] [AD] [INFO] Open ad (new tab) {"postId":"175560548","url":"https://haraj.com.sa/11175560548/%D8%B1%D8%A7%D9%81%D8%B9%D9%87_%D8%B4%D9%88%D9%83%D9%8A%D9%87_%D9%84%D9%84%D8%A7%D9%8A%D8%AC%D8%A7%D8%B1_%D9%81%D9%88%D8%B1%D9%83%D9%84%D9%81%D8%AA_%D8%B3%D9%83%D9%8A%D9%86%D9%87_%D9%84%D9%84%D8%A7%D9%8A%D8%AC%D8%A7%D8%B1_%D9%8A%D9%88%D9%85%D9%8A_%D8%B4%D9%87%D8%B1%D9%8A_%D9%85%D8%B4%D8%A7%D9%88%D9%8A%D8%B1/"}
[2026-02-16 13:17:04] [AD] [INFO] Captured GraphQL posts {"postId":"175560548"}
[2026-02-16 13:17:05] [AD] [INFO] Captured GraphQL comments {"postId":"175560548"}
[2026-02-16 13:17:06] [AD] [INFO] Opening contact modal {"postId":"175560548"}
[2026-02-16 13:17:07] [AD] [INFO] Contact extracted {"postId":"175560548","phone":"+966551738129","href":"tel:+966551738129"}
[2026-02-16 13:17:07] [AD] [INFO] Closing ad tab {"postId":"175560548"}
[2026-02-16 13:17:08] [AD] [INFO] Open ad (new tab) {"postId":"175560547","url":"https://haraj.com.sa/11175560547/%D8%AC%D9%8A%D8%A8_%D8%B1%D8%A7%D9%86%D8%AC%D9%84%D8%B1_2023_Sport_V6_%D8%B9%D8%AF%D8%A7%D8%AF_16_%D8%A7%D9%84%D9%81/"}
[2026-02-16 13:17:09] [AD] [WARN] Phone did not settle in time {"postId":"175560563"}
[2026-02-16 13:17:09] [AD] [INFO] Contact extracted {"postId":"175560563","phone":null,"href":"tel:"}
[2026-02-16 13:17:09] [AD] [INFO] Closing ad tab {"postId":"175560563"}
[2026-02-16 13:17:11] [AD] [INFO] Open ad (new tab) {"postId":"175560541","url":"https://haraj.com.sa/11175560541/%D9%84%D9%84%D8%A8%D9%8A%D8%B9_%D8%B3%D9%8A%D8%A7%D8%B1%D8%A9_%D9%87%D9%88%D9%86%D8%AF%D8%A7%D9%8A_%D8%AF%D9%8A%D8%B2%D9%84/"}
[2026-02-16 13:17:12] [AD] [INFO] Captured GraphQL posts {"postId":"175560547"}
[2026-02-16 13:17:12] [AD] [INFO] Captured GraphQL comments {"postId":"175560547"}
[2026-02-16 13:17:13] [AD] [INFO] Opening contact modal {"postId":"175560547"}
[2026-02-16 13:17:14] [AD] [INFO] Captured GraphQL posts {"postId":"175560541"}
[2026-02-16 13:17:14] [AD] [INFO] Captured GraphQL comments {"postId":"175560541"}
[2026-02-16 13:17:16] [AD] [INFO] Opening contact modal {"postId":"175560541"}
[2026-02-16 13:17:17] [AD] [INFO] Contact extracted {"postId":"175560547","phone":"+966595005000","href":"tel:+966595005000"}
[2026-02-16 13:17:17] [AD] [INFO] Closing ad tab {"postId":"175560547"}
[2026-02-16 13:17:18] [AD] [INFO] Open ad (new tab) {"postId":"175560540","url":"https://haraj.com.sa/11175560540/%D9%84%D9%88%D8%AD%D8%A9/"}
[2026-02-16 13:17:21] [AD] [INFO] Captured GraphQL posts {"postId":"175560540"}
[2026-02-16 13:17:21] [AD] [INFO] Captured GraphQL comments {"postId":"175560540"}
[2026-02-16 13:17:22] [AD] [INFO] Opening contact modal {"postId":"175560540"}
[2026-02-16 13:17:24] [AD] [INFO] Contact extracted {"postId":"175560540","phone":"+966567705268","href":"tel:+966567705268"}
[2026-02-16 13:17:24] [AD] [INFO] Closing ad tab {"postId":"175560540"}
[2026-02-16 13:17:25] [AD] [INFO] Open ad (new tab) {"postId":"175560539","url":"https://haraj.com.sa/11175560539/%D9%87%D8%A7%D9%8A%D9%84%D9%88%D9%83%D8%B3_2016_%D9%86%D8%B8%D9%8A%D9%81%D9%87/"}
[2026-02-16 13:17:28] [AD] [INFO] Captured GraphQL posts {"postId":"175560539"}
[2026-02-16 13:17:29] [AD] [INFO] Captured GraphQL comments {"postId":"175560539"}
[2026-02-16 13:17:30] [AD] [INFO] Opening contact modal {"postId":"175560539"}
[2026-02-16 13:17:31] [AD] [INFO] Contact extracted {"postId":"175560539","phone":"+966500903361","href":"tel:+966500903361"}
[2026-02-16 13:17:31] [AD] [INFO] Closing ad tab {"postId":"175560539"}
[2026-02-16 13:17:34] [AD] [WARN] Phone did not settle in time {"postId":"175560559"}
[2026-02-16 13:17:34] [AD] [INFO] Contact extracted {"postId":"175560559","phone":null,"href":"tel:"}
[2026-02-16 13:17:34] [AD] [INFO] Closing ad tab {"postId":"175560559"}
[2026-02-16 13:18:17] [AD] [WARN] Phone did not settle in time {"postId":"175560541"}
[2026-02-16 13:18:17] [AD] [INFO] Contact extracted {"postId":"175560541","phone":null,"href":"tel:"}
[2026-02-16 13:18:17] [AD] [INFO] Closing ad tab {"postId":"175560541"}
[2026-02-16 13:23:23] [AD] [INFO] Open ad (new tab) {"postId":"175561233","url":"https://haraj.com.sa/11175561233/%D8%A7%D8%B3%D8%B7%D8%A8_%D8%A7%D9%83%D8%B3%D9%86%D8%AA_2021_%D9%8A%D8%B3%D8%A7%D8%B1/"}
[2026-02-16 13:23:23] [AD] [INFO] Open ad (new tab) {"postId":"175561235","url":"https://haraj.com.sa/11175561235/%D9%84%D9%84%D8%A8%D9%8A%D8%B9_MG360_2019_%D8%B3%D8%AA%D8%A7%D9%86%D8%AF%D8%B1/"}
[2026-02-16 13:23:23] [AD] [INFO] Open ad (new tab) {"postId":"175561234","url":"https://haraj.com.sa/11175561234/%D8%AF%D8%AF%D8%B3%D9%86_2009_%D9%86%D8%B8%D9%8A%D9%81%D9%87%D9%85/"}
[2026-02-16 13:23:27] [AD] [INFO] Captured GraphQL posts {"postId":"175561234"}
[2026-02-16 13:23:27] [AD] [INFO] Captured GraphQL comments {"postId":"175561234"}
[2026-02-16 13:23:28] [AD] [INFO] Captured GraphQL posts {"postId":"175561233"}
[2026-02-16 13:23:28] [AD] [INFO] Captured GraphQL comments {"postId":"175561233"}
[2026-02-16 13:23:28] [AD] [INFO] Captured GraphQL posts {"postId":"175561235"}
[2026-02-16 13:23:28] [AD] [INFO] Opening contact modal {"postId":"175561234"}
[2026-02-16 13:23:29] [AD] [INFO] Captured GraphQL comments {"postId":"175561235"}
[2026-02-16 13:23:30] [AD] [INFO] Opening contact modal {"postId":"175561233"}
[2026-02-16 13:23:30] [AD] [INFO] Opening contact modal {"postId":"175561235"}
[2026-02-16 13:23:30] [AD] [INFO] Contact extracted {"postId":"175561234","phone":"+966558486799","href":"tel:+966558486799"}
[2026-02-16 13:23:30] [AD] [INFO] Closing ad tab {"postId":"175561234"}
[2026-02-16 13:23:31] [AD] [INFO] Open ad (new tab) {"postId":"175561232","url":"https://haraj.com.sa/11175561232/%D9%85%D8%A7%D8%B2%D8%AF%D8%A7_6_%D9%81%D9%84_%D9%83%D8%A7%D9%85%D9%84_%D8%A7%D8%B9%D9%84%D9%89_%D9%81%D8%A6%D9%87_2025_%D9%85%D8%B5%D8%AF%D9%88%D9%85%D9%87_%D8%B4%D8%BA%D8%A7%D9%84%D9%87_%D9%88%D8%AA%D9%85%D8%B4%D9%8A/"}
[2026-02-16 13:23:32] [AD] [INFO] Contact extracted {"postId":"175561235","phone":"+966555836311","href":"tel:+966555836311"}
[2026-02-16 13:23:32] [AD] [INFO] Closing ad tab {"postId":"175561235"}
[2026-02-16 13:23:32] [AD] [INFO] Contact extracted {"postId":"175561233","phone":"+966500348211","href":"tel:+966500348211"}
[2026-02-16 13:23:32] [AD] [INFO] Closing ad tab {"postId":"175561233"}
[2026-02-16 13:23:33] [AD] [INFO] Open ad (new tab) {"postId":"175561228","url":"https://haraj.com.sa/11175561228/%D9%85%D8%A7%D8%B2%D8%AF%D8%A7_6_%D9%85%D8%AF%D9%8A%D9%84_2023/"}
[2026-02-16 13:23:33] [AD] [INFO] Open ad (new tab) {"postId":"73847670","url":"https://haraj.com.sa/1173847670/%D8%AA%D8%B4%D8%BA%D9%8A%D9%84_%D8%B9%D9%86_%D8%A8%D8%B9%D8%AF_%D9%84%D9%83%D8%B2%D8%B3_%D9%88_%D8%AA%D9%88%D9%8A%D9%88%D8%AA%D8%A7_%D9%84%D9%84%D8%A8%D8%B5%D9%85%D9%87_%D9%81%D9%82%D8%B7/"}
[2026-02-16 13:23:35] [AD] [INFO] Captured GraphQL posts {"postId":"175561232"}
[2026-02-16 13:23:35] [AD] [INFO] Captured GraphQL posts {"postId":"175561228"}
[2026-02-16 13:23:36] [AD] [INFO] Captured GraphQL comments {"postId":"175561232"}
[2026-02-16 13:23:37] [AD] [INFO] Captured GraphQL comments {"postId":"175561228"}
[2026-02-16 13:23:37] [AD] [INFO] Captured GraphQL posts {"postId":"73847670"}
[2026-02-16 13:23:37] [AD] [INFO] Captured GraphQL comments {"postId":"73847670"}
[2026-02-16 13:23:37] [AD] [INFO] Opening contact modal {"postId":"175561232"}
[2026-02-16 13:23:38] [AD] [INFO] Opening contact modal {"postId":"175561228"}
[2026-02-16 13:23:39] [AD] [INFO] Opening contact modal {"postId":"73847670"}
[2026-02-16 13:23:40] [AD] [INFO] Contact extracted {"postId":"73847670","phone":"+966502974322","href":"tel:+966502974322"}
[2026-02-16 13:23:40] [AD] [INFO] Closing ad tab {"postId":"73847670"}
[2026-02-16 13:23:41] [AD] [INFO] Contact extracted {"postId":"175561232","phone":"+966532181881","href":"tel:+966532181881"}
[2026-02-16 13:23:41] [AD] [INFO] Closing ad tab {"postId":"175561232"}
[2026-02-16 13:23:42] [AD] [INFO] Open ad (new tab) {"postId":"85974552","url":"https://haraj.com.sa/1185974552/%D8%AA%D9%88%D9%8A%D9%88%D8%AA%D8%A7_%D9%84%D8%A7%D9%86%D8%AF%D9%83%D8%B1%D9%88%D8%B2%D8%B1_2013_%D9%88%D9%83%D8%A7%D9%84%D8%A9_%D9%85%D8%AE%D8%B2%D9%86_%D9%85%D8%A8%D8%A7%D8%B9/"}
[2026-02-16 13:23:42] [AD] [INFO] Open ad (new tab) {"postId":"175561219","url":"https://haraj.com.sa/11175561219/%D8%B3%D9%88%D9%86%D8%A7%D8%AA%D8%A7_%D8%B1%D9%85%D8%A7%D8%AF%D9%8A_%D9%85%D8%B7%D9%81%D9%8A/"}
[2026-02-16 13:23:45] [AD] [INFO] Captured GraphQL posts {"postId":"175561219"}
[2026-02-16 13:23:46] [AD] [INFO] Captured GraphQL posts {"postId":"85974552"}
[2026-02-16 13:23:46] [AD] [INFO] Captured GraphQL comments {"postId":"175561219"}
[2026-02-16 13:23:46] [AD] [INFO] Captured GraphQL comments {"postId":"85974552"}
[2026-02-16 13:23:47] [AD] [INFO] Opening contact modal {"postId":"175561219"}
[2026-02-16 13:23:47] [AD] [INFO] Opening contact modal {"postId":"85974552"}
[2026-02-16 13:23:48] [AD] [INFO] Contact extracted {"postId":"175561219","phone":"+966567254511","href":"tel:+966567254511"}
[2026-02-16 13:23:48] [AD] [INFO] Closing ad tab {"postId":"175561219"}
[2026-02-16 13:23:48] [AD] [INFO] Contact extracted {"postId":"85974552","phone":"0000000000","href":"tel:"}
[2026-02-16 13:23:48] [AD] [INFO] Closing ad tab {"postId":"85974552"}
[2026-02-16 13:23:49] [AD] [INFO] Open ad (new tab) {"postId":"175561198","url":"https://haraj.com.sa/11175561198/%D8%AF%D8%A8%D8%A7%D8%A8_%D8%A8%D8%B7%D9%87_%D9%83%D9%87%D8%B1%D8%A8%D8%A7%D8%A6%D9%8A/"}
[2026-02-16 13:23:49] [AD] [INFO] Open ad (new tab) {"postId":"175561197","url":"https://haraj.com.sa/11175561197/%D8%AF%D9%88%D8%AC_%D8%AA%D8%B4%D8%A7%D8%B1%D8%AC%D8%B1/"}
[2026-02-16 13:23:51] [AD] [INFO] Captured GraphQL posts {"postId":"175561198"}
[2026-02-16 13:23:52] [AD] [INFO] Captured GraphQL comments {"postId":"175561198"}
[2026-02-16 13:23:52] [AD] [INFO] Captured GraphQL posts {"postId":"175561197"}
[2026-02-16 13:23:53] [AD] [INFO] Captured GraphQL comments {"postId":"175561197"}
[2026-02-16 13:23:53] [AD] [INFO] Opening contact modal {"postId":"175561198"}
[2026-02-16 13:23:54] [AD] [INFO] Opening contact modal {"postId":"175561197"}
[2026-02-16 13:23:54] [AD] [INFO] Contact extracted {"postId":"175561197","phone":"+966550106806","href":"tel:+966550106806"}
[2026-02-16 13:23:54] [AD] [INFO] Closing ad tab {"postId":"175561197"}
[2026-02-16 13:23:55] [AD] [INFO] Contact extracted {"postId":"175561198","phone":"+966535050374","href":"tel:+966535050374"}
[2026-02-16 13:23:55] [AD] [INFO] Closing ad tab {"postId":"175561198"}
[2026-02-16 13:23:55] [AD] [INFO] Open ad (new tab) {"postId":"175561193","url":"https://haraj.com.sa/11175561193/%D9%85%D9%81%D9%83_%D8%A7%D9%84%D8%B9%D8%AC%D9%84%D8%A7%D8%AA_%D8%B4%D8%AD%D9%86_%D8%A8%D8%B7%D8%B1%D9%8A%D8%A9_%D9%8A%D9%88%D8%AC%D8%AF_2_%D8%A8%D8%B7%D8%A7%D8%B1%D9%8A%D8%A9/"}
[2026-02-16 13:23:56] [AD] [INFO] Open ad (new tab) {"postId":"175561191","url":"https://haraj.com.sa/11175561191/%D8%B4%D8%A7%D8%B5%D9%8A/"}
[2026-02-16 13:23:59] [AD] [INFO] Captured GraphQL posts {"postId":"175561193"}
[2026-02-16 13:24:00] [AD] [INFO] Captured GraphQL comments {"postId":"175561193"}
[2026-02-16 13:24:00] [AD] [INFO] Captured GraphQL posts {"postId":"175561191"}
[2026-02-16 13:24:00] [AD] [INFO] Captured GraphQL comments {"postId":"175561191"}
[2026-02-16 13:24:01] [AD] [INFO] Opening contact modal {"postId":"175561193"}
[2026-02-16 13:24:01] [AD] [INFO] Opening contact modal {"postId":"175561191"}
[2026-02-16 13:24:02] [AD] [INFO] Contact extracted {"postId":"175561191","phone":"+966532338568","href":"tel:+966532338568"}
[2026-02-16 13:24:02] [AD] [INFO] Closing ad tab {"postId":"175561191"}
[2026-02-16 13:24:02] [AD] [INFO] Contact extracted {"postId":"175561193","phone":"+966542450132","href":"tel:+966542450132"}
[2026-02-16 13:24:02] [AD] [INFO] Closing ad tab {"postId":"175561193"}
[2026-02-16 13:24:03] [AD] [INFO] Open ad (new tab) {"postId":"175561190","url":"https://haraj.com.sa/11175561190/%D8%AA%D9%88%D9%8A%D9%88%D8%AA%D8%A7_%D9%83%D8%B1%D9%88%D9%84%D8%A7_XLI_%D9%83%D8%A7%D8%B4_%D9%88%D8%AA%D9%85%D9%88%D9%8A%D9%84_%D8%A7%D9%82%D9%84_%D8%A7%D9%84%D8%A7%D8%B3%D8%B9%D8%A7%D8%B1/"}
[2026-02-16 13:24:03] [AD] [INFO] Open ad (new tab) {"postId":"175561185","url":"https://haraj.com.sa/11175561185/%D8%A7%D9%81_%D8%AC%D9%8A/"}
[2026-02-16 13:24:06] [AD] [INFO] Captured GraphQL posts {"postId":"175561190"}
[2026-02-16 13:24:06] [AD] [INFO] Captured GraphQL comments {"postId":"175561190"}
[2026-02-16 13:24:06] [AD] [INFO] Captured GraphQL posts {"postId":"175561185"}
[2026-02-16 13:24:07] [AD] [INFO] Captured GraphQL comments {"postId":"175561185"}
[2026-02-16 13:24:07] [AD] [INFO] Opening contact modal {"postId":"175561190"}
[2026-02-16 13:24:08] [AD] [INFO] Opening contact modal {"postId":"175561185"}
[2026-02-16 13:24:09] [AD] [INFO] Contact extracted {"postId":"175561185","phone":"+966560985904","href":"tel:+966560985904"}
[2026-02-16 13:24:09] [AD] [INFO] Closing ad tab {"postId":"175561185"}
[2026-02-16 13:24:09] [AD] [INFO] Contact extracted {"postId":"175561190","phone":"+966530020918","href":"tel:+966530020918"}
[2026-02-16 13:24:09] [AD] [INFO] Closing ad tab {"postId":"175561190"}
[2026-02-16 13:24:10] [AD] [INFO] Open ad (new tab) {"postId":"175561180","url":"https://haraj.com.sa/11175561180/2001_%D9%84%D8%A7%D9%86%D8%AF%D9%83%D8%B1%D9%88%D8%B2%D8%B1_VXR/"}
[2026-02-16 13:24:11] [AD] [INFO] Open ad (new tab) {"postId":"175561177","url":"https://haraj.com.sa/11175561177/%D8%A7%D9%83%D8%B3%D9%86%D8%AA_%D9%85%D9%88%D8%AF%D9%8A%D9%84_2018_%D8%A7%D9%84%D8%AF%D9%81%D8%B9%D8%A9_%D8%A7%D9%84%D8%AC%D8%AF%D9%8A%D8%AF%D8%A9_%D9%81%D9%84_%D9%83%D8%A7%D9%85%D9%84/"}
[2026-02-16 13:24:13] [AD] [INFO] Captured GraphQL posts {"postId":"175561177"}
[2026-02-16 13:24:13] [AD] [INFO] Captured GraphQL posts {"postId":"175561180"}
[2026-02-16 13:24:13] [AD] [INFO] Captured GraphQL comments {"postId":"175561177"}
[2026-02-16 13:24:14] [AD] [INFO] Captured GraphQL comments {"postId":"175561180"}
[2026-02-16 13:24:15] [AD] [INFO] Opening contact modal {"postId":"175561177"}
[2026-02-16 13:24:15] [AD] [INFO] Opening contact modal {"postId":"175561180"}
[2026-02-16 13:24:16] [AD] [INFO] Contact extracted {"postId":"175561177","phone":"+966532929397","href":"tel:+966532929397"}
[2026-02-16 13:24:16] [AD] [INFO] Closing ad tab {"postId":"175561177"}
[2026-02-16 13:24:17] [AD] [INFO] Open ad (new tab) {"postId":"175561175","url":"https://haraj.com.sa/11175561175/%D8%AC%D9%8A%D8%AA%D9%88%D8%B1_%D8%AA%D9%8A_%D9%88%D9%86_%D9%84%D8%A7%D9%83%D8%AC%D8%B1%D9%8A_2025_%D8%A7%D9%82%D9%84_%D8%B3%D8%B9%D8%B1%D8%A7_%D8%AA%D8%B3%D9%84%D9%8A%D9%85_%D9%81%D9%88%D8%B1%D9%8A/"}
[2026-02-16 13:24:19] [AD] [INFO] Captured GraphQL posts {"postId":"175561175"}
[2026-02-16 13:24:20] [AD] [INFO] Captured GraphQL comments {"postId":"175561175"}
[2026-02-16 13:24:22] [AD] [INFO] Opening contact modal {"postId":"175561175"}
[2026-02-16 13:24:23] [AD] [INFO] Contact extracted {"postId":"175561175","phone":"+966539966103","href":"tel:+966539966103"}
[2026-02-16 13:24:23] [AD] [INFO] Closing ad tab {"postId":"175561175"}
[2026-02-16 13:24:24] [AD] [INFO] Open ad (new tab) {"postId":"175561174","url":"https://haraj.com.sa/11175561174/%D8%AF%D9%88%D8%AC_%D8%AA%D8%B4%D8%A7%D8%B1%D8%AC%D8%B1_2014_%D9%81%D9%84_%D9%83%D8%A7%D9%85%D9%84/"}
[2026-02-16 13:24:27] [AD] [INFO] Captured GraphQL posts {"postId":"175561174"}
[2026-02-16 13:24:28] [AD] [INFO] Captured GraphQL comments {"postId":"175561174"}
[2026-02-16 13:24:29] [AD] [INFO] Opening contact modal {"postId":"175561174"}
[2026-02-16 13:24:30] [AD] [INFO] Contact extracted {"postId":"175561174","phone":"+966568855859","href":"tel:+966568855859"}
[2026-02-16 13:24:30] [AD] [INFO] Closing ad tab {"postId":"175561174"}
[2026-02-16 13:24:32] [AD] [INFO] Open ad (new tab) {"postId":"175561172","url":"https://haraj.com.sa/11175561172/%D8%B4%D9%85%D8%B9%D8%A7%D8%AA_%D8%AC%D8%A7%D9%83%D9%88%D8%A7%D8%B1_%D9%85%D9%88%D8%AF%D9%8A%D9%84%D8%A7%D8%AA_%D9%85%D9%86_2018_2022/"}
[2026-02-16 13:24:34] [AD] [INFO] Captured GraphQL posts {"postId":"175561172"}
[2026-02-16 13:24:34] [AD] [INFO] Captured GraphQL comments {"postId":"175561172"}
[2026-02-16 13:24:36] [AD] [INFO] Opening contact modal {"postId":"175561172"}
[2026-02-16 13:24:37] [AD] [INFO] Contact extracted {"postId":"175561172","phone":"+966566171974","href":"tel:+966566171974"}
[2026-02-16 13:24:37] [AD] [INFO] Closing ad tab {"postId":"175561172"}
[2026-02-16 13:24:38] [AD] [INFO] Open ad (new tab) {"postId":"175561235","url":"https://haraj.com.sa/11175561235/%D9%84%D9%84%D8%A8%D9%8A%D8%B9_MG360_2019_%D8%B3%D8%AA%D8%A7%D9%86%D8%AF%D8%B1/"}
[2026-02-16 13:24:40] [AD] [WARN] Phone did not settle in time {"postId":"175561228"}
[2026-02-16 13:24:40] [AD] [INFO] Contact extracted {"postId":"175561228","phone":null,"href":"tel:"}
[2026-02-16 13:24:40] [AD] [INFO] Closing ad tab {"postId":"175561228"}
[2026-02-16 13:24:41] [AD] [INFO] Open ad (new tab) {"postId":"175561234","url":"https://haraj.com.sa/11175561234/%D8%AF%D8%AF%D8%B3%D9%86_2009_%D9%86%D8%B8%D9%8A%D9%81%D9%87%D9%85/"}
[2026-02-16 13:24:42] [AD] [INFO] Captured GraphQL posts {"postId":"175561235"}
[2026-02-16 13:24:42] [AD] [INFO] Captured GraphQL comments {"postId":"175561235"}
[2026-02-16 13:24:44] [AD] [INFO] Captured GraphQL posts {"postId":"175561234"}
[2026-02-16 13:24:44] [AD] [INFO] Captured GraphQL comments {"postId":"175561234"}
[2026-02-16 13:24:44] [AD] [INFO] Opening contact modal {"postId":"175561235"}
[2026-02-16 13:24:45] [AD] [INFO] Opening contact modal {"postId":"175561234"}
[2026-02-16 13:24:46] [AD] [INFO] Contact extracted {"postId":"175561235","phone":"+966555836311","href":"tel:+966555836311"}
[2026-02-16 13:24:46] [AD] [INFO] Closing ad tab {"postId":"175561235"}
[2026-02-16 13:24:47] [AD] [INFO] Contact extracted {"postId":"175561234","phone":"+966558486799","href":"tel:+966558486799"}
[2026-02-16 13:24:47] [AD] [INFO] Closing ad tab {"postId":"175561234"}
[2026-02-16 13:24:48] [AD] [INFO] Open ad (new tab) {"postId":"175561233","url":"https://haraj.com.sa/11175561233/%D8%A7%D8%B3%D8%B7%D8%A8_%D8%A7%D9%83%D8%B3%D9%86%D8%AA_2021_%D9%8A%D8%B3%D8%A7%D8%B1/"}
[2026-02-16 13:24:48] [AD] [INFO] Open ad (new tab) {"postId":"175561232","url":"https://haraj.com.sa/11175561232/%D9%85%D8%A7%D8%B2%D8%AF%D8%A7_6_%D9%81%D9%84_%D9%83%D8%A7%D9%85%D9%84_%D8%A7%D8%B9%D9%84%D9%89_%D9%81%D8%A6%D9%87_2025_%D9%85%D8%B5%D8%AF%D9%88%D9%85%D9%87_%D8%B4%D8%BA%D8%A7%D9%84%D9%87_%D9%88%D8%AA%D9%85%D8%B4%D9%8A/"}
[2026-02-16 13:24:50] [AD] [INFO] Captured GraphQL posts {"postId":"175561233"}
[2026-02-16 13:24:51] [AD] [INFO] Captured GraphQL comments {"postId":"175561233"}
[2026-02-16 13:24:51] [AD] [INFO] Captured GraphQL posts {"postId":"175561232"}
[2026-02-16 13:24:51] [AD] [INFO] Captured GraphQL comments {"postId":"175561232"}
[2026-02-16 13:24:52] [AD] [INFO] Opening contact modal {"postId":"175561232"}
[2026-02-16 13:24:52] [AD] [INFO] Opening contact modal {"postId":"175561233"}
[2026-02-16 13:24:53] [AD] [INFO] Contact extracted {"postId":"175561233","phone":"+966500348211","href":"tel:+966500348211"}
[2026-02-16 13:24:53] [AD] [INFO] Closing ad tab {"postId":"175561233"}
[2026-02-16 13:24:54] [AD] [INFO] Contact extracted {"postId":"175561232","phone":"+966532181881","href":"tel:+966532181881"}
[2026-02-16 13:24:54] [AD] [INFO] Closing ad tab {"postId":"175561232"}
[2026-02-16 13:24:54] [AD] [INFO] Open ad (new tab) {"postId":"175561228","url":"https://haraj.com.sa/11175561228/%D9%85%D8%A7%D8%B2%D8%AF%D8%A7_6_%D9%85%D8%AF%D9%8A%D9%84_2023/"}
[2026-02-16 13:24:55] [AD] [INFO] Open ad (new tab) {"postId":"73847670","url":"https://haraj.com.sa/1173847670/%D8%AA%D8%B4%D8%BA%D9%8A%D9%84_%D8%B9%D9%86_%D8%A8%D8%B9%D8%AF_%D9%84%D9%83%D8%B2%D8%B3_%D9%88_%D8%AA%D9%88%D9%8A%D9%88%D8%AA%D8%A7_%D9%84%D9%84%D8%A8%D8%B5%D9%85%D9%87_%D9%81%D9%82%D8%B7/"}
[2026-02-16 13:24:58] [AD] [INFO] Captured GraphQL posts {"postId":"175561228"}
[2026-02-16 13:24:58] [AD] [INFO] Captured GraphQL comments {"postId":"175561228"}
[2026-02-16 13:24:59] [AD] [INFO] Captured GraphQL posts {"postId":"73847670"}
[2026-02-16 13:24:59] [AD] [INFO] Captured GraphQL comments {"postId":"73847670"}
[2026-02-16 13:24:59] [AD] [INFO] Opening contact modal {"postId":"175561228"}
[2026-02-16 13:25:00] [AD] [INFO] Opening contact modal {"postId":"73847670"}
[2026-02-16 13:25:02] [AD] [INFO] Contact extracted {"postId":"73847670","phone":"+966502974322","href":"tel:+966502974322"}
[2026-02-16 13:25:02] [AD] [INFO] Closing ad tab {"postId":"73847670"}
[2026-02-16 13:25:02] [AD] [INFO] Open ad (new tab) {"postId":"85974552","url":"https://haraj.com.sa/1185974552/%D8%AA%D9%88%D9%8A%D9%88%D8%AA%D8%A7_%D9%84%D8%A7%D9%86%D8%AF%D9%83%D8%B1%D9%88%D8%B2%D8%B1_2013_%D9%88%D9%83%D8%A7%D9%84%D8%A9_%D9%85%D8%AE%D8%B2%D9%86_%D9%85%D8%A8%D8%A7%D8%B9/"}
[2026-02-16 13:25:06] [AD] [INFO] Captured GraphQL posts {"postId":"85974552"}
[2026-02-16 13:25:06] [AD] [INFO] Captured GraphQL comments {"postId":"85974552"}
[2026-02-16 13:25:07] [AD] [INFO] Opening contact modal {"postId":"85974552"}
[2026-02-16 13:25:08] [AD] [INFO] Contact extracted {"postId":"85974552","phone":"0000000000","href":"tel:"}
[2026-02-16 13:25:08] [AD] [INFO] Closing ad tab {"postId":"85974552"}
[2026-02-16 13:25:10] [AD] [INFO] Open ad (new tab) {"postId":"175561219","url":"https://haraj.com.sa/11175561219/%D8%B3%D9%88%D9%86%D8%A7%D8%AA%D8%A7_%D8%B1%D9%85%D8%A7%D8%AF%D9%8A_%D9%85%D8%B7%D9%81%D9%8A/"}
[2026-02-16 13:25:12] [AD] [INFO] Captured GraphQL posts {"postId":"175561219"}
[2026-02-16 13:25:12] [AD] [INFO] Captured GraphQL comments {"postId":"175561219"}
[2026-02-16 13:25:13] [AD] [INFO] Opening contact modal {"postId":"175561219"}
[2026-02-16 13:25:14] [AD] [INFO] Contact extracted {"postId":"175561219","phone":"+966567254511","href":"tel:+966567254511"}
[2026-02-16 13:25:14] [AD] [INFO] Closing ad tab {"postId":"175561219"}
[2026-02-16 13:25:16] [AD] [INFO] Open ad (new tab) {"postId":"175561198","url":"https://haraj.com.sa/11175561198/%D8%AF%D8%A8%D8%A7%D8%A8_%D8%A8%D8%B7%D9%87_%D9%83%D9%87%D8%B1%D8%A8%D8%A7%D8%A6%D9%8A/"}
[2026-02-16 13:25:16] [AD] [WARN] Phone did not settle in time {"postId":"175561180"}
[2026-02-16 13:25:16] [AD] [INFO] Contact extracted {"postId":"175561180","phone":null,"href":"tel:"}
[2026-02-16 13:25:16] [AD] [INFO] Closing ad tab {"postId":"175561180"}
[2026-02-16 13:25:17] [AD] [INFO] Open ad (new tab) {"postId":"175561197","url":"https://haraj.com.sa/11175561197/%D8%AF%D9%88%D8%AC_%D8%AA%D8%B4%D8%A7%D8%B1%D8%AC%D8%B1/"}
[2026-02-16 13:25:18] [AD] [INFO] Captured GraphQL posts {"postId":"175561198"}
[2026-02-16 13:25:19] [AD] [INFO] Captured GraphQL comments {"postId":"175561198"}
[2026-02-16 13:25:21] [AD] [INFO] Opening contact modal {"postId":"175561198"}
[2026-02-16 13:25:21] [AD] [INFO] Captured GraphQL posts {"postId":"175561197"}
[2026-02-16 13:25:21] [AD] [INFO] Captured GraphQL comments {"postId":"175561197"}
[2026-02-16 13:25:22] [AD] [INFO] Opening contact modal {"postId":"175561197"}
[2026-02-16 13:25:23] [AD] [INFO] Contact extracted {"postId":"175561198","phone":"+966535050374","href":"tel:+966535050374"}
[2026-02-16 13:25:23] [AD] [INFO] Closing ad tab {"postId":"175561198"}
[2026-02-16 13:25:24] [AD] [INFO] Contact extracted {"postId":"175561197","phone":"+966550106806","href":"tel:+966550106806"}
[2026-02-16 13:25:24] [AD] [INFO] Closing ad tab {"postId":"175561197"}
[2026-02-16 13:25:24] [AD] [INFO] Open ad (new tab) {"postId":"175561193","url":"https://haraj.com.sa/11175561193/%D9%85%D9%81%D9%83_%D8%A7%D9%84%D8%B9%D8%AC%D9%84%D8%A7%D8%AA_%D8%B4%D8%AD%D9%86_%D8%A8%D8%B7%D8%B1%D9%8A%D8%A9_%D9%8A%D9%88%D8%AC%D8%AF_2_%D8%A8%D8%B7%D8%A7%D8%B1%D9%8A%D8%A9/"}
[2026-02-16 13:25:25] [AD] [INFO] Open ad (new tab) {"postId":"175561191","url":"https://haraj.com.sa/11175561191/%D8%B4%D8%A7%D8%B5%D9%8A/"}
[2026-02-16 13:25:28] [AD] [INFO] Captured GraphQL posts {"postId":"175561191"}
[2026-02-16 13:25:28] [AD] [INFO] Captured GraphQL posts {"postId":"175561193"}
[2026-02-16 13:25:28] [AD] [INFO] Captured GraphQL comments {"postId":"175561191"}
[2026-02-16 13:25:28] [AD] [INFO] Captured GraphQL comments {"postId":"175561193"}
[2026-02-16 13:25:29] [AD] [INFO] Opening contact modal {"postId":"175561191"}
[2026-02-16 13:25:29] [AD] [INFO] Opening contact modal {"postId":"175561193"}
[2026-02-16 13:25:30] [AD] [INFO] Contact extracted {"postId":"175561191","phone":"+966532338568","href":"tel:+966532338568"}
[2026-02-16 13:25:30] [AD] [INFO] Closing ad tab {"postId":"175561191"}
[2026-02-16 13:25:30] [AD] [INFO] Contact extracted {"postId":"175561193","phone":"+966542450132","href":"tel:+966542450132"}
[2026-02-16 13:25:30] [AD] [INFO] Closing ad tab {"postId":"175561193"}
[2026-02-16 13:25:31] [AD] [INFO] Open ad (new tab) {"postId":"175561190","url":"https://haraj.com.sa/11175561190/%D8%AA%D9%88%D9%8A%D9%88%D8%AA%D8%A7_%D9%83%D8%B1%D9%88%D9%84%D8%A7_XLI_%D9%83%D8%A7%D8%B4_%D9%88%D8%AA%D9%85%D9%88%D9%8A%D9%84_%D8%A7%D9%82%D9%84_%D8%A7%D9%84%D8%A7%D8%B3%D8%B9%D8%A7%D8%B1/"}
[2026-02-16 13:25:31] [AD] [INFO] Open ad (new tab) {"postId":"175561185","url":"https://haraj.com.sa/11175561185/%D8%A7%D9%81_%D8%AC%D9%8A/"}
[2026-02-16 13:25:34] [AD] [INFO] Captured GraphQL posts {"postId":"175561190"}
[2026-02-16 13:25:34] [AD] [INFO] Captured GraphQL posts {"postId":"175561185"}
[2026-02-16 13:25:34] [AD] [INFO] Captured GraphQL comments {"postId":"175561185"}
[2026-02-16 13:25:34] [AD] [INFO] Captured GraphQL comments {"postId":"175561190"}
[2026-02-16 13:25:35] [AD] [INFO] Opening contact modal {"postId":"175561190"}
[2026-02-16 13:25:36] [AD] [INFO] Opening contact modal {"postId":"175561185"}
[2026-02-16 13:25:37] [AD] [INFO] Contact extracted {"postId":"175561190","phone":"+966530020918","href":"tel:+966530020918"}
[2026-02-16 13:25:37] [AD] [INFO] Closing ad tab {"postId":"175561190"}
[2026-02-16 13:25:37] [AD] [INFO] Contact extracted {"postId":"175561185","phone":"+966560985904","href":"tel:+966560985904"}
[2026-02-16 13:25:37] [AD] [INFO] Closing ad tab {"postId":"175561185"}
[2026-02-16 13:25:38] [AD] [INFO] Open ad (new tab) {"postId":"175561180","url":"https://haraj.com.sa/11175561180/2001_%D9%84%D8%A7%D9%86%D8%AF%D9%83%D8%B1%D9%88%D8%B2%D8%B1_VXR/"}
[2026-02-16 13:25:38] [AD] [INFO] Open ad (new tab) {"postId":"175561177","url":"https://haraj.com.sa/11175561177/%D8%A7%D9%83%D8%B3%D9%86%D8%AA_%D9%85%D9%88%D8%AF%D9%8A%D9%84_2018_%D8%A7%D9%84%D8%AF%D9%81%D8%B9%D8%A9_%D8%A7%D9%84%D8%AC%D8%AF%D9%8A%D8%AF%D8%A9_%D9%81%D9%84_%D9%83%D8%A7%D9%85%D9%84/"}
[2026-02-16 13:25:40] [AD] [INFO] Captured GraphQL posts {"postId":"175561177"}
[2026-02-16 13:25:41] [AD] [INFO] Captured GraphQL comments {"postId":"175561177"}
[2026-02-16 13:25:41] [AD] [INFO] Captured GraphQL posts {"postId":"175561180"}
[2026-02-16 13:25:41] [AD] [INFO] Captured GraphQL comments {"postId":"175561180"}
[2026-02-16 13:25:42] [AD] [INFO] Opening contact modal {"postId":"175561177"}
[2026-02-16 13:25:42] [AD] [INFO] Opening contact modal {"postId":"175561180"}
[2026-02-16 13:25:43] [AD] [INFO] Contact extracted {"postId":"175561177","phone":"+966532929397","href":"tel:+966532929397"}
[2026-02-16 13:25:43] [AD] [INFO] Closing ad tab {"postId":"175561177"}
[2026-02-16 13:25:44] [AD] [INFO] Open ad (new tab) {"postId":"175561175","url":"https://haraj.com.sa/11175561175/%D8%AC%D9%8A%D8%AA%D9%88%D8%B1_%D8%AA%D9%8A_%D9%88%D9%86_%D9%84%D8%A7%D9%83%D8%AC%D8%B1%D9%8A_2025_%D8%A7%D9%82%D9%84_%D8%B3%D8%B9%D8%B1%D8%A7_%D8%AA%D8%B3%D9%84%D9%8A%D9%85_%D9%81%D9%88%D8%B1%D9%8A/"}
[2026-02-16 13:25:46] [AD] [INFO] Captured GraphQL posts {"postId":"175561175"}
[2026-02-16 13:25:47] [AD] [INFO] Captured GraphQL comments {"postId":"175561175"}
[2026-02-16 13:25:48] [AD] [INFO] Opening contact modal {"postId":"175561175"}
[2026-02-16 13:25:49] [AD] [INFO] Contact extracted {"postId":"175561175","phone":"+966539966103","href":"tel:+966539966103"}
[2026-02-16 13:25:49] [AD] [INFO] Closing ad tab {"postId":"175561175"}
[2026-02-16 13:25:51] [AD] [INFO] Open ad (new tab) {"postId":"175561174","url":"https://haraj.com.sa/11175561174/%D8%AF%D9%88%D8%AC_%D8%AA%D8%B4%D8%A7%D8%B1%D8%AC%D8%B1_2014_%D9%81%D9%84_%D9%83%D8%A7%D9%85%D9%84/"}
[2026-02-16 13:25:53] [AD] [INFO] Captured GraphQL posts {"postId":"175561174"}
[2026-02-16 13:25:53] [AD] [INFO] Captured GraphQL comments {"postId":"175561174"}
[2026-02-16 13:25:55] [AD] [INFO] Opening contact modal {"postId":"175561174"}
[2026-02-16 13:25:56] [AD] [INFO] Contact extracted {"postId":"175561174","phone":"+966568855859","href":"tel:+966568855859"}
[2026-02-16 13:25:56] [AD] [INFO] Closing ad tab {"postId":"175561174"}
[2026-02-16 13:25:57] [AD] [INFO] Open ad (new tab) {"postId":"175561172","url":"https://haraj.com.sa/11175561172/%D8%B4%D9%85%D8%B9%D8%A7%D8%AA_%D8%AC%D8%A7%D9%83%D9%88%D8%A7%D8%B1_%D9%85%D9%88%D8%AF%D9%8A%D9%84%D8%A7%D8%AA_%D9%85%D9%86_2018_2022/"}
[2026-02-16 13:25:59] [AD] [INFO] Captured GraphQL posts {"postId":"175561172"}
[2026-02-16 13:26:00] [AD] [INFO] Captured GraphQL comments {"postId":"175561172"}
[2026-02-16 13:26:01] [AD] [WARN] Phone did not settle in time {"postId":"175561228"}
[2026-02-16 13:26:01] [AD] [INFO] Contact extracted {"postId":"175561228","phone":null,"href":"tel:"}
[2026-02-16 13:26:01] [AD] [INFO] Closing ad tab {"postId":"175561228"}
[2026-02-16 13:26:02] [AD] [INFO] Open ad (new tab) {"postId":"175561171","url":"https://haraj.com.sa/11175561171/%D9%87%D9%8A%D9%88%D9%86%D8%AF%D8%A7%D9%8A_Grand_i10_%D9%81%D9%84%D9%8A%D9%8A%D8%AA_2024/"}
[2026-02-16 13:26:02] [AD] [INFO] Opening contact modal {"postId":"175561172"}
[2026-02-16 13:26:03] [AD] [INFO] Contact extracted {"postId":"175561172","phone":"+966566171974","href":"tel:+966566171974"}
[2026-02-16 13:26:03] [AD] [INFO] Closing ad tab {"postId":"175561172"}
[2026-02-16 13:26:05] [AD] [INFO] Captured GraphQL posts {"postId":"175561171"}
[2026-02-16 13:26:05] [AD] [INFO] Captured GraphQL comments {"postId":"175561171"}
[2026-02-16 13:26:06] [AD] [INFO] Opening contact modal {"postId":"175561171"}
[2026-02-16 13:26:07] [AD] [INFO] Contact extracted {"postId":"175561171","phone":"0112604720","href":"tel:0112604720"}
[2026-02-16 13:26:07] [AD] [INFO] Closing ad tab {"postId":"175561171"}
[2026-02-16 13:26:45] [AD] [WARN] Phone did not settle in time {"postId":"175561180"}
[2026-02-16 13:26:45] [AD] [INFO] Contact extracted {"postId":"175561180","phone":null,"href":"tel:"}
[2026-02-16 13:26:45] [AD] [INFO] Closing ad tab {"postId":"175561180"}
[2026-02-16 13:31:53] [AD] [INFO] Open ad (new tab) {"postId":"175561699","url":"https://haraj.com.sa/11175561699/%D9%83%D8%A7%D9%85%D8%B1%D9%8A_2025/"}
[2026-02-16 13:31:54] [AD] [INFO] Open ad (new tab) {"postId":"175561709","url":"https://haraj.com.sa/11175561709/%D8%B5%D9%86%D8%AF%D9%88%D9%82_%D8%AD%D9%88%D8%B6_%D8%A7%D9%8A%D8%B3%D9%88%D8%B2%D9%88_%D9%84%D9%84%D8%A8%D9%8A%D8%B9/"}
[2026-02-16 13:31:55] [AD] [INFO] Open ad (new tab) {"postId":"175561708","url":"https://haraj.com.sa/11175561708/%D9%83%D8%A7%D9%85%D8%B1%D9%8A_%D9%82%D8%B1%D8%A7%D9%86%D8%AF%D9%8A_2025_%D8%B4%D8%B1%D8%B7_%D9%85%D9%86_%D8%A7%D9%84%D8%B5%D8%AF%D8%A7%D9%85_%D9%84%D8%B5%D8%AF%D8%A7%D9%85/"}
[2026-02-16 13:31:59] [AD] [INFO] Captured GraphQL posts {"postId":"175561708"}
[2026-02-16 13:31:59] [AD] [INFO] Captured GraphQL comments {"postId":"175561708"}
[2026-02-16 13:32:00] [AD] [INFO] Opening contact modal {"postId":"175561708"}
[2026-02-16 13:32:01] [AD] [INFO] Captured GraphQL posts {"postId":"175561699"}
[2026-02-16 13:32:02] [AD] [INFO] Captured GraphQL posts {"postId":"175561709"}
[2026-02-16 13:32:02] [AD] [INFO] Captured GraphQL comments {"postId":"175561709"}
[2026-02-16 13:32:02] [AD] [INFO] Captured GraphQL comments {"postId":"175561699"}
[2026-02-16 13:32:03] [AD] [INFO] Opening contact modal {"postId":"175561709"}
[2026-02-16 13:32:03] [AD] [INFO] Opening contact modal {"postId":"175561699"}
[2026-02-16 13:32:06] [AD] [INFO] Contact extracted {"postId":"175561709","phone":"+966551670139","href":"tel:+966551670139"}
[2026-02-16 13:32:06] [AD] [INFO] Closing ad tab {"postId":"175561709"}
[2026-02-16 13:32:06] [AD] [INFO] Contact extracted {"postId":"175561699","phone":"+966555185640","href":"tel:+966555185640"}
[2026-02-16 13:32:06] [AD] [INFO] Closing ad tab {"postId":"175561699"}
[2026-02-16 13:32:08] [AD] [INFO] Open ad (new tab) {"postId":"175561693","url":"https://haraj.com.sa/11175561693/%D9%87%D9%88%D9%86%D8%AF%D8%A7%D9%8A_%D8%AA%D9%88%D8%B3%D8%A7%D9%86_%D8%B3%D9%85%D8%A7%D8%B1%D8%AA_%D9%85%D9%83%D9%8A%D9%86%D8%A9_1_6_%D9%85%D9%88%D8%AF%D9%8A%D9%84_2025%D9%85/"}
[2026-02-16 13:32:08] [AD] [INFO] Open ad (new tab) {"postId":"175561692","url":"https://haraj.com.sa/11175561692/%D9%83%D8%B4%D8%A7%D9%81%D8%A7%D8%AA_%D8%B6%D8%A8%D8%A7%D8%A8_%D9%83%D8%A7%D9%85%D8%B1%D9%8A_%D9%84%D9%8A%D8%AF_2018_2022/"}
[2026-02-16 13:32:12] [AD] [INFO] Captured GraphQL posts {"postId":"175561692"}
[2026-02-16 13:32:12] [AD] [INFO] Captured GraphQL comments {"postId":"175561692"}
[2026-02-16 13:32:13] [AD] [INFO] Captured GraphQL posts {"postId":"175561693"}
[2026-02-16 13:32:13] [AD] [INFO] Captured GraphQL comments {"postId":"175561693"}
[2026-02-16 13:32:14] [AD] [INFO] Opening contact modal {"postId":"175561692"}
[2026-02-16 13:32:14] [AD] [INFO] Opening contact modal {"postId":"175561693"}
[2026-02-16 13:32:16] [AD] [INFO] Contact extracted {"postId":"175561692","phone":"+966557811885","href":"tel:+966557811885"}
[2026-02-16 13:32:16] [AD] [INFO] Closing ad tab {"postId":"175561692"}
[2026-02-16 13:32:17] [AD] [INFO] Contact extracted {"postId":"175561693","phone":"+966531035060","href":"tel:+966531035060"}
[2026-02-16 13:32:17] [AD] [INFO] Closing ad tab {"postId":"175561693"}
[2026-02-16 13:32:17] [AD] [INFO] Open ad (new tab) {"postId":"73847670","url":"https://haraj.com.sa/1173847670/%D8%AA%D8%B4%D8%BA%D9%8A%D9%84_%D8%B9%D9%86_%D8%A8%D8%B9%D8%AF_%D9%84%D9%83%D8%B2%D8%B3_%D9%88_%D8%AA%D9%88%D9%8A%D9%88%D8%AA%D8%A7_%D9%84%D9%84%D8%A8%D8%B5%D9%85%D9%87_%D9%81%D9%82%D8%B7/"}
[2026-02-16 13:32:18] [AD] [INFO] Open ad (new tab) {"postId":"85974552","url":"https://haraj.com.sa/1185974552/%D8%AA%D9%88%D9%8A%D9%88%D8%AA%D8%A7_%D9%84%D8%A7%D9%86%D8%AF%D9%83%D8%B1%D9%88%D8%B2%D8%B1_2013_%D9%88%D9%83%D8%A7%D9%84%D8%A9_%D9%85%D8%AE%D8%B2%D9%86_%D9%85%D8%A8%D8%A7%D8%B9/"}
[2026-02-16 13:32:21] [AD] [INFO] Captured GraphQL posts {"postId":"85974552"}
[2026-02-16 13:32:22] [AD] [INFO] Captured GraphQL comments {"postId":"85974552"}
[2026-02-16 13:32:22] [AD] [INFO] Captured GraphQL posts {"postId":"73847670"}
[2026-02-16 13:32:23] [AD] [INFO] Captured GraphQL comments {"postId":"73847670"}
[2026-02-16 13:32:24] [AD] [INFO] Opening contact modal {"postId":"85974552"}
[2026-02-16 13:32:24] [AD] [INFO] Opening contact modal {"postId":"73847670"}
[2026-02-16 13:32:25] [AD] [INFO] Contact extracted {"postId":"85974552","phone":"0000000000","href":"tel:"}
[2026-02-16 13:32:25] [AD] [INFO] Closing ad tab {"postId":"85974552"}
[2026-02-16 13:32:26] [AD] [INFO] Contact extracted {"postId":"73847670","phone":"+966502974322","href":"tel:+966502974322"}
[2026-02-16 13:32:26] [AD] [INFO] Closing ad tab {"postId":"73847670"}
[2026-02-16 13:32:26] [AD] [INFO] Open ad (new tab) {"postId":"175561689","url":"https://haraj.com.sa/11175561689/%D8%A8%D9%8A_%D8%A7%D9%85_%D8%AF%D8%A8%D9%84%D9%8A%D9%88_X5_2019/"}
[2026-02-16 13:32:27] [AD] [INFO] Open ad (new tab) {"postId":"175561688","url":"https://haraj.com.sa/11175561688/mazda_6_rims_model_2025/"}
[2026-02-16 13:32:30] [AD] [INFO] Captured GraphQL posts {"postId":"175561688"}
[2026-02-16 13:32:31] [AD] [INFO] Captured GraphQL comments {"postId":"175561688"}
[2026-02-16 13:32:32] [AD] [INFO] Captured GraphQL posts {"postId":"175561689"}
[2026-02-16 13:32:32] [AD] [INFO] Opening contact modal {"postId":"175561688"}
[2026-02-16 13:32:32] [AD] [INFO] Captured GraphQL comments {"postId":"175561689"}
[2026-02-16 13:32:33] [AD] [INFO] Contact extracted {"postId":"175561688","phone":"+966599530055","href":"tel:+966599530055"}
[2026-02-16 13:32:33] [AD] [INFO] Closing ad tab {"postId":"175561688"}
[2026-02-16 13:32:33] [AD] [INFO] Opening contact modal {"postId":"175561689"}
[2026-02-16 13:32:35] [AD] [INFO] Open ad (new tab) {"postId":"175561684","url":"https://haraj.com.sa/11175561684/%D8%B7%D9%82%D9%85_%D9%85%D8%B1%D8%A7%D9%8A%D8%A7%D8%AA_%D9%83%D8%B1%D8%B3%D9%8A%D8%AF%D8%A7/"}
[2026-02-16 13:32:35] [AD] [INFO] Contact extracted {"postId":"175561689","phone":"+966596708060","href":"tel:+966596708060"}
[2026-02-16 13:32:35] [AD] [INFO] Closing ad tab {"postId":"175561689"}
[2026-02-16 13:32:37] [AD] [INFO] Open ad (new tab) {"postId":"175561681","url":"https://haraj.com.sa/11175561681/%D8%AF%D9%83%D9%87_%D8%B4%D8%A7%D8%AE%D9%88%D9%81%D9%87_17_%D9%85%D8%AA%D8%B1/"}
[2026-02-16 13:32:38] [AD] [INFO] Captured GraphQL posts {"postId":"175561684"}
[2026-02-16 13:32:38] [AD] [INFO] Captured GraphQL comments {"postId":"175561684"}
[2026-02-16 13:32:39] [AD] [INFO] Opening contact modal {"postId":"175561684"}
[2026-02-16 13:32:40] [AD] [INFO] Contact extracted {"postId":"175561684","phone":"+966590900441","href":"tel:+966590900441"}
[2026-02-16 13:32:40] [AD] [INFO] Closing ad tab {"postId":"175561684"}
[2026-02-16 13:32:41] [AD] [INFO] Captured GraphQL posts {"postId":"175561681"}
[2026-02-16 13:32:41] [AD] [INFO] Captured GraphQL comments {"postId":"175561681"}
[2026-02-16 13:32:42] [AD] [INFO] Open ad (new tab) {"postId":"175561679","url":"https://haraj.com.sa/11175561679/%D8%A7%D8%B3%D9%88%D8%B2%D9%88_%D8%AF%D9%8A%D9%85%D8%A7%D9%83%D8%B3/"}
[2026-02-16 13:32:42] [AD] [INFO] Opening contact modal {"postId":"175561681"}
[2026-02-16 13:32:44] [AD] [INFO] Contact extracted {"postId":"175561681","phone":"+966557558079","href":"tel:+966557558079"}
[2026-02-16 13:32:44] [AD] [INFO] Closing ad tab {"postId":"175561681"}
[2026-02-16 13:32:45] [AD] [INFO] Captured GraphQL posts {"postId":"175561679"}
[2026-02-16 13:32:46] [AD] [INFO] Open ad (new tab) {"postId":"175561678","url":"https://haraj.com.sa/11175561678/%D8%B1%D9%85%D8%A7%D9%84%D9%87_%D9%83%D9%85%D8%A8%D8%B1%D9%88%D8%B3%D8%B1_%D8%B1%D9%85%D8%A7%D9%84%D9%87/"}
[2026-02-16 13:32:46] [AD] [INFO] Captured GraphQL comments {"postId":"175561679"}
[2026-02-16 13:32:47] [AD] [INFO] Opening contact modal {"postId":"175561679"}
[2026-02-16 13:32:49] [AD] [INFO] Captured GraphQL posts {"postId":"175561678"}
[2026-02-16 13:32:49] [AD] [INFO] Contact extracted {"postId":"175561679","phone":"+966553998988","href":"tel:+966553998988"}
[2026-02-16 13:32:49] [AD] [INFO] Closing ad tab {"postId":"175561679"}
[2026-02-16 13:32:49] [AD] [INFO] Captured GraphQL comments {"postId":"175561678"}
[2026-02-16 13:32:51] [AD] [INFO] Open ad (new tab) {"postId":"175561670","url":"https://haraj.com.sa/11175561670/%D9%83%D8%A7%D8%A8%D8%AA%D9%8A%D9%81%D8%A7_%D9%85%D9%88%D8%AF%D9%8A%D9%84_2023/"}
[2026-02-16 13:32:51] [AD] [INFO] Opening contact modal {"postId":"175561678"}
[2026-02-16 13:32:52] [AD] [INFO] Contact extracted {"postId":"175561678","phone":"+966555743799","href":"tel:+966555743799"}
[2026-02-16 13:32:52] [AD] [INFO] Closing ad tab {"postId":"175561678"}
[2026-02-16 13:32:53] [AD] [INFO] Open ad (new tab) {"postId":"175561668","url":"https://haraj.com.sa/11175561668/%D9%84%D9%83%D8%B2%D8%B3_2018_%D9%85%D8%A7%D8%B4%D9%8A_380_%D8%A7%D9%84%D9%81_%D9%88%D9%83%D8%A7%D9%84%D9%87/"}
[2026-02-16 13:32:54] [AD] [INFO] Captured GraphQL posts {"postId":"175561670"}
[2026-02-16 13:32:55] [AD] [INFO] Captured GraphQL comments {"postId":"175561670"}
[2026-02-16 13:32:57] [AD] [INFO] Captured GraphQL posts {"postId":"175561668"}
[2026-02-16 13:32:58] [AD] [INFO] Opening contact modal {"postId":"175561670"}
[2026-02-16 13:32:58] [AD] [INFO] Captured GraphQL comments {"postId":"175561668"}
[2026-02-16 13:32:59] [AD] [INFO] Opening contact modal {"postId":"175561668"}
[2026-02-16 13:33:01] [AD] [INFO] Contact extracted {"postId":"175561670","phone":"+966500959578","href":"tel:+966500959578"}
[2026-02-16 13:33:01] [AD] [INFO] Closing ad tab {"postId":"175561670"}
[2026-02-16 13:33:01] [AD] [WARN] Phone did not settle in time {"postId":"175561708"}
[2026-02-16 13:33:01] [AD] [INFO] Contact extracted {"postId":"175561668","phone":"+966500335098","href":"tel:+966500335098"}
[2026-02-16 13:33:01] [AD] [INFO] Closing ad tab {"postId":"175561668"}
[2026-02-16 13:33:01] [AD] [INFO] Contact extracted {"postId":"175561708","phone":null,"href":"tel:"}
[2026-02-16 13:33:01] [AD] [INFO] Closing ad tab {"postId":"175561708"}
[2026-02-16 13:33:02] [AD] [INFO] Open ad (new tab) {"postId":"175561663","url":"https://haraj.com.sa/11175561663/%D8%B9%D9%84%D8%A8%D8%A9_%D8%A7%D8%B3%D8%B9%D8%A7%D9%81%D8%A7%D8%AA_%D8%B3%D9%8A%D8%A7%D8%B1%D8%A9_%D9%85%D8%B1%D8%B3%D9%8A%D8%AF%D8%B3_%D8%A8%D8%A7%D9%86%D9%88%D8%B1%D8%A7%D9%85%D8%A7_%D8%A7%D9%84%D8%AD%D8%A7%D9%84%D8%A9_%D8%AC%D8%AF%D9%8A%D8%AF_%D9%84%D9%85_%D8%AA%D9%81%D8%AA%D8%AD/"}
[2026-02-16 13:33:02] [AD] [INFO] Open ad (new tab) {"postId":"175561659","url":"https://haraj.com.sa/11175561659/%D8%A8%D9%88%D8%B1%D8%B4_%D9%83%D8%A7%D9%8A%D9%8A%D9%86_2012/"}
[2026-02-16 13:33:02] [AD] [INFO] Open ad (new tab) {"postId":"175561660","url":"https://haraj.com.sa/11175561660/%D8%AF%D8%A8%D8%A7%D8%A8_%D8%A7%D9%83%D8%B3_100/"}
[2026-02-16 13:33:07] [AD] [INFO] Captured GraphQL posts {"postId":"175561660"}
[2026-02-16 13:33:07] [AD] [INFO] Captured GraphQL comments {"postId":"175561660"}
[2026-02-16 13:33:09] [AD] [INFO] Captured GraphQL posts {"postId":"175561663"}
[2026-02-16 13:33:10] [AD] [INFO] Opening contact modal {"postId":"175561660"}
[2026-02-16 13:33:10] [AD] [INFO] Captured GraphQL posts {"postId":"175561659"}
[2026-02-16 13:33:10] [AD] [INFO] Captured GraphQL comments {"postId":"175561663"}
[2026-02-16 13:33:10] [AD] [INFO] Captured GraphQL comments {"postId":"175561659"}
[2026-02-16 13:33:11] [AD] [INFO] Contact extracted {"postId":"175561660","phone":"+966502069582","href":"tel:+966502069582"}
[2026-02-16 13:33:11] [AD] [INFO] Closing ad tab {"postId":"175561660"}
[2026-02-16 13:33:11] [AD] [INFO] Opening contact modal {"postId":"175561659"}
[2026-02-16 13:33:12] [AD] [INFO] Opening contact modal {"postId":"175561663"}
[2026-02-16 13:33:12] [AD] [INFO] Open ad (new tab) {"postId":"175561653","url":"https://haraj.com.sa/11175561653/%D9%88%D8%A7%D9%8A%D8%AA_%D8%A7%D9%84%D8%A8%D9%8A_90_%D8%A7%D9%84%D8%AD%D8%AC%D9%85_1935/"}
[2026-02-16 13:33:13] [AD] [INFO] Contact extracted {"postId":"175561659","phone":"+966559052534","href":"tel:+966559052534"}
[2026-02-16 13:33:13] [AD] [INFO] Closing ad tab {"postId":"175561659"}
[2026-02-16 13:33:14] [AD] [INFO] Contact extracted {"postId":"175561663","phone":"+966560202208","href":"tel:+966560202208"}
[2026-02-16 13:33:14] [AD] [INFO] Closing ad tab {"postId":"175561663"}
[2026-02-16 13:33:15] [AD] [INFO] Open ad (new tab) {"postId":"175561652","url":"https://haraj.com.sa/11175561652/%D8%A7%D9%86%D9%88%D9%81%D8%A7_2013_%D9%81%D9%84_%D9%83%D8%A7%D9%85%D9%84_%D9%86%D8%B6%D9%8A%D9%81_%D9%85%D9%85%D8%B4%D9%89260/"}
[2026-02-16 13:33:15] [AD] [INFO] Captured GraphQL posts {"postId":"175561653"}
[2026-02-16 13:33:16] [AD] [INFO] Open ad (new tab) {"postId":"175561709","url":"https://haraj.com.sa/11175561709/%D8%B5%D9%86%D8%AF%D9%88%D9%82_%D8%AD%D9%88%D8%B6_%D8%A7%D9%8A%D8%B3%D9%88%D8%B2%D9%88_%D9%84%D9%84%D8%A8%D9%8A%D8%B9/"}
[2026-02-16 13:33:16] [AD] [INFO] Captured GraphQL comments {"postId":"175561653"}
[2026-02-16 13:33:17] [AD] [INFO] Opening contact modal {"postId":"175561653"}
[2026-02-16 13:33:20] [AD] [INFO] Captured GraphQL posts {"postId":"175561652"}
[2026-02-16 13:33:20] [AD] [INFO] Captured GraphQL posts {"postId":"175561709"}
[2026-02-16 13:33:21] [AD] [INFO] Contact extracted {"postId":"175561653","phone":"+966554710185","href":"tel:+966554710185"}
[2026-02-16 13:33:21] [AD] [INFO] Closing ad tab {"postId":"175561653"}
[2026-02-16 13:33:21] [AD] [INFO] Captured GraphQL comments {"postId":"175561709"}
[2026-02-16 13:33:21] [AD] [INFO] Captured GraphQL comments {"postId":"175561652"}
[2026-02-16 13:33:22] [AD] [INFO] Open ad (new tab) {"postId":"175561708","url":"https://haraj.com.sa/11175561708/%D9%83%D8%A7%D9%85%D8%B1%D9%8A_%D9%82%D8%B1%D8%A7%D9%86%D8%AF%D9%8A_2025_%D8%B4%D8%B1%D8%B7_%D9%85%D9%86_%D8%A7%D9%84%D8%B5%D8%AF%D8%A7%D9%85_%D9%84%D8%B5%D8%AF%D8%A7%D9%85/"}
[2026-02-16 13:33:22] [AD] [INFO] Opening contact modal {"postId":"175561709"}
[2026-02-16 13:33:22] [AD] [INFO] Opening contact modal {"postId":"175561652"}
[2026-02-16 13:33:22] [AD] [INFO] Contact extracted {"postId":"175561709","phone":"+966551670139","href":"tel:+966551670139"}
[2026-02-16 13:33:22] [AD] [INFO] Closing ad tab {"postId":"175561709"}
[2026-02-16 13:33:26] [AD] [INFO] Open ad (new tab) {"postId":"175561699","url":"https://haraj.com.sa/11175561699/%D9%83%D8%A7%D9%85%D8%B1%D9%8A_2025/"}
[2026-02-16 13:33:26] [AD] [INFO] Contact extracted {"postId":"175561652","phone":"+966553513760","href":"tel:+966553513760"}
[2026-02-16 13:33:26] [AD] [INFO] Closing ad tab {"postId":"175561652"}
[2026-02-16 13:33:28] [AD] [INFO] Open ad (new tab) {"postId":"175561693","url":"https://haraj.com.sa/11175561693/%D9%87%D9%88%D9%86%D8%AF%D8%A7%D9%8A_%D8%AA%D9%88%D8%B3%D8%A7%D9%86_%D8%B3%D9%85%D8%A7%D8%B1%D8%AA_%D9%85%D9%83%D9%8A%D9%86%D8%A9_1_6_%D9%85%D9%88%D8%AF%D9%8A%D9%84_2025%D9%85/"}
[2026-02-16 13:33:29] [AD] [INFO] Captured GraphQL posts {"postId":"175561708"}
[2026-02-16 13:33:32] [AD] [INFO] Captured GraphQL posts {"postId":"175561693"}
[2026-02-16 13:33:33] [AD] [INFO] Captured GraphQL comments {"postId":"175561693"}
[2026-02-16 13:33:33] [AD] [INFO] Captured GraphQL comments {"postId":"175561708"}
[2026-02-16 13:33:34] [AD] [INFO] Captured GraphQL posts {"postId":"175561699"}
[2026-02-16 13:33:34] [AD] [INFO] Opening contact modal {"postId":"175561693"}
[2026-02-16 13:33:34] [AD] [INFO] Opening contact modal {"postId":"175561708"}
[2026-02-16 13:33:34] [AD] [INFO] Captured GraphQL comments {"postId":"175561699"}
[2026-02-16 13:33:35] [AD] [INFO] Opening contact modal {"postId":"175561699"}
[2026-02-16 13:33:35] [AD] [INFO] Contact extracted {"postId":"175561693","phone":"+966531035060","href":"tel:+966531035060"}
[2026-02-16 13:33:35] [AD] [INFO] Closing ad tab {"postId":"175561693"}
[2026-02-16 13:33:37] [AD] [INFO] Open ad (new tab) {"postId":"175561692","url":"https://haraj.com.sa/11175561692/%D9%83%D8%B4%D8%A7%D9%81%D8%A7%D8%AA_%D8%B6%D8%A8%D8%A7%D8%A8_%D9%83%D8%A7%D9%85%D8%B1%D9%8A_%D9%84%D9%8A%D8%AF_2018_2022/"}
[2026-02-16 13:33:37] [AD] [INFO] Contact extracted {"postId":"175561699","phone":"+966555185640","href":"tel:+966555185640"}
[2026-02-16 13:33:37] [AD] [INFO] Closing ad tab {"postId":"175561699"}
[2026-02-16 13:33:39] [AD] [INFO] Open ad (new tab) {"postId":"73847670","url":"https://haraj.com.sa/1173847670/%D8%AA%D8%B4%D8%BA%D9%8A%D9%84_%D8%B9%D9%86_%D8%A8%D8%B9%D8%AF_%D9%84%D9%83%D8%B2%D8%B3_%D9%88_%D8%AA%D9%88%D9%8A%D9%88%D8%AA%D8%A7_%D9%84%D9%84%D8%A8%D8%B5%D9%85%D9%87_%D9%81%D9%82%D8%B7/"}
[2026-02-16 13:33:40] [AD] [INFO] Captured GraphQL posts {"postId":"175561692"}
[2026-02-16 13:33:41] [AD] [INFO] Captured GraphQL comments {"postId":"175561692"}
[2026-02-16 13:33:41] [AD] [INFO] Captured GraphQL posts {"postId":"73847670"}
[2026-02-16 13:33:42] [AD] [INFO] Captured GraphQL comments {"postId":"73847670"}
[2026-02-16 13:33:42] [AD] [INFO] Opening contact modal {"postId":"175561692"}
[2026-02-16 13:33:44] [AD] [INFO] Opening contact modal {"postId":"73847670"}
[2026-02-16 13:33:45] [AD] [INFO] Contact extracted {"postId":"73847670","phone":"+966502974322","href":"tel:+966502974322"}
[2026-02-16 13:33:45] [AD] [INFO] Closing ad tab {"postId":"73847670"}
[2026-02-16 13:33:45] [AD] [INFO] Contact extracted {"postId":"175561692","phone":"+966557811885","href":"tel:+966557811885"}
[2026-02-16 13:33:45] [AD] [INFO] Closing ad tab {"postId":"175561692"}
[2026-02-16 13:33:46] [AD] [INFO] Open ad (new tab) {"postId":"85974552","url":"https://haraj.com.sa/1185974552/%D8%AA%D9%88%D9%8A%D9%88%D8%AA%D8%A7_%D9%84%D8%A7%D9%86%D8%AF%D9%83%D8%B1%D9%88%D8%B2%D8%B1_2013_%D9%88%D9%83%D8%A7%D9%84%D8%A9_%D9%85%D8%AE%D8%B2%D9%86_%D9%85%D8%A8%D8%A7%D8%B9/"}
[2026-02-16 13:33:46] [AD] [INFO] Open ad (new tab) {"postId":"175561689","url":"https://haraj.com.sa/11175561689/%D8%A8%D9%8A_%D8%A7%D9%85_%D8%AF%D8%A8%D9%84%D9%8A%D9%88_X5_2019/"}
[2026-02-16 13:33:49] [AD] [INFO] Captured GraphQL posts {"postId":"175561689"}
[2026-02-16 13:33:50] [AD] [INFO] Captured GraphQL comments {"postId":"175561689"}
[2026-02-16 13:33:50] [AD] [INFO] Captured GraphQL posts {"postId":"85974552"}
[2026-02-16 13:33:51] [AD] [INFO] Captured GraphQL comments {"postId":"85974552"}
[2026-02-16 13:33:51] [AD] [INFO] Opening contact modal {"postId":"175561689"}
[2026-02-16 13:33:52] [AD] [INFO] Opening contact modal {"postId":"85974552"}
[2026-02-16 13:33:52] [AD] [INFO] Contact extracted {"postId":"175561689","phone":"+966596708060","href":"tel:+966596708060"}
[2026-02-16 13:33:52] [AD] [INFO] Closing ad tab {"postId":"175561689"}
[2026-02-16 13:33:53] [AD] [INFO] Open ad (new tab) {"postId":"175561688","url":"https://haraj.com.sa/11175561688/mazda_6_rims_model_2025/"}
[2026-02-16 13:33:54] [AD] [INFO] Contact extracted {"postId":"85974552","phone":"0000000000","href":"tel:"}
[2026-02-16 13:33:54] [AD] [INFO] Closing ad tab {"postId":"85974552"}
[2026-02-16 13:33:55] [AD] [INFO] Open ad (new tab) {"postId":"175561684","url":"https://haraj.com.sa/11175561684/%D8%B7%D9%82%D9%85_%D9%85%D8%B1%D8%A7%D9%8A%D8%A7%D8%AA_%D9%83%D8%B1%D8%B3%D9%8A%D8%AF%D8%A7/"}
[2026-02-16 13:33:56] [AD] [INFO] Captured GraphQL posts {"postId":"175561688"}
[2026-02-16 13:33:56] [AD] [INFO] Captured GraphQL comments {"postId":"175561688"}
[2026-02-16 13:33:57] [AD] [INFO] Opening contact modal {"postId":"175561688"}
[2026-02-16 13:33:58] [AD] [INFO] Contact extracted {"postId":"175561688","phone":"+966599530055","href":"tel:+966599530055"}
[2026-02-16 13:33:58] [AD] [INFO] Closing ad tab {"postId":"175561688"}
[2026-02-16 13:33:59] [AD] [INFO] Captured GraphQL posts {"postId":"175561684"}
[2026-02-16 13:33:59] [AD] [INFO] Captured GraphQL comments {"postId":"175561684"}
[2026-02-16 13:33:59] [AD] [INFO] Open ad (new tab) {"postId":"175561681","url":"https://haraj.com.sa/11175561681/%D8%AF%D9%83%D9%87_%D8%B4%D8%A7%D8%AE%D9%88%D9%81%D9%87_17_%D9%85%D8%AA%D8%B1/"}
[2026-02-16 13:34:00] [AD] [INFO] Opening contact modal {"postId":"175561684"}
[2026-02-16 13:34:01] [AD] [INFO] Contact extracted {"postId":"175561684","phone":"+966590900441","href":"tel:+966590900441"}
[2026-02-16 13:34:01] [AD] [INFO] Closing ad tab {"postId":"175561684"}
[2026-02-16 13:34:02] [AD] [INFO] Captured GraphQL posts {"postId":"175561681"}
[2026-02-16 13:34:02] [AD] [INFO] Captured GraphQL comments {"postId":"175561681"}
[2026-02-16 13:34:03] [AD] [INFO] Open ad (new tab) {"postId":"175561679","url":"https://haraj.com.sa/11175561679/%D8%A7%D8%B3%D9%88%D8%B2%D9%88_%D8%AF%D9%8A%D9%85%D8%A7%D9%83%D8%B3/"}
[2026-02-16 13:34:04] [AD] [INFO] Opening contact modal {"postId":"175561681"}
[2026-02-16 13:34:05] [AD] [INFO] Captured GraphQL posts {"postId":"175561679"}
[2026-02-16 13:34:06] [AD] [INFO] Captured GraphQL comments {"postId":"175561679"}
[2026-02-16 13:34:06] [AD] [INFO] Contact extracted {"postId":"175561681","phone":"+966557558079","href":"tel:+966557558079"}
[2026-02-16 13:34:06] [AD] [INFO] Closing ad tab {"postId":"175561681"}
[2026-02-16 13:34:07] [AD] [INFO] Opening contact modal {"postId":"175561679"}
[2026-02-16 13:34:08] [AD] [INFO] Contact extracted {"postId":"175561679","phone":"+966553998988","href":"tel:+966553998988"}
[2026-02-16 13:34:08] [AD] [INFO] Closing ad tab {"postId":"175561679"}
[2026-02-16 13:34:08] [AD] [INFO] Open ad (new tab) {"postId":"175561678","url":"https://haraj.com.sa/11175561678/%D8%B1%D9%85%D8%A7%D9%84%D9%87_%D9%83%D9%85%D8%A8%D8%B1%D9%88%D8%B3%D8%B1_%D8%B1%D9%85%D8%A7%D9%84%D9%87/"}
[2026-02-16 13:34:08] [AD] [INFO] Open ad (new tab) {"postId":"175561670","url":"https://haraj.com.sa/11175561670/%D9%83%D8%A7%D8%A8%D8%AA%D9%8A%D9%81%D8%A7_%D9%85%D9%88%D8%AF%D9%8A%D9%84_2023/"}
[2026-02-16 13:34:11] [AD] [INFO] Captured GraphQL posts {"postId":"175561678"}
[2026-02-16 13:34:11] [AD] [INFO] Captured GraphQL comments {"postId":"175561678"}
[2026-02-16 13:34:12] [AD] [INFO] Captured GraphQL posts {"postId":"175561670"}
[2026-02-16 13:34:12] [AD] [INFO] Captured GraphQL comments {"postId":"175561670"}
[2026-02-16 13:34:13] [AD] [INFO] Opening contact modal {"postId":"175561678"}
[2026-02-16 13:34:14] [AD] [INFO] Opening contact modal {"postId":"175561670"}
[2026-02-16 13:34:15] [AD] [INFO] Contact extracted {"postId":"175561670","phone":"+966500959578","href":"tel:+966500959578"}
[2026-02-16 13:34:15] [AD] [INFO] Closing ad tab {"postId":"175561670"}
[2026-02-16 13:34:16] [AD] [INFO] Contact extracted {"postId":"175561678","phone":"+966555743799","href":"tel:+966555743799"}
[2026-02-16 13:34:16] [AD] [INFO] Closing ad tab {"postId":"175561678"}
[2026-02-16 13:34:16] [AD] [INFO] Open ad (new tab) {"postId":"175561668","url":"https://haraj.com.sa/11175561668/%D9%84%D9%83%D8%B2%D8%B3_2018_%D9%85%D8%A7%D8%B4%D9%8A_380_%D8%A7%D9%84%D9%81_%D9%88%D9%83%D8%A7%D9%84%D9%87/"}
[2026-02-16 13:34:18] [AD] [INFO] Open ad (new tab) {"postId":"175561663","url":"https://haraj.com.sa/11175561663/%D8%B9%D9%84%D8%A8%D8%A9_%D8%A7%D8%B3%D8%B9%D8%A7%D9%81%D8%A7%D8%AA_%D8%B3%D9%8A%D8%A7%D8%B1%D8%A9_%D9%85%D8%B1%D8%B3%D9%8A%D8%AF%D8%B3_%D8%A8%D8%A7%D9%86%D9%88%D8%B1%D8%A7%D9%85%D8%A7_%D8%A7%D9%84%D8%AD%D8%A7%D9%84%D8%A9_%D8%AC%D8%AF%D9%8A%D8%AF_%D9%84%D9%85_%D8%AA%D9%81%D8%AA%D8%AD/"}
[2026-02-16 13:34:19] [AD] [INFO] Captured GraphQL posts {"postId":"175561668"}
[2026-02-16 13:34:19] [AD] [INFO] Captured GraphQL comments {"postId":"175561668"}
[2026-02-16 13:34:21] [AD] [INFO] Opening contact modal {"postId":"175561668"}
[2026-02-16 13:34:21] [AD] [INFO] Captured GraphQL posts {"postId":"175561663"}
[2026-02-16 13:34:21] [AD] [INFO] Captured GraphQL comments {"postId":"175561663"}
[2026-02-16 13:34:23] [AD] [INFO] Opening contact modal {"postId":"175561663"}
[2026-02-16 13:34:23] [AD] [INFO] Contact extracted {"postId":"175561668","phone":"+966500335098","href":"tel:+966500335098"}
[2026-02-16 13:34:23] [AD] [INFO] Closing ad tab {"postId":"175561668"}
[2026-02-16 13:34:24] [AD] [INFO] Contact extracted {"postId":"175561663","phone":"+966560202208","href":"tel:+966560202208"}
[2026-02-16 13:34:24] [AD] [INFO] Closing ad tab {"postId":"175561663"}
[2026-02-16 13:34:25] [AD] [INFO] Open ad (new tab) {"postId":"175561660","url":"https://haraj.com.sa/11175561660/%D8%AF%D8%A8%D8%A7%D8%A8_%D8%A7%D9%83%D8%B3_100/"}
[2026-02-16 13:34:25] [AD] [INFO] Open ad (new tab) {"postId":"175561659","url":"https://haraj.com.sa/11175561659/%D8%A8%D9%88%D8%B1%D8%B4_%D9%83%D8%A7%D9%8A%D9%8A%D9%86_2012/"}
[2026-02-16 13:34:28] [AD] [INFO] Captured GraphQL posts {"postId":"175561659"}
[2026-02-16 13:34:28] [AD] [INFO] Captured GraphQL comments {"postId":"175561659"}
[2026-02-16 13:34:29] [AD] [INFO] Captured GraphQL posts {"postId":"175561660"}
[2026-02-16 13:34:29] [AD] [INFO] Captured GraphQL comments {"postId":"175561660"}
[2026-02-16 13:34:30] [AD] [INFO] Opening contact modal {"postId":"175561660"}
[2026-02-16 13:34:30] [AD] [INFO] Opening contact modal {"postId":"175561659"}
[2026-02-16 13:34:31] [AD] [INFO] Contact extracted {"postId":"175561659","phone":"+966559052534","href":"tel:+966559052534"}
[2026-02-16 13:34:31] [AD] [INFO] Closing ad tab {"postId":"175561659"}
[2026-02-16 13:34:32] [AD] [INFO] Contact extracted {"postId":"175561660","phone":"+966502069582","href":"tel:+966502069582"}
[2026-02-16 13:34:32] [AD] [INFO] Closing ad tab {"postId":"175561660"}
[2026-02-16 13:34:33] [AD] [INFO] Open ad (new tab) {"postId":"175561653","url":"https://haraj.com.sa/11175561653/%D9%88%D8%A7%D9%8A%D8%AA_%D8%A7%D9%84%D8%A8%D9%8A_90_%D8%A7%D9%84%D8%AD%D8%AC%D9%85_1935/"}
[2026-02-16 13:34:33] [AD] [INFO] Open ad (new tab) {"postId":"175561652","url":"https://haraj.com.sa/11175561652/%D8%A7%D9%86%D9%88%D9%81%D8%A7_2013_%D9%81%D9%84_%D9%83%D8%A7%D9%85%D9%84_%D9%86%D8%B6%D9%8A%D9%81_%D9%85%D9%85%D8%B4%D9%89260/"}
[2026-02-16 13:34:36] [AD] [INFO] Captured GraphQL posts {"postId":"175561652"}
[2026-02-16 13:34:37] [AD] [INFO] Captured GraphQL comments {"postId":"175561652"}
[2026-02-16 13:34:37] [AD] [WARN] Phone did not settle in time {"postId":"175561708"}
[2026-02-16 13:34:37] [AD] [INFO] Contact extracted {"postId":"175561708","phone":null,"href":"tel:"}
[2026-02-16 13:34:37] [AD] [INFO] Closing ad tab {"postId":"175561708"}
[2026-02-16 13:34:37] [AD] [INFO] Captured GraphQL posts {"postId":"175561653"}
[2026-02-16 13:34:37] [AD] [INFO] Captured GraphQL comments {"postId":"175561653"}
[2026-02-16 13:34:38] [AD] [INFO] Opening contact modal {"postId":"175561652"}
[2026-02-16 13:34:38] [AD] [INFO] Opening contact modal {"postId":"175561653"}
[2026-02-16 13:34:39] [AD] [INFO] Contact extracted {"postId":"175561652","phone":"+966553513760","href":"tel:+966553513760"}
[2026-02-16 13:34:39] [AD] [INFO] Closing ad tab {"postId":"175561652"}
[2026-02-16 13:34:40] [AD] [INFO] Contact extracted {"postId":"175561653","phone":"+966554710185","href":"tel:+966554710185"}
[2026-02-16 13:34:40] [AD] [INFO] Closing ad tab {"postId":"175561653"}
[2026-02-16 13:39:46] [AD] [INFO] Open ad (new tab) {"postId":"175562127","url":"https://haraj.com.sa/11175562127/%D9%85%D8%B7%D9%84%D9%88%D8%A8_%D8%A8%D8%A7%D8%B5_%D8%A8%D8%B6%D8%A7%D8%A6%D8%B9_%D8%AA%D8%A7%D9%8A%D9%88%D8%AA%D8%A7_%D8%A3%D9%88_%D9%86%D9%8A%D8%B3%D8%A7%D9%86/"}
[2026-02-16 13:39:46] [AD] [INFO] Open ad (new tab) {"postId":"175562137","url":"https://haraj.com.sa/11175562137/%D9%83%D9%88%D8%B1%D9%88%D9%84%D8%A7_2024_XLi_%D9%85%D8%B7%D9%88%D8%B1_%D8%B3%D8%B9%D9%88%D8%AF%D9%8A%D9%87_%D9%85%D9%83%D9%8A%D9%86%D9%87_2000_%D8%B4%D8%A8%D9%87_%D8%A7%D9%84%D8%AC%D8%AF%D9%8A%D8%AF/"}
[2026-02-16 13:39:46] [AD] [INFO] Open ad (new tab) {"postId":"175562134","url":"https://haraj.com.sa/11175562134/%D9%82%D8%B3%D9%8A%D9%85%D8%A9_%D8%B3%D8%A7%D8%B3%D9%83%D9%88_100_%D8%A8_90/"}
[2026-02-16 13:39:50] [AD] [INFO] Captured GraphQL posts {"postId":"175562134"}
[2026-02-16 13:39:50] [AD] [INFO] Captured GraphQL comments {"postId":"175562134"}
[2026-02-16 13:39:51] [AD] [INFO] Opening contact modal {"postId":"175562134"}
[2026-02-16 13:39:52] [AD] [INFO] Captured GraphQL posts {"postId":"175562127"}
[2026-02-16 13:39:52] [AD] [INFO] Captured GraphQL posts {"postId":"175562137"}
[2026-02-16 13:39:52] [AD] [INFO] Captured GraphQL comments {"postId":"175562127"}
[2026-02-16 13:39:52] [AD] [INFO] Captured GraphQL comments {"postId":"175562137"}
[2026-02-16 13:39:53] [AD] [INFO] Opening contact modal {"postId":"175562127"}
[2026-02-16 13:39:54] [AD] [INFO] Opening contact modal {"postId":"175562137"}
[2026-02-16 13:39:56] [AD] [INFO] Contact extracted {"postId":"175562127","phone":"+966566127056","href":"tel:+966566127056"}
[2026-02-16 13:39:56] [AD] [INFO] Closing ad tab {"postId":"175562127"}
[2026-02-16 13:39:58] [AD] [INFO] Open ad (new tab) {"postId":"175562126","url":"https://haraj.com.sa/11175562126/%D9%83%D9%8A%D8%A7_k900_%D8%AB%D9%84%D8%A7%D8%AC%D8%A9_%D8%A7%D8%B5%D9%84_%D9%85%D9%88%D8%AF%D9%8A%D9%84_2019_%D9%85%D9%85%D8%B4%D9%89_119000/"}
[2026-02-16 13:39:58] [AD] [INFO] Contact extracted {"postId":"175562137","phone":"+966501301070","href":"tel:+966501301070"}
[2026-02-16 13:39:58] [AD] [INFO] Closing ad tab {"postId":"175562137"}
[2026-02-16 13:39:59] [AD] [INFO] Open ad (new tab) {"postId":"175562125","url":"https://haraj.com.sa/11175562125/%D8%A7%D8%A8%D8%AD%D8%AB_%D8%B9%D9%86_%D8%B3%D8%A7%D8%A6%D9%82_%D8%B4%D8%A7%D8%AD%D9%86%D8%A9/"}
[2026-02-16 13:40:02] [AD] [INFO] Captured GraphQL posts {"postId":"175562125"}
[2026-02-16 13:40:02] [AD] [INFO] Captured GraphQL comments {"postId":"175562125"}
[2026-02-16 13:40:02] [AD] [INFO] Captured GraphQL posts {"postId":"175562126"}
[2026-02-16 13:40:03] [AD] [INFO] Captured GraphQL comments {"postId":"175562126"}
[2026-02-16 13:40:03] [AD] [INFO] Opening contact modal {"postId":"175562125"}
[2026-02-16 13:40:04] [AD] [INFO] Opening contact modal {"postId":"175562126"}
[2026-02-16 13:40:04] [AD] [INFO] Contact extracted {"postId":"175562125","phone":"+966547411038","href":"tel:+966547411038"}
[2026-02-16 13:40:04] [AD] [INFO] Closing ad tab {"postId":"175562125"}
[2026-02-16 13:40:05] [AD] [INFO] Open ad (new tab) {"postId":"73847670","url":"https://haraj.com.sa/1173847670/%D8%AA%D8%B4%D8%BA%D9%8A%D9%84_%D8%B9%D9%86_%D8%A8%D8%B9%D8%AF_%D9%84%D9%83%D8%B2%D8%B3_%D9%88_%D8%AA%D9%88%D9%8A%D9%88%D8%AA%D8%A7_%D9%84%D9%84%D8%A8%D8%B5%D9%85%D9%87_%D9%81%D9%82%D8%B7/"}
[2026-02-16 13:40:06] [AD] [INFO] Contact extracted {"postId":"175562126","phone":"+966569300448","href":"tel:+966569300448"}
[2026-02-16 13:40:06] [AD] [INFO] Closing ad tab {"postId":"175562126"}
[2026-02-16 13:40:07] [AD] [INFO] Open ad (new tab) {"postId":"85974552","url":"https://haraj.com.sa/1185974552/%D8%AA%D9%88%D9%8A%D9%88%D8%AA%D8%A7_%D9%84%D8%A7%D9%86%D8%AF%D9%83%D8%B1%D9%88%D8%B2%D8%B1_2013_%D9%88%D9%83%D8%A7%D9%84%D8%A9_%D9%85%D8%AE%D8%B2%D9%86_%D9%85%D8%A8%D8%A7%D8%B9/"}
[2026-02-16 13:40:08] [AD] [INFO] Captured GraphQL posts {"postId":"73847670"}
[2026-02-16 13:40:08] [AD] [INFO] Captured GraphQL comments {"postId":"73847670"}
[2026-02-16 13:40:10] [AD] [INFO] Opening contact modal {"postId":"73847670"}
[2026-02-16 13:40:10] [AD] [INFO] Captured GraphQL posts {"postId":"85974552"}
[2026-02-16 13:40:11] [AD] [INFO] Captured GraphQL comments {"postId":"85974552"}
[2026-02-16 13:40:12] [AD] [INFO] Contact extracted {"postId":"73847670","phone":"+966502974322","href":"tel:+966502974322"}
[2026-02-16 13:40:12] [AD] [INFO] Closing ad tab {"postId":"73847670"}
[2026-02-16 13:40:12] [AD] [INFO] Opening contact modal {"postId":"85974552"}
[2026-02-16 13:40:13] [AD] [INFO] Open ad (new tab) {"postId":"175562120","url":"https://haraj.com.sa/11175562120/%D8%AC%D9%86%D9%88%D8%B7_%D9%81%D9%83%D8%AA%D9%88%D8%B1%D9%8A%D8%A7_%D8%A8%D9%88%D9%84%D9%8A%D8%B3%D9%8A_%D9%85%D9%82%D8%A7%D8%B3_17_%D9%88%D9%83%D8%A7%D9%84%D9%87_%D8%B9%D8%AF%D8%AF_4/"}
[2026-02-16 13:40:14] [AD] [INFO] Contact extracted {"postId":"85974552","phone":"0000000000","href":"tel:"}
[2026-02-16 13:40:14] [AD] [INFO] Closing ad tab {"postId":"85974552"}
[2026-02-16 13:40:16] [AD] [INFO] Open ad (new tab) {"postId":"175562119","url":"https://haraj.com.sa/11175562119/%D8%AC%D9%8A%D9%84%D9%8A_ec7_%D8%A7%D8%AE%D8%AA_%D8%A7%D9%84%D9%88%D9%83%D8%A7%D9%84%D8%A9_%D8%A7%D9%84%D8%A8%D9%8A%D8%B9_%D9%85%D8%B3%D8%AA%D8%B9%D8%AC%D9%84/"}
[2026-02-16 13:40:16] [AD] [INFO] Captured GraphQL posts {"postId":"175562120"}
[2026-02-16 13:40:16] [AD] [INFO] Captured GraphQL comments {"postId":"175562120"}
[2026-02-16 13:40:17] [AD] [INFO] Opening contact modal {"postId":"175562120"}
[2026-02-16 13:40:19] [AD] [INFO] Captured GraphQL posts {"postId":"175562119"}
[2026-02-16 13:40:19] [AD] [INFO] Captured GraphQL comments {"postId":"175562119"}
[2026-02-16 13:40:21] [AD] [INFO] Opening contact modal {"postId":"175562119"}
[2026-02-16 13:40:53] [AD] [WARN] Phone did not settle in time {"postId":"175562134"}
[2026-02-16 13:40:53] [AD] [INFO] Contact extracted {"postId":"175562134","phone":null,"href":"tel:"}
[2026-02-16 13:40:53] [AD] [INFO] Closing ad tab {"postId":"175562134"}
[2026-02-16 13:40:54] [AD] [INFO] Open ad (new tab) {"postId":"175562118","url":"https://haraj.com.sa/11175562118/%D9%84%D9%84%D8%A8%D9%8A%D8%B9_%D9%83%D8%A7%D8%A8%D8%B1%D8%B3_SS_%D9%85%D9%88%D8%AF%D9%8A%D9%84_2012_%D8%A7%D9%88%D9%84_%D9%85%D8%A7%D9%84%D9%83/"}
[2026-02-16 13:40:57] [AD] [INFO] Captured GraphQL posts {"postId":"175562118"}
[2026-02-16 13:40:58] [AD] [INFO] Captured GraphQL comments {"postId":"175562118"}
[2026-02-16 13:40:59] [AD] [INFO] Opening contact modal {"postId":"175562118"}
[2026-02-16 13:41:18] [AD] [WARN] Phone did not settle in time {"postId":"175562120"}
[2026-02-16 13:41:18] [AD] [INFO] Contact extracted {"postId":"175562120","phone":null,"href":"tel:"}
[2026-02-16 13:41:18] [AD] [INFO] Closing ad tab {"postId":"175562120"}
[2026-02-16 13:41:19] [AD] [INFO] Open ad (new tab) {"postId":"175562116","url":"https://haraj.com.sa/11175562116/%D8%A7%D9%84%D9%86%D8%AA%D8%B1%D8%A7_2021_%D8%B3%D8%B9%D9%88%D8%AF%D9%8A_%D8%B4%D8%A8%D9%87_%D9%88%D9%83%D8%A7%D9%84%D8%A9/"}
[2026-02-16 13:41:22] [AD] [INFO] Captured GraphQL posts {"postId":"175562116"}
[2026-02-16 13:41:22] [AD] [INFO] Captured GraphQL comments {"postId":"175562116"}
[2026-02-16 13:41:22] [AD] [WARN] Phone did not settle in time {"postId":"175562119"}
[2026-02-16 13:41:22] [AD] [INFO] Contact extracted {"postId":"175562119","phone":null,"href":"tel:"}
[2026-02-16 13:41:22] [AD] [INFO] Closing ad tab {"postId":"175562119"}
[2026-02-16 13:41:23] [AD] [INFO] Opening contact modal {"postId":"175562116"}
[2026-02-16 13:41:23] [AD] [INFO] Open ad (new tab) {"postId":"175562114","url":"https://haraj.com.sa/11175562114/%D8%B5%D8%A7%D9%84%D9%88%D9%86_2013/"}
[2026-02-16 13:41:26] [AD] [INFO] Captured GraphQL posts {"postId":"175562114"}
[2026-02-16 13:41:27] [AD] [INFO] Captured GraphQL comments {"postId":"175562114"}
[2026-02-16 13:41:28] [AD] [INFO] Opening contact modal {"postId":"175562114"}
[2026-02-16 13:41:30] [AD] [INFO] Contact extracted {"postId":"175562114","phone":"+966503060434","href":"tel:+966503060434"}
[2026-02-16 13:41:30] [AD] [INFO] Closing ad tab {"postId":"175562114"}
[2026-02-16 13:41:31] [AD] [INFO] Open ad (new tab) {"postId":"175562109","url":"https://haraj.com.sa/11175562109/%D8%AF%D9%88%D8%AF%D8%AC_%D8%AA%D8%B4%D8%A7%D8%B1%D8%AC%D8%B1_V6_2018_%D9%84%D9%84%D8%A8%D9%8A%D8%B9/"}
[2026-02-16 13:41:35] [AD] [INFO] Captured GraphQL posts {"postId":"175562109"}
[2026-02-16 13:41:35] [AD] [INFO] Captured GraphQL comments {"postId":"175562109"}
[2026-02-16 13:41:37] [AD] [INFO] Opening contact modal {"postId":"175562109"}
[2026-02-16 13:41:38] [AD] [INFO] Contact extracted {"postId":"175562109","phone":"+966576281709","href":"tel:+966576281709"}
[2026-02-16 13:41:38] [AD] [INFO] Closing ad tab {"postId":"175562109"}
[2026-02-16 13:41:39] [AD] [INFO] Open ad (new tab) {"postId":"175562103","url":"https://haraj.com.sa/11175562103/%D8%B4%D9%8A%D8%B1%D9%8A_%D8%A7%D8%B1%D9%8A%D8%B2%D9%88_5_%D9%85%D9%88%D8%AF%D9%8A%D9%84_24_%D9%84%D9%84%D8%A8%D9%8A%D8%B9_%D9%86%D8%B8%D9%8A%D9%81%D8%A9_%D8%AC%D8%AF%D8%A7/"}
[2026-02-16 13:41:42] [AD] [INFO] Captured GraphQL posts {"postId":"175562103"}
[2026-02-16 13:41:42] [AD] [INFO] Captured GraphQL comments {"postId":"175562103"}
[2026-02-16 13:41:43] [AD] [INFO] Opening contact modal {"postId":"175562103"}
[2026-02-16 13:41:45] [AD] [INFO] Contact extracted {"postId":"175562103","phone":"+966535669733","href":"tel:+966535669733"}
[2026-02-16 13:41:45] [AD] [INFO] Closing ad tab {"postId":"175562103"}
[2026-02-16 13:41:46] [AD] [INFO] Open ad (new tab) {"postId":"175562102","url":"https://haraj.com.sa/11175562102/%D8%B4%D9%81%D8%B1%D9%84%D9%8A%D8%A9_%D8%AA%D8%B1%D8%A7%D9%81%D9%8A%D8%B1%D8%B3_%D9%85%D8%AF%D9%8A%D9%84_2019/"}
[2026-02-16 13:41:49] [AD] [INFO] Captured GraphQL posts {"postId":"175562102"}
[2026-02-16 13:41:49] [AD] [INFO] Captured GraphQL comments {"postId":"175562102"}
[2026-02-16 13:41:51] [AD] [INFO] Opening contact modal {"postId":"175562102"}
[2026-02-16 13:41:51] [AD] [INFO] Contact extracted {"postId":"175562102","phone":"+966598822183","href":"tel:+966598822183"}
[2026-02-16 13:41:51] [AD] [INFO] Closing ad tab {"postId":"175562102"}
[2026-02-16 13:41:53] [AD] [INFO] Open ad (new tab) {"postId":"175562101","url":"https://haraj.com.sa/11175562101/%D8%B4%D8%A8%D9%83_%D9%84%D9%84%D8%A8%D9%8A%D8%B9/"}
[2026-02-16 13:41:56] [AD] [INFO] Captured GraphQL posts {"postId":"175562101"}
[2026-02-16 13:41:57] [AD] [INFO] Captured GraphQL comments {"postId":"175562101"}
[2026-02-16 13:41:58] [AD] [INFO] Opening contact modal {"postId":"175562101"}
[2026-02-16 13:42:00] [AD] [INFO] Contact extracted {"postId":"175562101","phone":"+966560746266","href":"tel:+966560746266"}
[2026-02-16 13:42:00] [AD] [INFO] Closing ad tab {"postId":"175562101"}
[2026-02-16 13:42:00] [AD] [WARN] Phone did not settle in time {"postId":"175562118"}
[2026-02-16 13:42:00] [AD] [INFO] Contact extracted {"postId":"175562118","phone":null,"href":"tel:"}
[2026-02-16 13:42:00] [AD] [INFO] Closing ad tab {"postId":"175562118"}
[2026-02-16 13:42:01] [AD] [INFO] Open ad (new tab) {"postId":"175562097","url":"https://haraj.com.sa/11175562097/%D9%82%D8%B7%D8%B9_%D9%85%D8%A7%D8%B2%D8%AF%D8%A7_6_%D8%B1%D9%81%D8%B1%D9%81_%D9%8A%D8%B3%D8%A7%D8%B1_%D9%88%D9%83%D8%B1%D8%B3%D9%8A_%D9%85%D9%83%D9%8A%D9%86%D9%87_%D9%8A%D9%85%D9%8A%D9%86_%D8%A7%D9%84%D9%85%D8%AF%D9%8A%D9%84_2018/"}
[2026-02-16 13:42:01] [AD] [INFO] Open ad (new tab) {"postId":"175562085","url":"https://haraj.com.sa/11175562085/%D9%85%D9%83%D9%8A%D9%86%D8%A9_%D9%85%D9%83%D8%A7%D8%A6%D9%86_%D8%A7%D8%A8%D8%AA%D9%8A%D9%85%D8%A7%D8%A1_%D8%A7%D8%B2%D9%8A%D8%B1%D8%A7_%D9%83%D8%AF%D9%8A%D9%86%D8%B2%D8%A7/"}
[2026-02-16 13:42:05] [AD] [INFO] Captured GraphQL posts {"postId":"175562097"}
[2026-02-16 13:42:05] [AD] [INFO] Captured GraphQL posts {"postId":"175562085"}
[2026-02-16 13:42:05] [AD] [INFO] Captured GraphQL comments {"postId":"175562085"}
[2026-02-16 13:42:06] [AD] [INFO] Captured GraphQL comments {"postId":"175562097"}
[2026-02-16 13:42:07] [AD] [INFO] Opening contact modal {"postId":"175562097"}
[2026-02-16 13:42:07] [AD] [INFO] Opening contact modal {"postId":"175562085"}
[2026-02-16 13:42:08] [AD] [INFO] Contact extracted {"postId":"175562085","phone":"+966530526280","href":"tel:+966530526280"}
[2026-02-16 13:42:08] [AD] [INFO] Closing ad tab {"postId":"175562085"}
[2026-02-16 13:42:08] [AD] [INFO] Contact extracted {"postId":"175562097","phone":"+966536882283","href":"tel:+966536882283"}
[2026-02-16 13:42:08] [AD] [INFO] Closing ad tab {"postId":"175562097"}
[2026-02-16 13:42:09] [AD] [INFO] Open ad (new tab) {"postId":"175562082","url":"https://haraj.com.sa/11175562082/%D9%84%D9%88%D8%AD%D8%A9_%D9%85%D9%85%D9%8A%D8%B2%D8%A9_%D9%84%D9%84%D8%A8%D9%8A%D8%B9/"}
[2026-02-16 13:42:09] [AD] [INFO] Open ad (new tab) {"postId":"175562079","url":"https://haraj.com.sa/11175562079/%D9%84%D9%84%D8%A8%D9%8A%D8%B9_%D8%A7%D9%82%D9%85%D8%B4%D9%87_%D9%87%D9%84%D9%83%D8%B3_%D9%85%D9%86_2006_%D8%A5%D9%84%D9%89_2015/"}
[2026-02-16 13:42:13] [AD] [INFO] Captured GraphQL posts {"postId":"175562079"}
[2026-02-16 13:42:13] [AD] [INFO] Captured GraphQL comments {"postId":"175562079"}
[2026-02-16 13:42:14] [AD] [INFO] Captured GraphQL posts {"postId":"175562082"}
[2026-02-16 13:42:15] [AD] [INFO] Captured GraphQL comments {"postId":"175562082"}
[2026-02-16 13:42:15] [AD] [INFO] Opening contact modal {"postId":"175562079"}
[2026-02-16 13:42:16] [AD] [INFO] Opening contact modal {"postId":"175562082"}
[2026-02-16 13:42:19] [AD] [INFO] Contact extracted {"postId":"175562082","phone":"+966599919391","href":"tel:+966599919391"}
[2026-02-16 13:42:19] [AD] [INFO] Closing ad tab {"postId":"175562082"}
[2026-02-16 13:42:20] [AD] [INFO] Open ad (new tab) {"postId":"175562137","url":"https://haraj.com.sa/11175562137/%D9%83%D9%88%D8%B1%D9%88%D9%84%D8%A7_2024_XLi_%D9%85%D8%B7%D9%88%D8%B1_%D8%B3%D8%B9%D9%88%D8%AF%D9%8A%D9%87_%D9%85%D9%83%D9%8A%D9%86%D9%87_2000_%D8%B4%D8%A8%D9%87_%D8%A7%D9%84%D8%AC%D8%AF%D9%8A%D8%AF/"}
[2026-02-16 13:42:23] [AD] [INFO] Captured GraphQL posts {"postId":"175562137"}
[2026-02-16 13:42:23] [AD] [INFO] Captured GraphQL comments {"postId":"175562137"}
[2026-02-16 13:42:24] [AD] [WARN] Phone did not settle in time {"postId":"175562116"}
[2026-02-16 13:42:24] [AD] [INFO] Contact extracted {"postId":"175562116","phone":null,"href":"tel:"}
[2026-02-16 13:42:24] [AD] [INFO] Closing ad tab {"postId":"175562116"}
[2026-02-16 13:42:25] [AD] [INFO] Opening contact modal {"postId":"175562137"}
[2026-02-16 13:42:25] [AD] [INFO] Open ad (new tab) {"postId":"175562134","url":"https://haraj.com.sa/11175562134/%D9%82%D8%B3%D9%8A%D9%85%D8%A9_%D8%B3%D8%A7%D8%B3%D9%83%D9%88_100_%D8%A8_90/"}
[2026-02-16 13:42:26] [AD] [INFO] Contact extracted {"postId":"175562137","phone":"+966501301070","href":"tel:+966501301070"}
[2026-02-16 13:42:26] [AD] [INFO] Closing ad tab {"postId":"175562137"}
[2026-02-16 13:42:28] [AD] [INFO] Open ad (new tab) {"postId":"175562127","url":"https://haraj.com.sa/11175562127/%D9%85%D8%B7%D9%84%D9%88%D8%A8_%D8%A8%D8%A7%D8%B5_%D8%A8%D8%B6%D8%A7%D8%A6%D8%B9_%D8%AA%D8%A7%D9%8A%D9%88%D8%AA%D8%A7_%D8%A3%D9%88_%D9%86%D9%8A%D8%B3%D8%A7%D9%86/"}
[2026-02-16 13:42:28] [AD] [INFO] Captured GraphQL posts {"postId":"175562134"}
[2026-02-16 13:42:29] [AD] [INFO] Captured GraphQL comments {"postId":"175562134"}
[2026-02-16 13:42:30] [AD] [INFO] Opening contact modal {"postId":"175562134"}
[2026-02-16 13:42:31] [AD] [INFO] Captured GraphQL posts {"postId":"175562127"}
[2026-02-16 13:42:32] [AD] [INFO] Captured GraphQL comments {"postId":"175562127"}
[2026-02-16 13:42:33] [AD] [INFO] Opening contact modal {"postId":"175562127"}
[2026-02-16 13:42:34] [AD] [INFO] Contact extracted {"postId":"175562127","phone":"+966566127056","href":"tel:+966566127056"}
[2026-02-16 13:42:34] [AD] [INFO] Closing ad tab {"postId":"175562127"}
[2026-02-16 13:42:36] [AD] [INFO] Open ad (new tab) {"postId":"175562126","url":"https://haraj.com.sa/11175562126/%D9%83%D9%8A%D8%A7_k900_%D8%AB%D9%84%D8%A7%D8%AC%D8%A9_%D8%A7%D8%B5%D9%84_%D9%85%D9%88%D8%AF%D9%8A%D9%84_2019_%D9%85%D9%85%D8%B4%D9%89_119000/"}
[2026-02-16 13:42:39] [AD] [INFO] Captured GraphQL posts {"postId":"175562126"}
[2026-02-16 13:42:39] [AD] [INFO] Captured GraphQL comments {"postId":"175562126"}
[2026-02-16 13:42:41] [AD] [INFO] Opening contact modal {"postId":"175562126"}
[2026-02-16 13:42:41] [AD] [INFO] Contact extracted {"postId":"175562126","phone":"+966569300448","href":"tel:+966569300448"}
[2026-02-16 13:42:41] [AD] [INFO] Closing ad tab {"postId":"175562126"}
[2026-02-16 13:42:42] [AD] [INFO] Open ad (new tab) {"postId":"175562125","url":"https://haraj.com.sa/11175562125/%D8%A7%D8%A8%D8%AD%D8%AB_%D8%B9%D9%86_%D8%B3%D8%A7%D8%A6%D9%82_%D8%B4%D8%A7%D8%AD%D9%86%D8%A9/"}
[2026-02-16 13:42:45] [AD] [INFO] Captured GraphQL posts {"postId":"175562125"}
[2026-02-16 13:42:45] [AD] [INFO] Captured GraphQL comments {"postId":"175562125"}
[2026-02-16 13:42:46] [AD] [INFO] Opening contact modal {"postId":"175562125"}
[2026-02-16 13:42:47] [AD] [INFO] Contact extracted {"postId":"175562125","phone":"+966547411038","href":"tel:+966547411038"}
[2026-02-16 13:42:47] [AD] [INFO] Closing ad tab {"postId":"175562125"}
[2026-02-16 13:42:48] [AD] [INFO] Open ad (new tab) {"postId":"73847670","url":"https://haraj.com.sa/1173847670/%D8%AA%D8%B4%D8%BA%D9%8A%D9%84_%D8%B9%D9%86_%D8%A8%D8%B9%D8%AF_%D9%84%D9%83%D8%B2%D8%B3_%D9%88_%D8%AA%D9%88%D9%8A%D9%88%D8%AA%D8%A7_%D9%84%D9%84%D8%A8%D8%B5%D9%85%D9%87_%D9%81%D9%82%D8%B7/"}
[2026-02-16 13:42:51] [AD] [INFO] Captured GraphQL posts {"postId":"73847670"}
[2026-02-16 13:42:51] [AD] [INFO] Captured GraphQL comments {"postId":"73847670"}
[2026-02-16 13:42:52] [AD] [INFO] Opening contact modal {"postId":"73847670"}
[2026-02-16 13:42:54] [AD] [INFO] Contact extracted {"postId":"73847670","phone":"+966502974322","href":"tel:+966502974322"}
[2026-02-16 13:42:54] [AD] [INFO] Closing ad tab {"postId":"73847670"}
[2026-02-16 13:42:55] [AD] [INFO] Open ad (new tab) {"postId":"85974552","url":"https://haraj.com.sa/1185974552/%D8%AA%D9%88%D9%8A%D9%88%D8%AA%D8%A7_%D9%84%D8%A7%D9%86%D8%AF%D9%83%D8%B1%D9%88%D8%B2%D8%B1_2013_%D9%88%D9%83%D8%A7%D9%84%D8%A9_%D9%85%D8%AE%D8%B2%D9%86_%D9%85%D8%A8%D8%A7%D8%B9/"}
[2026-02-16 13:42:57] [AD] [INFO] Captured GraphQL posts {"postId":"85974552"}
[2026-02-16 13:42:58] [AD] [INFO] Captured GraphQL comments {"postId":"85974552"}
[2026-02-16 13:42:59] [AD] [INFO] Opening contact modal {"postId":"85974552"}
[2026-02-16 13:43:01] [AD] [INFO] Contact extracted {"postId":"85974552","phone":"0000000000","href":"tel:"}
[2026-02-16 13:43:01] [AD] [INFO] Closing ad tab {"postId":"85974552"}
[2026-02-16 13:43:02] [AD] [INFO] Open ad (new tab) {"postId":"175562120","url":"https://haraj.com.sa/11175562120/%D8%AC%D9%86%D9%88%D8%B7_%D9%81%D9%83%D8%AA%D9%88%D8%B1%D9%8A%D8%A7_%D8%A8%D9%88%D9%84%D9%8A%D8%B3%D9%8A_%D9%85%D9%82%D8%A7%D8%B3_17_%D9%88%D9%83%D8%A7%D9%84%D9%87_%D8%B9%D8%AF%D8%AF_4/"}
[2026-02-16 13:43:05] [AD] [INFO] Captured GraphQL posts {"postId":"175562120"}
[2026-02-16 13:43:05] [AD] [INFO] Captured GraphQL comments {"postId":"175562120"}
[2026-02-16 13:43:07] [AD] [INFO] Opening contact modal {"postId":"175562120"}
[2026-02-16 13:43:16] [AD] [WARN] Phone did not settle in time {"postId":"175562079"}
[2026-02-16 13:43:16] [AD] [INFO] Contact extracted {"postId":"175562079","phone":null,"href":"tel:"}
[2026-02-16 13:43:16] [AD] [INFO] Closing ad tab {"postId":"175562079"}
[2026-02-16 13:43:17] [AD] [INFO] Open ad (new tab) {"postId":"175562119","url":"https://haraj.com.sa/11175562119/%D8%AC%D9%8A%D9%84%D9%8A_ec7_%D8%A7%D8%AE%D8%AA_%D8%A7%D9%84%D9%88%D9%83%D8%A7%D9%84%D8%A9_%D8%A7%D9%84%D8%A8%D9%8A%D8%B9_%D9%85%D8%B3%D8%AA%D8%B9%D8%AC%D9%84/"}
[2026-02-16 13:43:20] [AD] [INFO] Captured GraphQL posts {"postId":"175562119"}
[2026-02-16 13:43:21] [AD] [INFO] Captured GraphQL comments {"postId":"175562119"}
[2026-02-16 13:43:22] [AD] [INFO] Opening contact modal {"postId":"175562119"}
[2026-02-16 13:43:32] [AD] [WARN] Phone did not settle in time {"postId":"175562134"}
[2026-02-16 13:43:32] [AD] [INFO] Contact extracted {"postId":"175562134","phone":null,"href":"tel:"}
[2026-02-16 13:43:32] [AD] [INFO] Closing ad tab {"postId":"175562134"}
[2026-02-16 13:43:33] [AD] [INFO] Open ad (new tab) {"postId":"175562118","url":"https://haraj.com.sa/11175562118/%D9%84%D9%84%D8%A8%D9%8A%D8%B9_%D9%83%D8%A7%D8%A8%D8%B1%D8%B3_SS_%D9%85%D9%88%D8%AF%D9%8A%D9%84_2012_%D8%A7%D9%88%D9%84_%D9%85%D8%A7%D9%84%D9%83/"}
[2026-02-16 13:43:37] [AD] [INFO] Captured GraphQL posts {"postId":"175562118"}
[2026-02-16 13:43:37] [AD] [INFO] Captured GraphQL comments {"postId":"175562118"}
[2026-02-16 13:43:39] [AD] [INFO] Opening contact modal {"postId":"175562118"}
[2026-02-16 13:44:08] [AD] [WARN] Phone did not settle in time {"postId":"175562120"}
[2026-02-16 13:44:08] [AD] [INFO] Contact extracted {"postId":"175562120","phone":null,"href":"tel:"}
[2026-02-16 13:44:08] [AD] [INFO] Closing ad tab {"postId":"175562120"}
[2026-02-16 13:44:10] [AD] [INFO] Open ad (new tab) {"postId":"175562116","url":"https://haraj.com.sa/11175562116/%D8%A7%D9%84%D9%86%D8%AA%D8%B1%D8%A7_2021_%D8%B3%D8%B9%D9%88%D8%AF%D9%8A_%D8%B4%D8%A8%D9%87_%D9%88%D9%83%D8%A7%D9%84%D8%A9/"}
[2026-02-16 13:44:13] [AD] [INFO] Captured GraphQL posts {"postId":"175562116"}
[2026-02-16 13:44:13] [AD] [INFO] Captured GraphQL comments {"postId":"175562116"}
[2026-02-16 13:44:15] [AD] [INFO] Opening contact modal {"postId":"175562116"}
[2026-02-16 13:44:23] [AD] [WARN] Phone did not settle in time {"postId":"175562119"}
[2026-02-16 13:44:23] [AD] [INFO] Contact extracted {"postId":"175562119","phone":null,"href":"tel:"}
[2026-02-16 13:44:23] [AD] [INFO] Closing ad tab {"postId":"175562119"}
[2026-02-16 13:44:24] [AD] [INFO] Open ad (new tab) {"postId":"175562114","url":"https://haraj.com.sa/11175562114/%D8%B5%D8%A7%D9%84%D9%88%D9%86_2013/"}
[2026-02-16 13:44:27] [AD] [INFO] Captured GraphQL posts {"postId":"175562114"}
[2026-02-16 13:44:27] [AD] [INFO] Captured GraphQL comments {"postId":"175562114"}
[2026-02-16 13:44:29] [AD] [INFO] Opening contact modal {"postId":"175562114"}
[2026-02-16 13:44:30] [AD] [INFO] Contact extracted {"postId":"175562114","phone":"+966503060434","href":"tel:+966503060434"}
[2026-02-16 13:44:30] [AD] [INFO] Closing ad tab {"postId":"175562114"}
[2026-02-16 13:44:31] [AD] [INFO] Open ad (new tab) {"postId":"175562109","url":"https://haraj.com.sa/11175562109/%D8%AF%D9%88%D8%AF%D8%AC_%D8%AA%D8%B4%D8%A7%D8%B1%D8%AC%D8%B1_V6_2018_%D9%84%D9%84%D8%A8%D9%8A%D8%B9/"}
[2026-02-16 13:44:34] [AD] [INFO] Captured GraphQL posts {"postId":"175562109"}
[2026-02-16 13:44:34] [AD] [INFO] Captured GraphQL comments {"postId":"175562109"}
[2026-02-16 13:44:36] [AD] [INFO] Opening contact modal {"postId":"175562109"}
[2026-02-16 13:44:37] [AD] [INFO] Contact extracted {"postId":"175562109","phone":"+966576281709","href":"tel:+966576281709"}
[2026-02-16 13:44:37] [AD] [INFO] Closing ad tab {"postId":"175562109"}
[2026-02-16 13:44:38] [AD] [INFO] Open ad (new tab) {"postId":"175562103","url":"https://haraj.com.sa/11175562103/%D8%B4%D9%8A%D8%B1%D9%8A_%D8%A7%D8%B1%D9%8A%D8%B2%D9%88_5_%D9%85%D9%88%D8%AF%D9%8A%D9%84_24_%D9%84%D9%84%D8%A8%D9%8A%D8%B9_%D9%86%D8%B8%D9%8A%D9%81%D8%A9_%D8%AC%D8%AF%D8%A7/"}
[2026-02-16 13:44:40] [AD] [INFO] Captured GraphQL posts {"postId":"175562103"}
[2026-02-16 13:44:40] [AD] [WARN] Phone did not settle in time {"postId":"175562118"}
[2026-02-16 13:44:40] [AD] [INFO] Captured GraphQL comments {"postId":"175562103"}
[2026-02-16 13:44:40] [AD] [INFO] Contact extracted {"postId":"175562118","phone":null,"href":"tel:"}
[2026-02-16 13:44:40] [AD] [INFO] Closing ad tab {"postId":"175562118"}
[2026-02-16 13:44:42] [AD] [INFO] Open ad (new tab) {"postId":"175562102","url":"https://haraj.com.sa/11175562102/%D8%B4%D9%81%D8%B1%D9%84%D9%8A%D8%A9_%D8%AA%D8%B1%D8%A7%D9%81%D9%8A%D8%B1%D8%B3_%D9%85%D8%AF%D9%8A%D9%84_2019/"}
[2026-02-16 13:44:42] [AD] [INFO] Opening contact modal {"postId":"175562103"}
[2026-02-16 13:44:43] [AD] [INFO] Contact extracted {"postId":"175562103","phone":"+966535669733","href":"tel:+966535669733"}
[2026-02-16 13:44:44] [AD] [INFO] Closing ad tab {"postId":"175562103"}
[2026-02-16 13:44:44] [AD] [INFO] Captured GraphQL posts {"postId":"175562102"}
[2026-02-16 13:44:45] [AD] [INFO] Captured GraphQL comments {"postId":"175562102"}
[2026-02-16 13:44:45] [AD] [INFO] Open ad (new tab) {"postId":"175562101","url":"https://haraj.com.sa/11175562101/%D8%B4%D8%A8%D9%83_%D9%84%D9%84%D8%A8%D9%8A%D8%B9/"}
[2026-02-16 13:44:47] [AD] [INFO] Opening contact modal {"postId":"175562102"}
[2026-02-16 13:44:48] [AD] [INFO] Captured GraphQL posts {"postId":"175562101"}
[2026-02-16 13:44:48] [AD] [INFO] Captured GraphQL comments {"postId":"175562101"}
[2026-02-16 13:44:48] [AD] [INFO] Contact extracted {"postId":"175562102","phone":"+966598822183","href":"tel:+966598822183"}
[2026-02-16 13:44:48] [AD] [INFO] Closing ad tab {"postId":"175562102"}
[2026-02-16 13:44:50] [AD] [INFO] Open ad (new tab) {"postId":"175562097","url":"https://haraj.com.sa/11175562097/%D9%82%D8%B7%D8%B9_%D9%85%D8%A7%D8%B2%D8%AF%D8%A7_6_%D8%B1%D9%81%D8%B1%D9%81_%D9%8A%D8%B3%D8%A7%D8%B1_%D9%88%D9%83%D8%B1%D8%B3%D9%8A_%D9%85%D9%83%D9%8A%D9%86%D9%87_%D9%8A%D9%85%D9%8A%D9%86_%D8%A7%D9%84%D9%85%D8%AF%D9%8A%D9%84_2018/"}
[2026-02-16 13:44:50] [AD] [INFO] Opening contact modal {"postId":"175562101"}
[2026-02-16 13:44:51] [AD] [INFO] Contact extracted {"postId":"175562101","phone":"+966560746266","href":"tel:+966560746266"}
[2026-02-16 13:44:51] [AD] [INFO] Closing ad tab {"postId":"175562101"}
[2026-02-16 13:44:52] [AD] [INFO] Open ad (new tab) {"postId":"175562085","url":"https://haraj.com.sa/11175562085/%D9%85%D9%83%D9%8A%D9%86%D8%A9_%D9%85%D9%83%D8%A7%D8%A6%D9%86_%D8%A7%D8%A8%D8%AA%D9%8A%D9%85%D8%A7%D8%A1_%D8%A7%D8%B2%D9%8A%D8%B1%D8%A7_%D9%83%D8%AF%D9%8A%D9%86%D8%B2%D8%A7/"}
[2026-02-16 13:44:53] [AD] [INFO] Captured GraphQL posts {"postId":"175562097"}
[2026-02-16 13:44:55] [AD] [INFO] Captured GraphQL comments {"postId":"175562097"}
[2026-02-16 13:44:55] [AD] [INFO] Captured GraphQL posts {"postId":"175562085"}
[2026-02-16 13:44:55] [AD] [INFO] Captured GraphQL comments {"postId":"175562085"}
[2026-02-16 13:44:56] [AD] [INFO] Opening contact modal {"postId":"175562097"}
[2026-02-16 13:44:56] [AD] [INFO] Opening contact modal {"postId":"175562085"}
[2026-02-16 13:44:58] [AD] [INFO] Contact extracted {"postId":"175562085","phone":"+966530526280","href":"tel:+966530526280"}
[2026-02-16 13:44:58] [AD] [INFO] Closing ad tab {"postId":"175562085"}
[2026-02-16 13:44:58] [AD] [INFO] Contact extracted {"postId":"175562097","phone":"+966536882283","href":"tel:+966536882283"}
[2026-02-16 13:44:58] [AD] [INFO] Closing ad tab {"postId":"175562097"}
[2026-02-16 13:44:59] [AD] [INFO] Open ad (new tab) {"postId":"175562082","url":"https://haraj.com.sa/11175562082/%D9%84%D9%88%D8%AD%D8%A9_%D9%85%D9%85%D9%8A%D8%B2%D8%A9_%D9%84%D9%84%D8%A8%D9%8A%D8%B9/"}
[2026-02-16 13:45:00] [AD] [INFO] Open ad (new tab) {"postId":"175562079","url":"https://haraj.com.sa/11175562079/%D9%84%D9%84%D8%A8%D9%8A%D8%B9_%D8%A7%D9%82%D9%85%D8%B4%D9%87_%D9%87%D9%84%D9%83%D8%B3_%D9%85%D9%86_2006_%D8%A5%D9%84%D9%89_2015/"}
[2026-02-16 13:45:04] [AD] [INFO] Captured GraphQL posts {"postId":"175562079"}
[2026-02-16 13:45:05] [AD] [INFO] Captured GraphQL comments {"postId":"175562079"}
[2026-02-16 13:45:05] [AD] [INFO] Captured GraphQL posts {"postId":"175562082"}
[2026-02-16 13:45:06] [AD] [INFO] Captured GraphQL comments {"postId":"175562082"}
[2026-02-16 13:45:06] [AD] [INFO] Opening contact modal {"postId":"175562079"}
[2026-02-16 13:45:06] [AD] [INFO] Opening contact modal {"postId":"175562082"}
[2026-02-16 13:45:09] [AD] [INFO] Contact extracted {"postId":"175562082","phone":"+966599919391","href":"tel:+966599919391"}
[2026-02-16 13:45:09] [AD] [INFO] Closing ad tab {"postId":"175562082"}
[2026-02-16 13:45:16] [AD] [WARN] Phone did not settle in time {"postId":"175562116"}
[2026-02-16 13:45:16] [AD] [INFO] Contact extracted {"postId":"175562116","phone":null,"href":"tel:"}
[2026-02-16 13:45:16] [AD] [INFO] Closing ad tab {"postId":"175562116"}
[2026-02-16 13:46:07] [AD] [WARN] Phone did not settle in time {"postId":"175562079"}
[2026-02-16 13:46:07] [AD] [INFO] Contact extracted {"postId":"175562079","phone":null,"href":"tel:"}
[2026-02-16 13:46:07] [AD] [INFO] Closing ad tab {"postId":"175562079"}
[2026-02-16 13:51:13] [AD] [INFO] Open ad (new tab) {"postId":"175562750","url":"https://haraj.com.sa/11175562750/%D9%83%D9%8A%D8%A7_K5_%D9%85%D9%88%D8%AF%D9%8A%D9%84_2021_%D9%81%D9%84_%D9%83%D8%A7%D9%85%D9%84/"}
[2026-02-16 13:51:13] [AD] [INFO] Open ad (new tab) {"postId":"175562754","url":"https://haraj.com.sa/11175562754/%D9%84%D9%84%D8%A8%D9%8A%D8%B9_%D8%B3%D9%88%D9%86%D8%A7%D8%AA%D8%A7_2024_%D9%86%D8%B6%D9%8A%D9%81/"}
[2026-02-16 13:51:14] [AD] [INFO] Open ad (new tab) {"postId":"175562753","url":"https://haraj.com.sa/11175562753/%D8%A8%D9%88%D9%83%D9%84%D9%8A%D9%86_%D9%84%D9%84%D8%A7%D9%8A%D8%AC%D8%A7%D8%B1_2025_%D9%82%D8%B5_%D8%A7%D8%B1%D8%B6_%D8%A8%D9%86%D9%8A%D8%A7%D9%86_%D8%AD%D8%AC%D8%B1_%D9%87%D8%AF%D9%85_%D8%B1%D8%AF%D9%85_%D8%AA%D8%AE%D8%B1%D9%8A%D9%85/"}
[2026-02-16 13:51:18] [AD] [INFO] Captured GraphQL posts {"postId":"175562753"}
[2026-02-16 13:51:18] [AD] [INFO] Captured GraphQL comments {"postId":"175562753"}
[2026-02-16 13:51:19] [AD] [INFO] Opening contact modal {"postId":"175562753"}
[2026-02-16 13:51:20] [AD] [INFO] Contact extracted {"postId":"175562753","phone":"+966531381095","href":"tel:+966531381095"}
[2026-02-16 13:51:20] [AD] [INFO] Closing ad tab {"postId":"175562753"}
[2026-02-16 13:51:20] [AD] [INFO] Captured GraphQL posts {"postId":"175562754"}
[2026-02-16 13:51:20] [AD] [INFO] Captured GraphQL posts {"postId":"175562750"}
[2026-02-16 13:51:21] [AD] [INFO] Captured GraphQL comments {"postId":"175562750"}
[2026-02-16 13:51:21] [AD] [INFO] Captured GraphQL comments {"postId":"175562754"}
[2026-02-16 13:51:21] [AD] [INFO] Opening contact modal {"postId":"175562754"}
[2026-02-16 13:51:21] [AD] [INFO] Opening contact modal {"postId":"175562750"}
[2026-02-16 13:51:22] [AD] [INFO] Open ad (new tab) {"postId":"175562748","url":"https://haraj.com.sa/11175562748/%D8%A7%D9%83%D9%88%D8%B1%D8%AF_%D8%A7%D8%B3%D8%AA%D8%A7%D9%86%D8%AF%D8%B1/"}
[2026-02-16 13:51:22] [AD] [INFO] Contact extracted {"postId":"175562750","phone":"+966531293711","href":"tel:+966531293711"}
[2026-02-16 13:51:22] [AD] [INFO] Closing ad tab {"postId":"175562750"}
[2026-02-16 13:51:24] [AD] [INFO] Contact extracted {"postId":"175562754","phone":"+966536022935","href":"tel:+966536022935"}
[2026-02-16 13:51:24] [AD] [INFO] Closing ad tab {"postId":"175562754"}
[2026-02-16 13:51:24] [AD] [INFO] Open ad (new tab) {"postId":"175562743","url":"https://haraj.com.sa/11175562743/%D8%A7%D9%86%D9%88%D8%A7%D8%B1_%D9%83%D8%A7%D9%85%D8%B1%D9%8A_%D9%85%D9%86_2003_%D8%A7%D9%84%D9%89_2004/"}
[2026-02-16 13:51:25] [AD] [INFO] Captured GraphQL posts {"postId":"175562748"}
[2026-02-16 13:51:25] [AD] [INFO] Captured GraphQL comments {"postId":"175562748"}
[2026-02-16 13:51:26] [AD] [INFO] Open ad (new tab) {"postId":"73847670","url":"https://haraj.com.sa/1173847670/%D8%AA%D8%B4%D8%BA%D9%8A%D9%84_%D8%B9%D9%86_%D8%A8%D8%B9%D8%AF_%D9%84%D9%83%D8%B2%D8%B3_%D9%88_%D8%AA%D9%88%D9%8A%D9%88%D8%AA%D8%A7_%D9%84%D9%84%D8%A8%D8%B5%D9%85%D9%87_%D9%81%D9%82%D8%B7/"}
[2026-02-16 13:51:27] [AD] [INFO] Opening contact modal {"postId":"175562748"}
[2026-02-16 13:51:27] [AD] [INFO] Captured GraphQL posts {"postId":"175562743"}
[2026-02-16 13:51:28] [AD] [INFO] Captured GraphQL comments {"postId":"175562743"}
[2026-02-16 13:51:29] [AD] [INFO] Captured GraphQL posts {"postId":"73847670"}
[2026-02-16 13:51:29] [AD] [INFO] Contact extracted {"postId":"175562748","phone":"+966566344866","href":"tel:+966566344866"}
[2026-02-16 13:51:29] [AD] [INFO] Closing ad tab {"postId":"175562748"}
[2026-02-16 13:51:29] [AD] [INFO] Captured GraphQL comments {"postId":"73847670"}
[2026-02-16 13:51:29] [AD] [INFO] Opening contact modal {"postId":"175562743"}
[2026-02-16 13:51:30] [AD] [INFO] Open ad (new tab) {"postId":"85974552","url":"https://haraj.com.sa/1185974552/%D8%AA%D9%88%D9%8A%D9%88%D8%AA%D8%A7_%D9%84%D8%A7%D9%86%D8%AF%D9%83%D8%B1%D9%88%D8%B2%D8%B1_2013_%D9%88%D9%83%D8%A7%D9%84%D8%A9_%D9%85%D8%AE%D8%B2%D9%86_%D9%85%D8%A8%D8%A7%D8%B9/"}
[2026-02-16 13:51:30] [AD] [INFO] Opening contact modal {"postId":"73847670"}
[2026-02-16 13:51:32] [AD] [INFO] Contact extracted {"postId":"175562743","phone":"+966563282447","href":"tel:+966563282447"}
[2026-02-16 13:51:32] [AD] [INFO] Contact extracted {"postId":"73847670","phone":"+966502974322","href":"tel:+966502974322"}
[2026-02-16 13:51:32] [AD] [INFO] Closing ad tab {"postId":"175562743"}
[2026-02-16 13:51:32] [AD] [INFO] Closing ad tab {"postId":"73847670"}
[2026-02-16 13:51:32] [AD] [INFO] Captured GraphQL posts {"postId":"85974552"}
[2026-02-16 13:51:33] [AD] [INFO] Captured GraphQL comments {"postId":"85974552"}
[2026-02-16 13:51:33] [AD] [INFO] Open ad (new tab) {"postId":"175562742","url":"https://haraj.com.sa/11175562742/%D8%AC%D9%85%D8%B3_%D8%A8%D9%87%D8%A8%D9%87%D8%A7%D9%86%D9%8A_78_%D8%A8%D9%8A%D8%B9_%D9%85%D8%B3%D8%AA%D8%B9%D8%AC%D9%84/"}
[2026-02-16 13:51:34] [AD] [INFO] Open ad (new tab) {"postId":"175562740","url":"https://haraj.com.sa/11175562740/%D9%86%D9%8A%D8%B3%D8%A7%D9%86_%D8%A8%D8%A7%D8%AA%D8%B1%D9%88%D9%84_%D8%A8%D9%84%D8%A7%D8%AA%D9%8A%D9%86%D9%8A%D9%88%D9%85_%D8%AA%D9%88%D9%8A%D9%86_%D8%AA%D8%B1%D8%A8%D9%88_%D8%AE%D9%84%D9%8A%D8%AC%D9%8A_2026/"}
[2026-02-16 13:51:35] [AD] [INFO] Opening contact modal {"postId":"85974552"}
[2026-02-16 13:51:36] [AD] [INFO] Captured GraphQL posts {"postId":"175562740"}
[2026-02-16 13:51:37] [AD] [INFO] Captured GraphQL comments {"postId":"175562740"}
[2026-02-16 13:51:37] [AD] [INFO] Captured GraphQL posts {"postId":"175562742"}
[2026-02-16 13:51:37] [AD] [INFO] Captured GraphQL comments {"postId":"175562742"}
[2026-02-16 13:51:38] [AD] [INFO] Contact extracted {"postId":"85974552","phone":"0000000000","href":"tel:"}
[2026-02-16 13:51:38] [AD] [INFO] Closing ad tab {"postId":"85974552"}
[2026-02-16 13:51:38] [AD] [INFO] Opening contact modal {"postId":"175562740"}
[2026-02-16 13:51:38] [AD] [INFO] Opening contact modal {"postId":"175562742"}
[2026-02-16 13:51:39] [AD] [INFO] Contact extracted {"postId":"175562740","phone":"+966506381950","href":"tel:+966506381950"}
[2026-02-16 13:51:39] [AD] [INFO] Closing ad tab {"postId":"175562740"}
[2026-02-16 13:51:39] [AD] [INFO] Open ad (new tab) {"postId":"175562739","url":"https://haraj.com.sa/11175562739/%D8%AC%D9%85%D8%B3_%D8%AD%D9%88%D8%B6_1979/"}
[2026-02-16 13:51:40] [AD] [INFO] Open ad (new tab) {"postId":"175562738","url":"https://haraj.com.sa/11175562738/%D8%B5%D9%86%D8%AF%D9%88%D9%82_%D8%AF%D9%8A%D9%86%D8%A7_%D9%85%D9%82%D9%81%D9%84_8_%D8%B7%D8%A8%D9%84%D9%8A%D8%A7%D8%AA/"}
[2026-02-16 13:51:40] [AD] [INFO] Contact extracted {"postId":"175562742","phone":"+966595822227","href":"tel:+966595822227"}
[2026-02-16 13:51:40] [AD] [INFO] Closing ad tab {"postId":"175562742"}
[2026-02-16 13:51:42] [AD] [INFO] Open ad (new tab) {"postId":"175562737","url":"https://haraj.com.sa/11175562737/%D8%B1%D8%A7%D9%81_%D9%81%D9%88%D8%B1/"}
[2026-02-16 13:51:43] [AD] [INFO] Captured GraphQL posts {"postId":"175562739"}
[2026-02-16 13:51:43] [AD] [INFO] Captured GraphQL posts {"postId":"175562738"}
[2026-02-16 13:51:44] [AD] [INFO] Captured GraphQL comments {"postId":"175562738"}
[2026-02-16 13:51:45] [AD] [INFO] Captured GraphQL comments {"postId":"175562739"}
[2026-02-16 13:51:45] [AD] [INFO] Captured GraphQL posts {"postId":"175562737"}
[2026-02-16 13:51:45] [AD] [INFO] Captured GraphQL comments {"postId":"175562737"}
[2026-02-16 13:51:46] [AD] [INFO] Opening contact modal {"postId":"175562738"}
[2026-02-16 13:51:46] [AD] [INFO] Opening contact modal {"postId":"175562739"}
[2026-02-16 13:51:46] [AD] [INFO] Opening contact modal {"postId":"175562737"}
[2026-02-16 13:51:47] [AD] [INFO] Contact extracted {"postId":"175562737","phone":"+966566883332","href":"tel:+966566883332"}
[2026-02-16 13:51:47] [AD] [INFO] Closing ad tab {"postId":"175562737"}
[2026-02-16 13:51:47] [AD] [INFO] Contact extracted {"postId":"175562738","phone":"+966540006866","href":"tel:+966540006866"}
[2026-02-16 13:51:47] [AD] [INFO] Closing ad tab {"postId":"175562738"}
[2026-02-16 13:51:48] [AD] [INFO] Contact extracted {"postId":"175562739","phone":"+966535114352","href":"tel:+966535114352"}
[2026-02-16 13:51:48] [AD] [INFO] Closing ad tab {"postId":"175562739"}
[2026-02-16 13:51:48] [AD] [INFO] Open ad (new tab) {"postId":"175562736","url":"https://haraj.com.sa/11175562736/%D9%84%D9%83%D8%B2%D8%B3_ES_250_%D9%86%D8%B5_%D9%81%D9%84_%D8%AE%D9%84%D9%8A%D8%AC%D9%8A_2025_%D8%A7%D9%84%D8%B3%D8%B9%D8%B1_201700/"}
[2026-02-16 13:51:49] [AD] [INFO] Open ad (new tab) {"postId":"175562733","url":"https://haraj.com.sa/11175562733/%D8%AC%D9%8A%D9%84%D9%8A_%D9%85%D9%88%D9%86%D8%AC%D8%A7%D8%B1%D9%88_2024_GF/"}
[2026-02-16 13:51:49] [AD] [INFO] Open ad (new tab) {"postId":"175562730","url":"https://haraj.com.sa/11175562730/%D9%84%D9%83%D8%B2%D8%B3_ES_300_HH_%D9%81%D9%84_%D9%83%D8%A7%D9%85%D9%84_%D8%AE%D9%84%D9%8A%D8%AC%D9%8A_2025_%D8%B9%D8%B1%D8%B6_%D8%AE%D8%A7%D8%B5/"}
[2026-02-16 13:51:53] [AD] [INFO] Captured GraphQL posts {"postId":"175562730"}
[2026-02-16 13:51:53] [AD] [INFO] Captured GraphQL comments {"postId":"175562730"}
[2026-02-16 13:51:54] [AD] [INFO] Captured GraphQL posts {"postId":"175562736"}
[2026-02-16 13:51:54] [AD] [INFO] Captured GraphQL posts {"postId":"175562733"}
[2026-02-16 13:51:54] [AD] [INFO] Captured GraphQL comments {"postId":"175562736"}
[2026-02-16 13:51:54] [AD] [INFO] Captured GraphQL comments {"postId":"175562733"}
[2026-02-16 13:51:54] [AD] [INFO] Opening contact modal {"postId":"175562730"}
[2026-02-16 13:51:55] [AD] [INFO] Opening contact modal {"postId":"175562736"}
[2026-02-16 13:51:55] [AD] [INFO] Opening contact modal {"postId":"175562733"}
[2026-02-16 13:51:56] [AD] [INFO] Contact extracted {"postId":"175562730","phone":"+966550430950","href":"tel:+966550430950"}
[2026-02-16 13:51:56] [AD] [INFO] Closing ad tab {"postId":"175562730"}
[2026-02-16 13:51:57] [AD] [INFO] Open ad (new tab) {"postId":"175562728","url":"https://haraj.com.sa/11175562728/%D8%A7%D9%84%D8%B3%D9%84%D8%A7%D9%85_%D8%B9%D9%84%D9%8A%D9%83%D9%85_%D9%88%D8%B1%D8%AD%D9%85%D8%A9_%D8%A7%D9%84%D9%84%D9%87_%D9%88%D8%A8%D8%B1%D9%83%D8%A7%D8%AA%D9%87_%D9%8A%D9%88%D8%AC%D8%AF_%D9%84%D8%AF%D9%8A_%D8%A7%D9%84%D9%86%D8%AA%D8%B1%D8%A7_%D8%A7%D9%81%D8%A7%D9%86%D8%AA%D9%8A_%D8%AF%D9%8A%D8%B2%D9%84/"}
[2026-02-16 13:51:57] [AD] [INFO] Contact extracted {"postId":"175562736","phone":"+966505580764","href":"tel:+966505580764"}
[2026-02-16 13:51:58] [AD] [INFO] Closing ad tab {"postId":"175562736"}
[2026-02-16 13:51:59] [AD] [INFO] Open ad (new tab) {"postId":"175562726","url":"https://haraj.com.sa/11175562726/%D8%AC%D9%86%D9%88%D8%B7_%D9%88%D9%83%D9%81%D8%B1%D8%A7%D8%AA_%D8%A7%D9%81_150/"}
[2026-02-16 13:52:00] [AD] [INFO] Captured GraphQL posts {"postId":"175562728"}
[2026-02-16 13:52:00] [AD] [INFO] Captured GraphQL comments {"postId":"175562728"}
[2026-02-16 13:52:01] [AD] [INFO] Opening contact modal {"postId":"175562728"}
[2026-02-16 13:52:02] [AD] [INFO] Captured GraphQL posts {"postId":"175562726"}
[2026-02-16 13:52:02] [AD] [INFO] Captured GraphQL comments {"postId":"175562726"}
[2026-02-16 13:52:04] [AD] [INFO] Opening contact modal {"postId":"175562726"}
[2026-02-16 13:52:04] [AD] [INFO] Contact extracted {"postId":"175562728","phone":"+966502190274","href":"tel:+966502190274"}
[2026-02-16 13:52:04] [AD] [INFO] Closing ad tab {"postId":"175562728"}
[2026-02-16 13:52:05] [AD] [INFO] Contact extracted {"postId":"175562726","phone":"+966562115907","href":"tel:+966562115907"}
[2026-02-16 13:52:05] [AD] [INFO] Closing ad tab {"postId":"175562726"}
[2026-02-16 13:52:06] [AD] [INFO] Open ad (new tab) {"postId":"175562725","url":"https://haraj.com.sa/11175562725/%D9%84%D9%88%D8%AD%D9%87_%D8%A8_%D8%AF_%D8%B1_%D9%85%D9%85%D9%8A%D8%B2%D9%87/"}
[2026-02-16 13:52:06] [AD] [INFO] Open ad (new tab) {"postId":"175562724","url":"https://haraj.com.sa/11175562724/%D8%AA%D9%8A%D9%88%D8%AA%D8%A7_%D8%B1%D8%A7%D9%81_4/"}
[2026-02-16 13:52:09] [AD] [INFO] Captured GraphQL posts {"postId":"175562724"}
[2026-02-16 13:52:09] [AD] [INFO] Captured GraphQL posts {"postId":"175562725"}
[2026-02-16 13:52:10] [AD] [INFO] Captured GraphQL comments {"postId":"175562724"}
[2026-02-16 13:52:10] [AD] [INFO] Captured GraphQL comments {"postId":"175562725"}
[2026-02-16 13:52:11] [AD] [INFO] Opening contact modal {"postId":"175562725"}
[2026-02-16 13:52:11] [AD] [INFO] Opening contact modal {"postId":"175562724"}
[2026-02-16 13:52:12] [AD] [INFO] Contact extracted {"postId":"175562725","phone":"+966500053824","href":"tel:+966500053824"}
[2026-02-16 13:52:12] [AD] [INFO] Closing ad tab {"postId":"175562725"}
[2026-02-16 13:52:12] [AD] [INFO] Contact extracted {"postId":"175562724","phone":"+966535630934","href":"tel:+966535630934"}
[2026-02-16 13:52:12] [AD] [INFO] Closing ad tab {"postId":"175562724"}
[2026-02-16 13:52:14] [AD] [INFO] Open ad (new tab) {"postId":"175562754","url":"https://haraj.com.sa/11175562754/%D9%84%D9%84%D8%A8%D9%8A%D8%B9_%D8%B3%D9%88%D9%86%D8%A7%D8%AA%D8%A7_2024_%D9%86%D8%B6%D9%8A%D9%81/"}
[2026-02-16 13:52:14] [AD] [INFO] Open ad (new tab) {"postId":"175562722","url":"https://haraj.com.sa/11175562722/%D9%81%D9%88%D8%B1%D8%AF_%D8%B3%D8%B9%D9%88%D8%AF%D9%8A/"}
[2026-02-16 13:52:17] [AD] [INFO] Captured GraphQL posts {"postId":"175562722"}
[2026-02-16 13:52:17] [AD] [INFO] Captured GraphQL posts {"postId":"175562754"}
[2026-02-16 13:52:18] [AD] [INFO] Captured GraphQL comments {"postId":"175562722"}
[2026-02-16 13:52:18] [AD] [INFO] Captured GraphQL comments {"postId":"175562754"}
[2026-02-16 13:52:19] [AD] [INFO] Opening contact modal {"postId":"175562722"}
[2026-02-16 13:52:19] [AD] [INFO] Opening contact modal {"postId":"175562754"}
[2026-02-16 13:52:20] [AD] [INFO] Contact extracted {"postId":"175562722","phone":"+966555787085","href":"tel:+966555787085"}
[2026-02-16 13:52:20] [AD] [INFO] Closing ad tab {"postId":"175562722"}
[2026-02-16 13:52:21] [AD] [INFO] Open ad (new tab) {"postId":"175562753","url":"https://haraj.com.sa/11175562753/%D8%A8%D9%88%D9%83%D9%84%D9%8A%D9%86_%D9%84%D9%84%D8%A7%D9%8A%D8%AC%D8%A7%D8%B1_2025_%D9%82%D8%B5_%D8%A7%D8%B1%D8%B6_%D8%A8%D9%86%D9%8A%D8%A7%D9%86_%D8%AD%D8%AC%D8%B1_%D9%87%D8%AF%D9%85_%D8%B1%D8%AF%D9%85_%D8%AA%D8%AE%D8%B1%D9%8A%D9%85/"}
[2026-02-16 13:52:22] [AD] [INFO] Contact extracted {"postId":"175562754","phone":"+966536022935","href":"tel:+966536022935"}
[2026-02-16 13:52:22] [AD] [INFO] Closing ad tab {"postId":"175562754"}
[2026-02-16 13:52:23] [AD] [INFO] Open ad (new tab) {"postId":"175562750","url":"https://haraj.com.sa/11175562750/%D9%83%D9%8A%D8%A7_K5_%D9%85%D9%88%D8%AF%D9%8A%D9%84_2021_%D9%81%D9%84_%D9%83%D8%A7%D9%85%D9%84/"}
[2026-02-16 13:52:24] [AD] [INFO] Captured GraphQL posts {"postId":"175562753"}
[2026-02-16 13:52:24] [AD] [INFO] Captured GraphQL comments {"postId":"175562753"}
[2026-02-16 13:52:26] [AD] [INFO] Captured GraphQL posts {"postId":"175562750"}
[2026-02-16 13:52:26] [AD] [INFO] Captured GraphQL comments {"postId":"175562750"}
[2026-02-16 13:52:26] [AD] [INFO] Opening contact modal {"postId":"175562753"}
[2026-02-16 13:52:27] [AD] [INFO] Opening contact modal {"postId":"175562750"}
[2026-02-16 13:52:28] [AD] [INFO] Contact extracted {"postId":"175562750","phone":"+966531293711","href":"tel:+966531293711"}
[2026-02-16 13:52:28] [AD] [INFO] Closing ad tab {"postId":"175562750"}
[2026-02-16 13:52:29] [AD] [INFO] Open ad (new tab) {"postId":"175562748","url":"https://haraj.com.sa/11175562748/%D8%A7%D9%83%D9%88%D8%B1%D8%AF_%D8%A7%D8%B3%D8%AA%D8%A7%D9%86%D8%AF%D8%B1/"}
[2026-02-16 13:52:29] [AD] [INFO] Contact extracted {"postId":"175562753","phone":"+966531381095","href":"tel:+966531381095"}
[2026-02-16 13:52:29] [AD] [INFO] Closing ad tab {"postId":"175562753"}
[2026-02-16 13:52:30] [AD] [INFO] Open ad (new tab) {"postId":"175562743","url":"https://haraj.com.sa/11175562743/%D8%A7%D9%86%D9%88%D8%A7%D8%B1_%D9%83%D8%A7%D9%85%D8%B1%D9%8A_%D9%85%D9%86_2003_%D8%A7%D9%84%D9%89_2004/"}
[2026-02-16 13:52:31] [AD] [INFO] Captured GraphQL posts {"postId":"175562748"}
[2026-02-16 13:52:32] [AD] [INFO] Captured GraphQL comments {"postId":"175562748"}
[2026-02-16 13:52:33] [AD] [INFO] Opening contact modal {"postId":"175562748"}
[2026-02-16 13:52:34] [AD] [INFO] Captured GraphQL posts {"postId":"175562743"}
[2026-02-16 13:52:34] [AD] [INFO] Captured GraphQL comments {"postId":"175562743"}
[2026-02-16 13:52:35] [AD] [INFO] Contact extracted {"postId":"175562748","phone":"+966566344866","href":"tel:+966566344866"}
[2026-02-16 13:52:35] [AD] [INFO] Closing ad tab {"postId":"175562748"}
[2026-02-16 13:52:36] [AD] [INFO] Opening contact modal {"postId":"175562743"}
[2026-02-16 13:52:36] [AD] [INFO] Open ad (new tab) {"postId":"73847670","url":"https://haraj.com.sa/1173847670/%D8%AA%D8%B4%D8%BA%D9%8A%D9%84_%D8%B9%D9%86_%D8%A8%D8%B9%D8%AF_%D9%84%D9%83%D8%B2%D8%B3_%D9%88_%D8%AA%D9%88%D9%8A%D9%88%D8%AA%D8%A7_%D9%84%D9%84%D8%A8%D8%B5%D9%85%D9%87_%D9%81%D9%82%D8%B7/"}
[2026-02-16 13:52:37] [AD] [INFO] Contact extracted {"postId":"175562743","phone":"+966563282447","href":"tel:+966563282447"}
[2026-02-16 13:52:37] [AD] [INFO] Closing ad tab {"postId":"175562743"}
[2026-02-16 13:52:39] [AD] [INFO] Open ad (new tab) {"postId":"85974552","url":"https://haraj.com.sa/1185974552/%D8%AA%D9%88%D9%8A%D9%88%D8%AA%D8%A7_%D9%84%D8%A7%D9%86%D8%AF%D9%83%D8%B1%D9%88%D8%B2%D8%B1_2013_%D9%88%D9%83%D8%A7%D9%84%D8%A9_%D9%85%D8%AE%D8%B2%D9%86_%D9%85%D8%A8%D8%A7%D8%B9/"}
[2026-02-16 13:52:39] [AD] [INFO] Captured GraphQL posts {"postId":"73847670"}
[2026-02-16 13:52:40] [AD] [INFO] Captured GraphQL comments {"postId":"73847670"}
[2026-02-16 13:52:41] [AD] [INFO] Opening contact modal {"postId":"73847670"}
[2026-02-16 13:52:42] [AD] [INFO] Captured GraphQL posts {"postId":"85974552"}
[2026-02-16 13:52:42] [AD] [INFO] Captured GraphQL comments {"postId":"85974552"}
[2026-02-16 13:52:43] [AD] [INFO] Contact extracted {"postId":"73847670","phone":"+966502974322","href":"tel:+966502974322"}
[2026-02-16 13:52:43] [AD] [INFO] Closing ad tab {"postId":"73847670"}
[2026-02-16 13:52:44] [AD] [INFO] Opening contact modal {"postId":"85974552"}
[2026-02-16 13:52:45] [AD] [INFO] Open ad (new tab) {"postId":"175562742","url":"https://haraj.com.sa/11175562742/%D8%AC%D9%85%D8%B3_%D8%A8%D9%87%D8%A8%D9%87%D8%A7%D9%86%D9%8A_78_%D8%A8%D9%8A%D8%B9_%D9%85%D8%B3%D8%AA%D8%B9%D8%AC%D9%84/"}
[2026-02-16 13:52:45] [AD] [INFO] Contact extracted {"postId":"85974552","phone":"0000000000","href":"tel:"}
[2026-02-16 13:52:45] [AD] [INFO] Closing ad tab {"postId":"85974552"}
[2026-02-16 13:52:46] [AD] [INFO] Open ad (new tab) {"postId":"175562740","url":"https://haraj.com.sa/11175562740/%D9%86%D9%8A%D8%B3%D8%A7%D9%86_%D8%A8%D8%A7%D8%AA%D8%B1%D9%88%D9%84_%D8%A8%D9%84%D8%A7%D8%AA%D9%8A%D9%86%D9%8A%D9%88%D9%85_%D8%AA%D9%88%D9%8A%D9%86_%D8%AA%D8%B1%D8%A8%D9%88_%D8%AE%D9%84%D9%8A%D8%AC%D9%8A_2026/"}
[2026-02-16 13:52:49] [AD] [INFO] Captured GraphQL posts {"postId":"175562742"}
[2026-02-16 13:52:49] [AD] [INFO] Captured GraphQL posts {"postId":"175562740"}
[2026-02-16 13:52:49] [AD] [INFO] Captured GraphQL comments {"postId":"175562740"}
[2026-02-16 13:52:49] [AD] [INFO] Captured GraphQL comments {"postId":"175562742"}
[2026-02-16 13:52:50] [AD] [INFO] Opening contact modal {"postId":"175562740"}
[2026-02-16 13:52:50] [AD] [INFO] Opening contact modal {"postId":"175562742"}
[2026-02-16 13:52:51] [AD] [INFO] Contact extracted {"postId":"175562740","phone":"+966506381950","href":"tel:+966506381950"}
[2026-02-16 13:52:51] [AD] [INFO] Closing ad tab {"postId":"175562740"}
[2026-02-16 13:52:53] [AD] [INFO] Open ad (new tab) {"postId":"175562739","url":"https://haraj.com.sa/11175562739/%D8%AC%D9%85%D8%B3_%D8%AD%D9%88%D8%B6_1979/"}
[2026-02-16 13:52:54] [AD] [INFO] Contact extracted {"postId":"175562742","phone":"+966595822227","href":"tel:+966595822227"}
[2026-02-16 13:52:54] [AD] [INFO] Closing ad tab {"postId":"175562742"}
[2026-02-16 13:52:55] [AD] [INFO] Open ad (new tab) {"postId":"175562738","url":"https://haraj.com.sa/11175562738/%D8%B5%D9%86%D8%AF%D9%88%D9%82_%D8%AF%D9%8A%D9%86%D8%A7_%D9%85%D9%82%D9%81%D9%84_8_%D8%B7%D8%A8%D9%84%D9%8A%D8%A7%D8%AA/"}
[2026-02-16 13:52:56] [AD] [INFO] Captured GraphQL posts {"postId":"175562739"}
[2026-02-16 13:52:56] [AD] [INFO] Captured GraphQL comments {"postId":"175562739"}
[2026-02-16 13:52:57] [AD] [WARN] Phone did not settle in time {"postId":"175562733"}
[2026-02-16 13:52:57] [AD] [INFO] Contact extracted {"postId":"175562733","phone":null,"href":"tel:"}
[2026-02-16 13:52:57] [AD] [INFO] Closing ad tab {"postId":"175562733"}
[2026-02-16 13:52:57] [AD] [INFO] Opening contact modal {"postId":"175562739"}
[2026-02-16 13:52:58] [AD] [INFO] Captured GraphQL posts {"postId":"175562738"}
[2026-02-16 13:52:58] [AD] [INFO] Captured GraphQL comments {"postId":"175562738"}
[2026-02-16 13:52:58] [AD] [INFO] Open ad (new tab) {"postId":"175562737","url":"https://haraj.com.sa/11175562737/%D8%B1%D8%A7%D9%81_%D9%81%D9%88%D8%B1/"}
[2026-02-16 13:52:59] [AD] [INFO] Contact extracted {"postId":"175562739","phone":"+966535114352","href":"tel:+966535114352"}
[2026-02-16 13:52:59] [AD] [INFO] Closing ad tab {"postId":"175562739"}
[2026-02-16 13:52:59] [AD] [INFO] Opening contact modal {"postId":"175562738"}
[2026-02-16 13:53:00] [AD] [INFO] Contact extracted {"postId":"175562738","phone":"+966540006866","href":"tel:+966540006866"}
[2026-02-16 13:53:00] [AD] [INFO] Closing ad tab {"postId":"175562738"}
[2026-02-16 13:53:00] [AD] [INFO] Open ad (new tab) {"postId":"175562736","url":"https://haraj.com.sa/11175562736/%D9%84%D9%83%D8%B2%D8%B3_ES_250_%D9%86%D8%B5_%D9%81%D9%84_%D8%AE%D9%84%D9%8A%D8%AC%D9%8A_2025_%D8%A7%D9%84%D8%B3%D8%B9%D8%B1_201700/"}
[2026-02-16 13:53:01] [AD] [INFO] Captured GraphQL posts {"postId":"175562737"}
[2026-02-16 13:53:01] [AD] [INFO] Captured GraphQL comments {"postId":"175562737"}
[2026-02-16 13:53:01] [AD] [INFO] Open ad (new tab) {"postId":"175562733","url":"https://haraj.com.sa/11175562733/%D8%AC%D9%8A%D9%84%D9%8A_%D9%85%D9%88%D9%86%D8%AC%D8%A7%D8%B1%D9%88_2024_GF/"}
[2026-02-16 13:53:02] [AD] [INFO] Opening contact modal {"postId":"175562737"}
[2026-02-16 13:53:03] [AD] [INFO] Captured GraphQL posts {"postId":"175562736"}
[2026-02-16 13:53:04] [AD] [INFO] Contact extracted {"postId":"175562737","phone":"+966566883332","href":"tel:+966566883332"}
[2026-02-16 13:53:04] [AD] [INFO] Closing ad tab {"postId":"175562737"}
[2026-02-16 13:53:04] [AD] [INFO] Captured GraphQL comments {"postId":"175562736"}
[2026-02-16 13:53:05] [AD] [INFO] Captured GraphQL posts {"postId":"175562733"}
[2026-02-16 13:53:05] [AD] [INFO] Open ad (new tab) {"postId":"175562730","url":"https://haraj.com.sa/11175562730/%D9%84%D9%83%D8%B2%D8%B3_ES_300_HH_%D9%81%D9%84_%D9%83%D8%A7%D9%85%D9%84_%D8%AE%D9%84%D9%8A%D8%AC%D9%8A_2025_%D8%B9%D8%B1%D8%B6_%D8%AE%D8%A7%D8%B5/"}
[2026-02-16 13:53:05] [AD] [INFO] Captured GraphQL comments {"postId":"175562733"}
[2026-02-16 13:53:06] [AD] [INFO] Opening contact modal {"postId":"175562736"}
[2026-02-16 13:53:06] [AD] [INFO] Opening contact modal {"postId":"175562733"}
[2026-02-16 13:53:08] [AD] [INFO] Contact extracted {"postId":"175562736","phone":"+966505580764","href":"tel:+966505580764"}
[2026-02-16 13:53:08] [AD] [INFO] Closing ad tab {"postId":"175562736"}
[2026-02-16 13:53:08] [AD] [INFO] Captured GraphQL posts {"postId":"175562730"}
[2026-02-16 13:53:09] [AD] [INFO] Captured GraphQL comments {"postId":"175562730"}
[2026-02-16 13:53:09] [AD] [INFO] Open ad (new tab) {"postId":"175562728","url":"https://haraj.com.sa/11175562728/%D8%A7%D9%84%D8%B3%D9%84%D8%A7%D9%85_%D8%B9%D9%84%D9%8A%D9%83%D9%85_%D9%88%D8%B1%D8%AD%D9%85%D8%A9_%D8%A7%D9%84%D9%84%D9%87_%D9%88%D8%A8%D8%B1%D9%83%D8%A7%D8%AA%D9%87_%D9%8A%D9%88%D8%AC%D8%AF_%D9%84%D8%AF%D9%8A_%D8%A7%D9%84%D9%86%D8%AA%D8%B1%D8%A7_%D8%A7%D9%81%D8%A7%D9%86%D8%AA%D9%8A_%D8%AF%D9%8A%D8%B2%D9%84/"}
[2026-02-16 13:53:11] [AD] [INFO] Opening contact modal {"postId":"175562730"}
[2026-02-16 13:53:12] [AD] [INFO] Contact extracted {"postId":"175562730","phone":"+966550430950","href":"tel:+966550430950"}
[2026-02-16 13:53:12] [AD] [INFO] Closing ad tab {"postId":"175562730"}
[2026-02-16 13:53:12] [AD] [INFO] Captured GraphQL posts {"postId":"175562728"}
[2026-02-16 13:53:12] [AD] [INFO] Captured GraphQL comments {"postId":"175562728"}
[2026-02-16 13:53:13] [AD] [INFO] Open ad (new tab) {"postId":"175562726","url":"https://haraj.com.sa/11175562726/%D8%AC%D9%86%D9%88%D8%B7_%D9%88%D9%83%D9%81%D8%B1%D8%A7%D8%AA_%D8%A7%D9%81_150/"}
[2026-02-16 13:53:14] [AD] [INFO] Opening contact modal {"postId":"175562728"}
[2026-02-16 13:53:15] [AD] [INFO] Contact extracted {"postId":"175562728","phone":"+966502190274","href":"tel:+966502190274"}
[2026-02-16 13:53:16] [AD] [INFO] Closing ad tab {"postId":"175562728"}
[2026-02-16 13:53:16] [AD] [INFO] Captured GraphQL posts {"postId":"175562726"}
[2026-02-16 13:53:17] [AD] [INFO] Captured GraphQL comments {"postId":"175562726"}
[2026-02-16 13:53:17] [AD] [INFO] Open ad (new tab) {"postId":"175562725","url":"https://haraj.com.sa/11175562725/%D9%84%D9%88%D8%AD%D9%87_%D8%A8_%D8%AF_%D8%B1_%D9%85%D9%85%D9%8A%D8%B2%D9%87/"}
[2026-02-16 13:53:19] [AD] [INFO] Opening contact modal {"postId":"175562726"}
[2026-02-16 13:53:19] [AD] [INFO] Captured GraphQL posts {"postId":"175562725"}
[2026-02-16 13:53:20] [AD] [INFO] Captured GraphQL comments {"postId":"175562725"}
[2026-02-16 13:53:20] [AD] [INFO] Contact extracted {"postId":"175562726","phone":"+966562115907","href":"tel:+966562115907"}
[2026-02-16 13:53:20] [AD] [INFO] Closing ad tab {"postId":"175562726"}
[2026-02-16 13:53:21] [AD] [INFO] Open ad (new tab) {"postId":"175562724","url":"https://haraj.com.sa/11175562724/%D8%AA%D9%8A%D9%88%D8%AA%D8%A7_%D8%B1%D8%A7%D9%81_4/"}
[2026-02-16 13:53:22] [AD] [INFO] Opening contact modal {"postId":"175562725"}
[2026-02-16 13:53:22] [AD] [INFO] Contact extracted {"postId":"175562725","phone":"+966500053824","href":"tel:+966500053824"}
[2026-02-16 13:53:22] [AD] [INFO] Closing ad tab {"postId":"175562725"}
[2026-02-16 13:53:23] [AD] [INFO] Open ad (new tab) {"postId":"175562722","url":"https://haraj.com.sa/11175562722/%D9%81%D9%88%D8%B1%D8%AF_%D8%B3%D8%B9%D9%88%D8%AF%D9%8A/"}
[2026-02-16 13:53:24] [AD] [INFO] Captured GraphQL posts {"postId":"175562724"}
[2026-02-16 13:53:24] [AD] [INFO] Captured GraphQL comments {"postId":"175562724"}
[2026-02-16 13:53:26] [AD] [INFO] Opening contact modal {"postId":"175562724"}
[2026-02-16 13:53:26] [AD] [INFO] Captured GraphQL posts {"postId":"175562722"}
[2026-02-16 13:53:27] [AD] [INFO] Captured GraphQL comments {"postId":"175562722"}
[2026-02-16 13:53:27] [AD] [INFO] Contact extracted {"postId":"175562724","phone":"+966535630934","href":"tel:+966535630934"}
[2026-02-16 13:53:27] [AD] [INFO] Closing ad tab {"postId":"175562724"}
[2026-02-16 13:53:29] [AD] [INFO] Opening contact modal {"postId":"175562722"}
[2026-02-16 13:53:30] [AD] [INFO] Contact extracted {"postId":"175562722","phone":"+966555787085","href":"tel:+966555787085"}
[2026-02-16 13:53:30] [AD] [INFO] Closing ad tab {"postId":"175562722"}
[2026-02-16 13:54:09] [AD] [WARN] Phone did not settle in time {"postId":"175562733"}
[2026-02-16 13:54:09] [AD] [INFO] Contact extracted {"postId":"175562733","phone":null,"href":"tel:"}
[2026-02-16 13:54:09] [AD] [INFO] Closing ad tab {"postId":"175562733"}
[2026-02-16 13:59:16] [AD] [INFO] Open ad (new tab) {"postId":"175563215","url":"https://haraj.com.sa/11175563215/%D9%85%D8%AA%D8%A7%D8%AD_%D9%84%D9%88%D8%A8%D8%AF_%D9%84%D9%86%D9%82%D9%84_%D8%B1%D8%A4%D9%88%D8%B3_%D8%A7%D9%84%D8%B4%D8%A7%D8%AD%D9%86%D8%A7%D8%AA_%D8%A3%D9%88_%D8%A7%D9%84%D9%85%D8%B9%D8%AF%D8%A7%D8%AA_%D8%A3%D9%88_%D8%A7%D9%84%D8%B3%D9%8A%D8%A7%D8%B1%D8%A7%D8%AA/"}
[2026-02-16 13:59:16] [AD] [INFO] Open ad (new tab) {"postId":"175563222","url":"https://haraj.com.sa/11175563222/%D9%83%D8%A7%D9%85%D8%B1%D9%8A_2014/"}
[2026-02-16 13:59:16] [AD] [INFO] Open ad (new tab) {"postId":"175563221","url":"https://haraj.com.sa/11175563221/%D8%AA%D8%A7%D9%87%D9%88_LT_%D8%AF%D8%A8%D9%84_%D8%B3%D8%B9%D9%88%D8%AF%D9%8A_%D9%86%D8%B8%D9%8A%D9%81_%D8%AC%D8%AF%D8%A7/"}
[2026-02-16 13:59:21] [AD] [INFO] Captured GraphQL posts {"postId":"175563221"}
[2026-02-16 13:59:21] [AD] [INFO] Captured GraphQL comments {"postId":"175563221"}
[2026-02-16 13:59:23] [AD] [INFO] Opening contact modal {"postId":"175563221"}
[2026-02-16 13:59:24] [AD] [INFO] Captured GraphQL posts {"postId":"175563215"}
[2026-02-16 13:59:24] [AD] [INFO] Contact extracted {"postId":"175563221","phone":"+966594719379","href":"tel:+966594719379"}
[2026-02-16 13:59:24] [AD] [INFO] Closing ad tab {"postId":"175563221"}
[2026-02-16 13:59:24] [AD] [INFO] Captured GraphQL posts {"postId":"175563222"}
[2026-02-16 13:59:24] [AD] [INFO] Captured GraphQL comments {"postId":"175563215"}
[2026-02-16 13:59:25] [AD] [INFO] Captured GraphQL comments {"postId":"175563222"}
[2026-02-16 13:59:25] [AD] [INFO] Opening contact modal {"postId":"175563215"}
[2026-02-16 13:59:26] [AD] [INFO] Open ad (new tab) {"postId":"175563210","url":"https://haraj.com.sa/11175563210/%D8%AA%D9%88%D9%8A%D9%88%D8%AA%D8%A7_%D9%8A%D8%A7%D8%B1%D8%B3_%D8%B3%D8%AA%D8%A7%D9%86%D8%AF%D8%B1_2026/"}
[2026-02-16 13:59:26] [AD] [INFO] Opening contact modal {"postId":"175563222"}
[2026-02-16 13:59:27] [AD] [INFO] Contact extracted {"postId":"175563215","phone":"+966532334591","href":"tel:+966532334591"}
[2026-02-16 13:59:27] [AD] [INFO] Closing ad tab {"postId":"175563215"}
[2026-02-16 13:59:29] [AD] [INFO] Open ad (new tab) {"postId":"175563200","url":"https://haraj.com.sa/11175563200/%D9%81%D9%88%D8%B1%D8%AF_%D8%A7%D9%8A%D8%AF%D8%AC_2013/"}
[2026-02-16 13:59:29] [AD] [INFO] Contact extracted {"postId":"175563222","phone":"+966557176156","href":"tel:+966557176156"}
[2026-02-16 13:59:29] [AD] [INFO] Closing ad tab {"postId":"175563222"}
[2026-02-16 13:59:29] [AD] [INFO] Captured GraphQL posts {"postId":"175563210"}
[2026-02-16 13:59:30] [AD] [INFO] Open ad (new tab) {"postId":"73847670","url":"https://haraj.com.sa/1173847670/%D8%AA%D8%B4%D8%BA%D9%8A%D9%84_%D8%B9%D9%86_%D8%A8%D8%B9%D8%AF_%D9%84%D9%83%D8%B2%D8%B3_%D9%88_%D8%AA%D9%88%D9%8A%D9%88%D8%AA%D8%A7_%D9%84%D9%84%D8%A8%D8%B5%D9%85%D9%87_%D9%81%D9%82%D8%B7/"}
[2026-02-16 13:59:30] [AD] [INFO] Captured GraphQL comments {"postId":"175563210"}
[2026-02-16 13:59:32] [AD] [INFO] Opening contact modal {"postId":"175563210"}
[2026-02-16 13:59:33] [AD] [INFO] Captured GraphQL posts {"postId":"73847670"}
[2026-02-16 13:59:33] [AD] [INFO] Captured GraphQL comments {"postId":"73847670"}
[2026-02-16 13:59:35] [AD] [INFO] Captured GraphQL posts {"postId":"175563200"}
[2026-02-16 13:59:35] [AD] [INFO] Captured GraphQL comments {"postId":"175563200"}
[2026-02-16 13:59:35] [AD] [INFO] Opening contact modal {"postId":"73847670"}
[2026-02-16 13:59:35] [AD] [INFO] Contact extracted {"postId":"175563210","phone":"+966580803658","href":"tel:+966580803658"}
[2026-02-16 13:59:35] [AD] [INFO] Closing ad tab {"postId":"175563210"}
[2026-02-16 13:59:36] [AD] [INFO] Opening contact modal {"postId":"175563200"}
[2026-02-16 13:59:37] [AD] [INFO] Contact extracted {"postId":"73847670","phone":"+966502974322","href":"tel:+966502974322"}
[2026-02-16 13:59:37] [AD] [INFO] Closing ad tab {"postId":"73847670"}
[2026-02-16 13:59:37] [AD] [INFO] Open ad (new tab) {"postId":"85974552","url":"https://haraj.com.sa/1185974552/%D8%AA%D9%88%D9%8A%D9%88%D8%AA%D8%A7_%D9%84%D8%A7%D9%86%D8%AF%D9%83%D8%B1%D9%88%D8%B2%D8%B1_2013_%D9%88%D9%83%D8%A7%D9%84%D8%A9_%D9%85%D8%AE%D8%B2%D9%86_%D9%85%D8%A8%D8%A7%D8%B9/"}
[2026-02-16 13:59:38] [AD] [INFO] Open ad (new tab) {"postId":"175563199","url":"https://haraj.com.sa/11175563199/%D9%81%D9%88%D8%B1%D8%B4%D9%86%D8%B1_2021/"}
[2026-02-16 13:59:38] [AD] [INFO] Contact extracted {"postId":"175563200","phone":"+966535409081","href":"tel:+966535409081"}
[2026-02-16 13:59:38] [AD] [INFO] Closing ad tab {"postId":"175563200"}
[2026-02-16 13:59:40] [AD] [INFO] Open ad (new tab) {"postId":"175563193","url":"https://haraj.com.sa/11175563193/%D9%87%D9%84%D9%83%D8%B3_96_%D9%86%D8%B8%D9%8A%D9%81%D9%87_%D8%A8%D9%88%D8%AF%D9%8A_%D8%A8%D9%84%D8%AF_%D9%85%D8%AD%D8%B1%D9%83%D8%A7%D8%AA_%D8%B4%D8%B1%D8%B7_%D9%85%D9%83%D9%8A%D9%81_%D8%A8%D8%AF%D9%88%D9%86_%D8%A7%D9%88%D8%B1%D8%A7%D9%82/"}
[2026-02-16 13:59:43] [AD] [INFO] Captured GraphQL posts {"postId":"175563193"}
[2026-02-16 13:59:43] [AD] [INFO] Captured GraphQL comments {"postId":"175563193"}
[2026-02-16 13:59:44] [AD] [INFO] Captured GraphQL posts {"postId":"175563199"}
[2026-02-16 13:59:44] [AD] [INFO] Opening contact modal {"postId":"175563193"}
[2026-02-16 13:59:45] [AD] [INFO] Captured GraphQL posts {"postId":"85974552"}
[2026-02-16 13:59:45] [AD] [INFO] Captured GraphQL comments {"postId":"175563199"}
[2026-02-16 13:59:45] [AD] [INFO] Contact extracted {"postId":"175563193","phone":"+966550164491","href":"tel:+966550164491"}
[2026-02-16 13:59:45] [AD] [INFO] Closing ad tab {"postId":"175563193"}
[2026-02-16 13:59:45] [AD] [INFO] Captured GraphQL comments {"postId":"85974552"}
[2026-02-16 13:59:46] [AD] [INFO] Opening contact modal {"postId":"175563199"}
[2026-02-16 13:59:46] [AD] [INFO] Open ad (new tab) {"postId":"175563187","url":"https://haraj.com.sa/11175563187/%D9%85%D8%B1%D8%B3%D8%AF%D8%B3_CLA_2502018/"}
[2026-02-16 13:59:47] [AD] [INFO] Opening contact modal {"postId":"85974552"}
[2026-02-16 13:59:48] [AD] [INFO] Contact extracted {"postId":"175563199","phone":"+966532930146","href":"tel:+966532930146"}
[2026-02-16 13:59:48] [AD] [INFO] Closing ad tab {"postId":"175563199"}
[2026-02-16 13:59:50] [AD] [INFO] Contact extracted {"postId":"85974552","phone":"0000000000","href":"tel:"}
[2026-02-16 13:59:50] [AD] [INFO] Closing ad tab {"postId":"85974552"}
[2026-02-16 13:59:50] [AD] [INFO] Open ad (new tab) {"postId":"175563183","url":"https://haraj.com.sa/11175563183/%D9%83%D8%A7%D8%A8%D8%B1%D9%8A%D8%B3/"}
[2026-02-16 13:59:50] [AD] [INFO] Captured GraphQL posts {"postId":"175563187"}
[2026-02-16 13:59:51] [AD] [INFO] Captured GraphQL comments {"postId":"175563187"}
[2026-02-16 13:59:51] [AD] [INFO] Open ad (new tab) {"postId":"175563181","url":"https://haraj.com.sa/11175563181/%D8%B9%D8%B1%D8%B6_%D8%A5%D9%8A%D8%AC%D8%A7%D8%B1_%D8%B3%D9%8A%D8%A7%D8%B1%D8%A7%D8%AA_%D8%B4%D9%87%D8%B1%D9%8A_%D9%85%D9%85%D9%8A%D8%B2_%D8%A8%D9%85%D9%86%D8%A7%D8%B3%D8%A9_%D8%B4%D9%87%D8%B1_%D8%B1%D9%85%D8%B6%D8%A7%D9%86_%D8%AE%D8%B5%D9%85_20/"}
[2026-02-16 13:59:52] [AD] [INFO] Opening contact modal {"postId":"175563187"}
[2026-02-16 13:59:54] [AD] [INFO] Captured GraphQL posts {"postId":"175563181"}
[2026-02-16 13:59:55] [AD] [INFO] Captured GraphQL comments {"postId":"175563181"}
[2026-02-16 13:59:55] [AD] [INFO] Captured GraphQL posts {"postId":"175563183"}
[2026-02-16 13:59:56] [AD] [INFO] Captured GraphQL comments {"postId":"175563183"}
[2026-02-16 13:59:56] [AD] [INFO] Contact extracted {"postId":"175563187","phone":"+966530308316","href":"tel:+966530308316"}
[2026-02-16 13:59:56] [AD] [INFO] Closing ad tab {"postId":"175563187"}
[2026-02-16 13:59:56] [AD] [INFO] Opening contact modal {"postId":"175563181"}
[2026-02-16 13:59:57] [AD] [INFO] Opening contact modal {"postId":"175563183"}
[2026-02-16 13:59:57] [AD] [INFO] Contact extracted {"postId":"175563181","phone":"+966553365744","href":"tel:+966553365744"}
[2026-02-16 13:59:57] [AD] [INFO] Closing ad tab {"postId":"175563181"}
[2026-02-16 13:59:58] [AD] [INFO] Open ad (new tab) {"postId":"175563170","url":"https://haraj.com.sa/11175563170/%D8%A8%D9%8A_%D8%A7%D9%85_%D8%AF%D8%A8%D9%84%D9%8A%D9%88_730/"}
[2026-02-16 13:59:58] [AD] [INFO] Open ad (new tab) {"postId":"175563168","url":"https://haraj.com.sa/11175563168/%D9%84%D9%88%D8%A8%D8%AF_%D9%85%D8%AA%D9%88%D8%A7%D8%AC%D8%AF_%D9%81%D9%8A_%D8%AE%D9%85%D9%8A%D8%B3_%D9%85%D8%B4%D9%8A%D8%B7_%D8%A7%D8%A8%D9%87%D8%A7_%D8%B9%D9%82%D8%A8%D9%87_%D8%B4%D8%B9%D8%A7%D8%B1_%D8%AC%D9%8A%D8%B2%D8%A7%D9%86_%D9%86%D8%AC%D8%B1%D8%A7%D9%86/"}
[2026-02-16 14:00:00] [AD] [INFO] Contact extracted {"postId":"175563183","phone":"+966553900800","href":"tel:+966553900800"}
[2026-02-16 14:00:00] [AD] [INFO] Closing ad tab {"postId":"175563183"}
[2026-02-16 14:00:01] [AD] [INFO] Open ad (new tab) {"postId":"175563164","url":"https://haraj.com.sa/11175563164/%D9%85%D8%B1%D8%B3%D9%8A%D8%AF%D8%B3_%D8%A5%D8%B3_2016_%D9%84%D9%84%D8%A8%D9%8A%D8%B9_%D8%B3%D8%B9%D8%B1_%D9%85%D9%85%D8%AA%D8%A7%D8%B2/"}
[2026-02-16 14:00:03] [AD] [INFO] Captured GraphQL posts {"postId":"175563170"}
[2026-02-16 14:00:05] [AD] [INFO] Captured GraphQL posts {"postId":"175563164"}
[2026-02-16 14:00:06] [AD] [INFO] Captured GraphQL comments {"postId":"175563164"}
[2026-02-16 14:00:07] [AD] [INFO] Opening contact modal {"postId":"175563164"}
[2026-02-16 14:00:07] [AD] [INFO] Captured GraphQL posts {"postId":"175563168"}
[2026-02-16 14:00:07] [AD] [INFO] Captured GraphQL comments {"postId":"175563170"}
[2026-02-16 14:00:07] [AD] [INFO] Contact extracted {"postId":"175563164","phone":"+966503880701","href":"tel:+966503880701"}
[2026-02-16 14:00:07] [AD] [INFO] Closing ad tab {"postId":"175563164"}
[2026-02-16 14:00:08] [AD] [INFO] Opening contact modal {"postId":"175563170"}
[2026-02-16 14:00:08] [AD] [INFO] Captured GraphQL comments {"postId":"175563168"}
[2026-02-16 14:00:09] [AD] [INFO] Open ad (new tab) {"postId":"175563162","url":"https://haraj.com.sa/11175563162/%D8%B5%D8%AD%D8%B1%D8%A7%D9%88%D9%8A_%D8%A7%D9%84%D9%88%D8%B3%D8%A7%D9%85_%D8%A7%D9%84%D9%86%D8%A7%D8%B1%D9%8A/"}
[2026-02-16 14:00:09] [AD] [INFO] Opening contact modal {"postId":"175563168"}
[2026-02-16 14:00:11] [AD] [INFO] Contact extracted {"postId":"175563168","phone":"+966501922914","href":"tel:+966501922914"}
[2026-02-16 14:00:12] [AD] [INFO] Captured GraphQL posts {"postId":"175563162"}
[2026-02-16 14:00:12] [AD] [INFO] Captured GraphQL comments {"postId":"175563162"}
[2026-02-16 14:00:12] [AD] [INFO] Contact extracted {"postId":"175563170","phone":"+966548400654","href":"tel:+966548400654"}
[2026-02-16 14:00:12] [AD] [INFO] Closing ad tab {"postId":"175563170"}
[2026-02-16 14:00:12] [AD] [INFO] Closing ad tab {"postId":"175563168"}
[2026-02-16 14:00:13] [AD] [INFO] Opening contact modal {"postId":"175563162"}
[2026-02-16 14:00:13] [AD] [INFO] Open ad (new tab) {"postId":"175563161","url":"https://haraj.com.sa/11175563161/%D8%B3%D9%88%D9%86%D8%A7%D8%AA%D8%A7_2026_%D9%81%D9%84%D9%8A%D8%AA_%D8%B3%D8%AA%D8%A7%D9%86%D8%AF%D8%B1_%D9%88%D9%83%D8%A7%D9%84%D9%87/"}
[2026-02-16 14:00:13] [AD] [INFO] Open ad (new tab) {"postId":"175563159","url":"https://haraj.com.sa/11175563159/%D9%85%D8%B1%D8%B3%D9%8A%D8%AF%D8%B3/"}
[2026-02-16 14:00:14] [AD] [INFO] Contact extracted {"postId":"175563162","phone":"+966548795703","href":"tel:+966548795703"}
[2026-02-16 14:00:14] [AD] [INFO] Closing ad tab {"postId":"175563162"}
[2026-02-16 14:00:16] [AD] [INFO] Open ad (new tab) {"postId":"175563153","url":"https://haraj.com.sa/11175563153/%D8%AA%D9%88%D9%8A%D9%88%D8%AA%D8%A7_%D8%B1%D8%A7%D9%8A%D8%B2_2026_%D8%B3%D8%AA%D8%A7%D9%86%D8%AF%D8%B1_%D9%84%D8%AF%D9%89_%D8%B4%D8%B1%D9%83%D8%A9_%D8%B9%D8%A8%D8%AF%D8%A7%D9%84%D9%85%D8%AC%D9%8A%D8%AF_%D8%A7%D9%84%D8%AE%D8%B6%D8%B1/"}
[2026-02-16 14:00:17] [AD] [INFO] Captured GraphQL posts {"postId":"175563159"}
[2026-02-16 14:00:19] [AD] [INFO] Captured GraphQL posts {"postId":"175563153"}
[2026-02-16 14:00:20] [AD] [INFO] Captured GraphQL comments {"postId":"175563153"}
[2026-02-16 14:00:20] [AD] [INFO] Captured GraphQL posts {"postId":"175563161"}
[2026-02-16 14:00:20] [AD] [INFO] Captured GraphQL comments {"postId":"175563159"}
[2026-02-16 14:00:21] [AD] [INFO] Captured GraphQL comments {"postId":"175563161"}
[2026-02-16 14:00:21] [AD] [INFO] Opening contact modal {"postId":"175563159"}
[2026-02-16 14:00:21] [AD] [INFO] Opening contact modal {"postId":"175563161"}
[2026-02-16 14:00:21] [AD] [INFO] Opening contact modal {"postId":"175563153"}
[2026-02-16 14:00:22] [AD] [INFO] Contact extracted {"postId":"175563153","phone":"+966503267555","href":"tel:+966503267555"}
[2026-02-16 14:00:22] [AD] [INFO] Closing ad tab {"postId":"175563153"}
[2026-02-16 14:00:23] [AD] [INFO] Contact extracted {"postId":"175563159","phone":"+966500079373","href":"tel:+966500079373"}
[2026-02-16 14:00:23] [AD] [INFO] Closing ad tab {"postId":"175563159"}
[2026-02-16 14:00:24] [AD] [INFO] Open ad (new tab) {"postId":"175563222","url":"https://haraj.com.sa/11175563222/%D9%83%D8%A7%D9%85%D8%B1%D9%8A_2014/"}
[2026-02-16 14:00:24] [AD] [INFO] Open ad (new tab) {"postId":"175563221","url":"https://haraj.com.sa/11175563221/%D8%AA%D8%A7%D9%87%D9%88_LT_%D8%AF%D8%A8%D9%84_%D8%B3%D8%B9%D9%88%D8%AF%D9%8A_%D9%86%D8%B8%D9%8A%D9%81_%D8%AC%D8%AF%D8%A7/"}
[2026-02-16 14:00:26] [AD] [INFO] Captured GraphQL posts {"postId":"175563222"}
[2026-02-16 14:00:27] [AD] [INFO] Captured GraphQL comments {"postId":"175563222"}
[2026-02-16 14:00:27] [AD] [INFO] Captured GraphQL posts {"postId":"175563221"}
[2026-02-16 14:00:27] [AD] [INFO] Captured GraphQL comments {"postId":"175563221"}
[2026-02-16 14:00:28] [AD] [INFO] Opening contact modal {"postId":"175563222"}
[2026-02-16 14:00:29] [AD] [INFO] Opening contact modal {"postId":"175563221"}
[2026-02-16 14:00:30] [AD] [INFO] Contact extracted {"postId":"175563221","phone":"+966594719379","href":"tel:+966594719379"}
[2026-02-16 14:00:30] [AD] [INFO] Closing ad tab {"postId":"175563221"}
[2026-02-16 14:00:30] [AD] [INFO] Contact extracted {"postId":"175563222","phone":"+966557176156","href":"tel:+966557176156"}
[2026-02-16 14:00:30] [AD] [INFO] Closing ad tab {"postId":"175563222"}
[2026-02-16 14:00:32] [AD] [INFO] Open ad (new tab) {"postId":"175563215","url":"https://haraj.com.sa/11175563215/%D9%85%D8%AA%D8%A7%D8%AD_%D9%84%D9%88%D8%A8%D8%AF_%D9%84%D9%86%D9%82%D9%84_%D8%B1%D8%A4%D9%88%D8%B3_%D8%A7%D9%84%D8%B4%D8%A7%D8%AD%D9%86%D8%A7%D8%AA_%D8%A3%D9%88_%D8%A7%D9%84%D9%85%D8%B9%D8%AF%D8%A7%D8%AA_%D8%A3%D9%88_%D8%A7%D9%84%D8%B3%D9%8A%D8%A7%D8%B1%D8%A7%D8%AA/"}
[2026-02-16 14:00:32] [AD] [INFO] Open ad (new tab) {"postId":"175563210","url":"https://haraj.com.sa/11175563210/%D8%AA%D9%88%D9%8A%D9%88%D8%AA%D8%A7_%D9%8A%D8%A7%D8%B1%D8%B3_%D8%B3%D8%AA%D8%A7%D9%86%D8%AF%D8%B1_2026/"}
[2026-02-16 14:00:35] [AD] [INFO] Captured GraphQL posts {"postId":"175563210"}
[2026-02-16 14:00:35] [AD] [INFO] Captured GraphQL posts {"postId":"175563215"}
[2026-02-16 14:00:35] [AD] [INFO] Captured GraphQL comments {"postId":"175563210"}
[2026-02-16 14:00:36] [AD] [INFO] Captured GraphQL comments {"postId":"175563215"}
[2026-02-16 14:00:37] [AD] [INFO] Opening contact modal {"postId":"175563210"}
[2026-02-16 14:00:37] [AD] [INFO] Opening contact modal {"postId":"175563215"}
[2026-02-16 14:00:38] [AD] [INFO] Contact extracted {"postId":"175563210","phone":"+966580803658","href":"tel:+966580803658"}
[2026-02-16 14:00:38] [AD] [INFO] Closing ad tab {"postId":"175563210"}
[2026-02-16 14:00:39] [AD] [INFO] Open ad (new tab) {"postId":"175563200","url":"https://haraj.com.sa/11175563200/%D9%81%D9%88%D8%B1%D8%AF_%D8%A7%D9%8A%D8%AF%D8%AC_2013/"}
[2026-02-16 14:00:39] [AD] [INFO] Contact extracted {"postId":"175563215","phone":"+966532334591","href":"tel:+966532334591"}
[2026-02-16 14:00:39] [AD] [INFO] Closing ad tab {"postId":"175563215"}
[2026-02-16 14:00:40] [AD] [INFO] Open ad (new tab) {"postId":"73847670","url":"https://haraj.com.sa/1173847670/%D8%AA%D8%B4%D8%BA%D9%8A%D9%84_%D8%B9%D9%86_%D8%A8%D8%B9%D8%AF_%D9%84%D9%83%D8%B2%D8%B3_%D9%88_%D8%AA%D9%88%D9%8A%D9%88%D8%AA%D8%A7_%D9%84%D9%84%D8%A8%D8%B5%D9%85%D9%87_%D9%81%D9%82%D8%B7/"}
[2026-02-16 14:00:42] [AD] [INFO] Captured GraphQL posts {"postId":"73847670"}
[2026-02-16 14:00:43] [AD] [INFO] Captured GraphQL comments {"postId":"73847670"}
[2026-02-16 14:00:43] [AD] [INFO] Captured GraphQL posts {"postId":"175563200"}
[2026-02-16 14:00:43] [AD] [INFO] Captured GraphQL comments {"postId":"175563200"}
[2026-02-16 14:00:44] [AD] [INFO] Opening contact modal {"postId":"73847670"}
[2026-02-16 14:00:44] [AD] [INFO] Opening contact modal {"postId":"175563200"}
[2026-02-16 14:00:45] [AD] [INFO] Contact extracted {"postId":"73847670","phone":"+966502974322","href":"tel:+966502974322"}
[2026-02-16 14:00:45] [AD] [INFO] Closing ad tab {"postId":"73847670"}
[2026-02-16 14:00:46] [AD] [INFO] Open ad (new tab) {"postId":"85974552","url":"https://haraj.com.sa/1185974552/%D8%AA%D9%88%D9%8A%D9%88%D8%AA%D8%A7_%D9%84%D8%A7%D9%86%D8%AF%D9%83%D8%B1%D9%88%D8%B2%D8%B1_2013_%D9%88%D9%83%D8%A7%D9%84%D8%A9_%D9%85%D8%AE%D8%B2%D9%86_%D9%85%D8%A8%D8%A7%D8%B9/"}
[2026-02-16 14:00:48] [AD] [INFO] Contact extracted {"postId":"175563200","phone":"+966535409081","href":"tel:+966535409081"}
[2026-02-16 14:00:48] [AD] [INFO] Closing ad tab {"postId":"175563200"}
[2026-02-16 14:00:49] [AD] [INFO] Captured GraphQL posts {"postId":"85974552"}
[2026-02-16 14:00:49] [AD] [INFO] Open ad (new tab) {"postId":"175563199","url":"https://haraj.com.sa/11175563199/%D9%81%D9%88%D8%B1%D8%B4%D9%86%D8%B1_2021/"}
[2026-02-16 14:00:50] [AD] [INFO] Captured GraphQL comments {"postId":"85974552"}
[2026-02-16 14:00:51] [AD] [INFO] Opening contact modal {"postId":"85974552"}
[2026-02-16 14:00:52] [AD] [INFO] Captured GraphQL posts {"postId":"175563199"}
[2026-02-16 14:00:52] [AD] [INFO] Contact extracted {"postId":"85974552","phone":"0000000000","href":"tel:"}
[2026-02-16 14:00:52] [AD] [INFO] Closing ad tab {"postId":"85974552"}
[2026-02-16 14:00:53] [AD] [INFO] Captured GraphQL comments {"postId":"175563199"}
[2026-02-16 14:00:53] [AD] [INFO] Open ad (new tab) {"postId":"175563193","url":"https://haraj.com.sa/11175563193/%D9%87%D9%84%D9%83%D8%B3_96_%D9%86%D8%B8%D9%8A%D9%81%D9%87_%D8%A8%D9%88%D8%AF%D9%8A_%D8%A8%D9%84%D8%AF_%D9%85%D8%AD%D8%B1%D9%83%D8%A7%D8%AA_%D8%B4%D8%B1%D8%B7_%D9%85%D9%83%D9%8A%D9%81_%D8%A8%D8%AF%D9%88%D9%86_%D8%A7%D9%88%D8%B1%D8%A7%D9%82/"}
[2026-02-16 14:00:54] [AD] [INFO] Opening contact modal {"postId":"175563199"}
[2026-02-16 14:00:56] [AD] [INFO] Contact extracted {"postId":"175563199","phone":"+966532930146","href":"tel:+966532930146"}
[2026-02-16 14:00:56] [AD] [INFO] Closing ad tab {"postId":"175563199"}
[2026-02-16 14:00:56] [AD] [INFO] Captured GraphQL posts {"postId":"175563193"}
[2026-02-16 14:00:56] [AD] [INFO] Captured GraphQL comments {"postId":"175563193"}
[2026-02-16 14:00:57] [AD] [INFO] Open ad (new tab) {"postId":"175563187","url":"https://haraj.com.sa/11175563187/%D9%85%D8%B1%D8%B3%D8%AF%D8%B3_CLA_2502018/"}
[2026-02-16 14:00:58] [AD] [INFO] Opening contact modal {"postId":"175563193"}
[2026-02-16 14:00:59] [AD] [INFO] Contact extracted {"postId":"175563193","phone":"+966550164491","href":"tel:+966550164491"}
[2026-02-16 14:00:59] [AD] [INFO] Closing ad tab {"postId":"175563193"}
[2026-02-16 14:01:00] [AD] [INFO] Captured GraphQL posts {"postId":"175563187"}
[2026-02-16 14:01:00] [AD] [INFO] Captured GraphQL comments {"postId":"175563187"}
[2026-02-16 14:01:00] [AD] [INFO] Open ad (new tab) {"postId":"175563183","url":"https://haraj.com.sa/11175563183/%D9%83%D8%A7%D8%A8%D8%B1%D9%8A%D8%B3/"}
[2026-02-16 14:01:01] [AD] [INFO] Opening contact modal {"postId":"175563187"}
[2026-02-16 14:01:03] [AD] [INFO] Contact extracted {"postId":"175563187","phone":"+966530308316","href":"tel:+966530308316"}
[2026-02-16 14:01:03] [AD] [INFO] Closing ad tab {"postId":"175563187"}
[2026-02-16 14:01:03] [AD] [INFO] Captured GraphQL posts {"postId":"175563183"}
[2026-02-16 14:01:04] [AD] [INFO] Captured GraphQL comments {"postId":"175563183"}
[2026-02-16 14:01:04] [AD] [INFO] Open ad (new tab) {"postId":"175563181","url":"https://haraj.com.sa/11175563181/%D8%B9%D8%B1%D8%B6_%D8%A5%D9%8A%D8%AC%D8%A7%D8%B1_%D8%B3%D9%8A%D8%A7%D8%B1%D8%A7%D8%AA_%D8%B4%D9%87%D8%B1%D9%8A_%D9%85%D9%85%D9%8A%D8%B2_%D8%A8%D9%85%D9%86%D8%A7%D8%B3%D8%A9_%D8%B4%D9%87%D8%B1_%D8%B1%D9%85%D8%B6%D8%A7%D9%86_%D8%AE%D8%B5%D9%85_20/"}
[2026-02-16 14:01:05] [AD] [INFO] Opening contact modal {"postId":"175563183"}
[2026-02-16 14:01:06] [AD] [INFO] Contact extracted {"postId":"175563183","phone":"+966553900800","href":"tel:+966553900800"}
[2026-02-16 14:01:06] [AD] [INFO] Closing ad tab {"postId":"175563183"}
[2026-02-16 14:01:08] [AD] [INFO] Open ad (new tab) {"postId":"175563170","url":"https://haraj.com.sa/11175563170/%D8%A8%D9%8A_%D8%A7%D9%85_%D8%AF%D8%A8%D9%84%D9%8A%D9%88_730/"}
[2026-02-16 14:01:08] [AD] [INFO] Captured GraphQL posts {"postId":"175563181"}
[2026-02-16 14:01:08] [AD] [INFO] Captured GraphQL comments {"postId":"175563181"}
[2026-02-16 14:01:09] [AD] [INFO] Opening contact modal {"postId":"175563181"}
[2026-02-16 14:01:10] [AD] [INFO] Captured GraphQL posts {"postId":"175563170"}
[2026-02-16 14:01:10] [AD] [INFO] Captured GraphQL comments {"postId":"175563170"}
[2026-02-16 14:01:11] [AD] [INFO] Contact extracted {"postId":"175563181","phone":"+966553365744","href":"tel:+966553365744"}
[2026-02-16 14:01:11] [AD] [INFO] Closing ad tab {"postId":"175563181"}
[2026-02-16 14:01:12] [AD] [INFO] Opening contact modal {"postId":"175563170"}
[2026-02-16 14:01:12] [AD] [INFO] Open ad (new tab) {"postId":"175563168","url":"https://haraj.com.sa/11175563168/%D9%84%D9%88%D8%A8%D8%AF_%D9%85%D8%AA%D9%88%D8%A7%D8%AC%D8%AF_%D9%81%D9%8A_%D8%AE%D9%85%D9%8A%D8%B3_%D9%85%D8%B4%D9%8A%D8%B7_%D8%A7%D8%A8%D9%87%D8%A7_%D8%B9%D9%82%D8%A8%D9%87_%D8%B4%D8%B9%D8%A7%D8%B1_%D8%AC%D9%8A%D8%B2%D8%A7%D9%86_%D9%86%D8%AC%D8%B1%D8%A7%D9%86/"}
[2026-02-16 14:01:13] [AD] [INFO] Contact extracted {"postId":"175563170","phone":"+966548400654","href":"tel:+966548400654"}
[2026-02-16 14:01:13] [AD] [INFO] Closing ad tab {"postId":"175563170"}
[2026-02-16 14:01:14] [AD] [INFO] Open ad (new tab) {"postId":"175563164","url":"https://haraj.com.sa/11175563164/%D9%85%D8%B1%D8%B3%D9%8A%D8%AF%D8%B3_%D8%A5%D8%B3_2016_%D9%84%D9%84%D8%A8%D9%8A%D8%B9_%D8%B3%D8%B9%D8%B1_%D9%85%D9%85%D8%AA%D8%A7%D8%B2/"}
[2026-02-16 14:01:15] [AD] [INFO] Captured GraphQL posts {"postId":"175563168"}
[2026-02-16 14:01:16] [AD] [INFO] Captured GraphQL comments {"postId":"175563168"}
[2026-02-16 14:01:17] [AD] [INFO] Captured GraphQL posts {"postId":"175563164"}
[2026-02-16 14:01:17] [AD] [INFO] Captured GraphQL comments {"postId":"175563164"}
[2026-02-16 14:01:18] [AD] [INFO] Opening contact modal {"postId":"175563168"}
[2026-02-16 14:01:18] [AD] [INFO] Opening contact modal {"postId":"175563164"}
[2026-02-16 14:01:20] [AD] [INFO] Contact extracted {"postId":"175563164","phone":"+966503880701","href":"tel:+966503880701"}
[2026-02-16 14:01:20] [AD] [INFO] Closing ad tab {"postId":"175563164"}
[2026-02-16 14:01:20] [AD] [INFO] Contact extracted {"postId":"175563168","phone":"+966501922914","href":"tel:+966501922914"}
[2026-02-16 14:01:20] [AD] [INFO] Closing ad tab {"postId":"175563168"}
[2026-02-16 14:01:21] [AD] [INFO] Open ad (new tab) {"postId":"175563162","url":"https://haraj.com.sa/11175563162/%D8%B5%D8%AD%D8%B1%D8%A7%D9%88%D9%8A_%D8%A7%D9%84%D9%88%D8%B3%D8%A7%D9%85_%D8%A7%D9%84%D9%86%D8%A7%D8%B1%D9%8A/"}
[2026-02-16 14:01:22] [AD] [INFO] Open ad (new tab) {"postId":"175563161","url":"https://haraj.com.sa/11175563161/%D8%B3%D9%88%D9%86%D8%A7%D8%AA%D8%A7_2026_%D9%81%D9%84%D9%8A%D8%AA_%D8%B3%D8%AA%D8%A7%D9%86%D8%AF%D8%B1_%D9%88%D9%83%D8%A7%D9%84%D9%87/"}
[2026-02-16 14:01:23] [AD] [WARN] Phone did not settle in time {"postId":"175563161"}
[2026-02-16 14:01:23] [AD] [INFO] Contact extracted {"postId":"175563161","phone":null,"href":"tel:"}
[2026-02-16 14:01:23] [AD] [INFO] Closing ad tab {"postId":"175563161"}
[2026-02-16 14:01:23] [AD] [INFO] Open ad (new tab) {"postId":"175563159","url":"https://haraj.com.sa/11175563159/%D9%85%D8%B1%D8%B3%D9%8A%D8%AF%D8%B3/"}
[2026-02-16 14:01:25] [AD] [INFO] Captured GraphQL posts {"postId":"175563161"}
[2026-02-16 14:01:26] [AD] [INFO] Captured GraphQL posts {"postId":"175563162"}
[2026-02-16 14:01:27] [AD] [INFO] Captured GraphQL posts {"postId":"175563159"}
[2026-02-16 14:01:27] [AD] [INFO] Captured GraphQL comments {"postId":"175563161"}
[2026-02-16 14:01:27] [AD] [INFO] Captured GraphQL comments {"postId":"175563159"}
[2026-02-16 14:01:27] [AD] [INFO] Captured GraphQL comments {"postId":"175563162"}
[2026-02-16 14:01:28] [AD] [INFO] Opening contact modal {"postId":"175563161"}
[2026-02-16 14:01:28] [AD] [INFO] Opening contact modal {"postId":"175563159"}
[2026-02-16 14:01:28] [AD] [INFO] Opening contact modal {"postId":"175563162"}
[2026-02-16 14:01:29] [AD] [INFO] Contact extracted {"postId":"175563159","phone":"+966500079373","href":"tel:+966500079373"}
[2026-02-16 14:01:29] [AD] [INFO] Closing ad tab {"postId":"175563159"}
[2026-02-16 14:01:30] [AD] [INFO] Contact extracted {"postId":"175563162","phone":"+966548795703","href":"tel:+966548795703"}
[2026-02-16 14:01:30] [AD] [INFO] Closing ad tab {"postId":"175563162"}
[2026-02-16 14:01:31] [AD] [INFO] Open ad (new tab) {"postId":"175563153","url":"https://haraj.com.sa/11175563153/%D8%AA%D9%88%D9%8A%D9%88%D8%AA%D8%A7_%D8%B1%D8%A7%D9%8A%D8%B2_2026_%D8%B3%D8%AA%D8%A7%D9%86%D8%AF%D8%B1_%D9%84%D8%AF%D9%89_%D8%B4%D8%B1%D9%83%D8%A9_%D8%B9%D8%A8%D8%AF%D8%A7%D9%84%D9%85%D8%AC%D9%8A%D8%AF_%D8%A7%D9%84%D8%AE%D8%B6%D8%B1/"}
[2026-02-16 14:01:31] [AD] [INFO] Open ad (new tab) {"postId":"175563151","url":"https://haraj.com.sa/11175563151/%D8%B4%D9%8A%D8%B1%D9%8A_%D8%A7%D9%85%D9%88%D8%AF%D8%A7_C5_%D9%84%D8%A7%D9%83%D8%AC%D8%B1%D9%8A_2026/"}
[2026-02-16 14:01:34] [AD] [INFO] Captured GraphQL posts {"postId":"175563151"}
[2026-02-16 14:01:34] [AD] [INFO] Captured GraphQL comments {"postId":"175563151"}
[2026-02-16 14:01:35] [AD] [INFO] Captured GraphQL posts {"postId":"175563153"}
[2026-02-16 14:01:35] [AD] [INFO] Captured GraphQL comments {"postId":"175563153"}
[2026-02-16 14:01:35] [AD] [INFO] Opening contact modal {"postId":"175563151"}
[2026-02-16 14:01:36] [AD] [INFO] Opening contact modal {"postId":"175563153"}
[2026-02-16 14:01:37] [AD] [INFO] Contact extracted {"postId":"175563151","phone":"+966535050782","href":"tel:+966535050782"}
[2026-02-16 14:01:37] [AD] [INFO] Closing ad tab {"postId":"175563151"}
[2026-02-16 14:01:38] [AD] [INFO] Contact extracted {"postId":"175563153","phone":"+966503267555","href":"tel:+966503267555"}
[2026-02-16 14:01:38] [AD] [INFO] Closing ad tab {"postId":"175563153"}
[2026-02-16 14:02:30] [AD] [WARN] Phone did not settle in time {"postId":"175563161"}
[2026-02-16 14:02:30] [AD] [INFO] Contact extracted {"postId":"175563161","phone":null,"href":"tel:"}
[2026-02-16 14:02:30] [AD] [INFO] Closing ad tab {"postId":"175563161"}
[2026-02-16 14:07:37] [AD] [INFO] Open ad (new tab) {"postId":"175563695","url":"https://haraj.com.sa/11175563695/%D9%84%D8%A7%D9%86%D8%B3%D8%B1_%D8%A8%D9%88%D9%85%D8%A9_2007_%D8%A7%D8%AA%D9%88%D9%85%D8%A7%D8%AA%D9%83/"}
[2026-02-16 14:07:38] [AD] [INFO] Open ad (new tab) {"postId":"175563703","url":"https://haraj.com.sa/11175563703/%D8%AA%D8%A7%D9%87%D9%88_LT_2014/"}
[2026-02-16 14:07:39] [AD] [INFO] Open ad (new tab) {"postId":"175563701","url":"https://haraj.com.sa/11175563701/%D9%83%D8%AA%D8%A7%D8%A8%D8%A9_%D8%AE%D8%B7%D8%A7%D8%A8%D8%A7%D8%AA_%D9%85%D8%A4%D8%AB%D8%B1%D8%A9/"}
[2026-02-16 14:07:44] [AD] [INFO] Captured GraphQL posts {"postId":"175563701"}
[2026-02-16 14:07:44] [AD] [INFO] Captured GraphQL comments {"postId":"175563701"}
[2026-02-16 14:07:45] [AD] [INFO] Opening contact modal {"postId":"175563701"}
[2026-02-16 14:07:46] [AD] [INFO] Captured GraphQL posts {"postId":"175563695"}
[2026-02-16 14:07:46] [AD] [INFO] Contact extracted {"postId":"175563701","phone":"+966531490545","href":"tel:+966531490545"}
[2026-02-16 14:07:46] [AD] [INFO] Closing ad tab {"postId":"175563701"}
[2026-02-16 14:07:46] [AD] [INFO] Captured GraphQL posts {"postId":"175563703"}
[2026-02-16 14:07:46] [AD] [INFO] Captured GraphQL comments {"postId":"175563695"}
[2026-02-16 14:07:47] [AD] [INFO] Captured GraphQL comments {"postId":"175563703"}
[2026-02-16 14:07:47] [AD] [INFO] Open ad (new tab) {"postId":"175563692","url":"https://haraj.com.sa/11175563692/%D8%A7%D9%88%D8%AF%D9%8A_q82022/"}
[2026-02-16 14:07:48] [AD] [INFO] Opening contact modal {"postId":"175563695"}
[2026-02-16 14:07:48] [AD] [INFO] Opening contact modal {"postId":"175563703"}
[2026-02-16 14:07:49] [AD] [INFO] Contact extracted {"postId":"175563695","phone":"+966565214682","href":"tel:+966565214682"}
[2026-02-16 14:07:49] [AD] [INFO] Closing ad tab {"postId":"175563695"}
[2026-02-16 14:07:50] [AD] [INFO] Contact extracted {"postId":"175563703","phone":"+966591148702","href":"tel:+966591148702"}
[2026-02-16 14:07:50] [AD] [INFO] Closing ad tab {"postId":"175563703"}
[2026-02-16 14:07:50] [AD] [INFO] Open ad (new tab) {"postId":"175563690","url":"https://haraj.com.sa/11175563690/%D8%AA%D9%88%D9%8A%D9%88%D8%AA%D8%A7_%D8%A3%D9%88%D8%B1%D8%A8%D8%A7%D9%86_%D9%83%D8%B1%D9%88%D8%B2%D8%B1_GLX_%D9%81%D9%84_%D9%83%D8%A7%D9%85%D9%84_%D9%85%D9%88%D8%AF%D9%8A%D9%84_2026_%D9%8A%D9%88%D8%AC%D8%AF_%D8%A7%D9%82%D8%B3%D8%A7%D8%B7/"}
[2026-02-16 14:07:51] [AD] [INFO] Open ad (new tab) {"postId":"73847670","url":"https://haraj.com.sa/1173847670/%D8%AA%D8%B4%D8%BA%D9%8A%D9%84_%D8%B9%D9%86_%D8%A8%D8%B9%D8%AF_%D9%84%D9%83%D8%B2%D8%B3_%D9%88_%D8%AA%D9%88%D9%8A%D9%88%D8%AA%D8%A7_%D9%84%D9%84%D8%A8%D8%B5%D9%85%D9%87_%D9%81%D9%82%D8%B7/"}
[2026-02-16 14:07:51] [AD] [INFO] Captured GraphQL posts {"postId":"175563692"}
[2026-02-16 14:07:51] [AD] [INFO] Captured GraphQL comments {"postId":"175563692"}
[2026-02-16 14:07:53] [AD] [INFO] Opening contact modal {"postId":"175563692"}
[2026-02-16 14:07:54] [AD] [INFO] Captured GraphQL posts {"postId":"73847670"}
[2026-02-16 14:07:54] [AD] [INFO] Captured GraphQL comments {"postId":"73847670"}
[2026-02-16 14:07:55] [AD] [INFO] Captured GraphQL posts {"postId":"175563690"}
[2026-02-16 14:07:55] [AD] [INFO] Captured GraphQL comments {"postId":"175563690"}
[2026-02-16 14:07:56] [AD] [INFO] Contact extracted {"postId":"175563692","phone":"+966566366600","href":"tel:+966566366600"}
[2026-02-16 14:07:56] [AD] [INFO] Closing ad tab {"postId":"175563692"}
[2026-02-16 14:07:56] [AD] [INFO] Opening contact modal {"postId":"175563690"}
[2026-02-16 14:07:56] [AD] [INFO] Opening contact modal {"postId":"73847670"}
[2026-02-16 14:07:57] [AD] [INFO] Contact extracted {"postId":"73847670","phone":"+966502974322","href":"tel:+966502974322"}
[2026-02-16 14:07:57] [AD] [INFO] Closing ad tab {"postId":"73847670"}
[2026-02-16 14:07:57] [AD] [INFO] Open ad (new tab) {"postId":"85974552","url":"https://haraj.com.sa/1185974552/%D8%AA%D9%88%D9%8A%D9%88%D8%AA%D8%A7_%D9%84%D8%A7%D9%86%D8%AF%D9%83%D8%B1%D9%88%D8%B2%D8%B1_2013_%D9%88%D9%83%D8%A7%D9%84%D8%A9_%D9%85%D8%AE%D8%B2%D9%86_%D9%85%D8%A8%D8%A7%D8%B9/"}
[2026-02-16 14:07:59] [AD] [INFO] Contact extracted {"postId":"175563690","phone":"+966560587752","href":"tel:+966560587752"}
[2026-02-16 14:07:59] [AD] [INFO] Closing ad tab {"postId":"175563690"}
[2026-02-16 14:07:59] [AD] [INFO] Open ad (new tab) {"postId":"175563688","url":"https://haraj.com.sa/11175563688/%D9%85%D8%B3%D8%AC%D9%84_%D8%A7%D9%84%D8%A7%D9%86%D8%AA%D8%B1%D8%A7/"}
[2026-02-16 14:08:00] [AD] [INFO] Open ad (new tab) {"postId":"175563687","url":"https://haraj.com.sa/11175563687/%D9%85%D8%B7%D9%84%D9%88%D8%A8_%D8%B5%D9%86%D9%8A_2022/"}
[2026-02-16 14:08:03] [AD] [INFO] Captured GraphQL posts {"postId":"175563687"}
[2026-02-16 14:08:03] [AD] [INFO] Captured GraphQL comments {"postId":"175563687"}
[2026-02-16 14:08:04] [AD] [INFO] Opening contact modal {"postId":"175563687"}
[2026-02-16 14:08:05] [AD] [INFO] Captured GraphQL posts {"postId":"85974552"}
[2026-02-16 14:08:05] [AD] [INFO] Captured GraphQL posts {"postId":"175563688"}
[2026-02-16 14:08:05] [AD] [INFO] Captured GraphQL comments {"postId":"85974552"}
[2026-02-16 14:08:05] [AD] [INFO] Contact extracted {"postId":"175563687","phone":"+966563339856","href":"tel:+966563339856"}
[2026-02-16 14:08:06] [AD] [INFO] Closing ad tab {"postId":"175563687"}
[2026-02-16 14:08:06] [AD] [INFO] Captured GraphQL comments {"postId":"175563688"}
[2026-02-16 14:08:07] [AD] [INFO] Open ad (new tab) {"postId":"175563681","url":"https://haraj.com.sa/11175563681/%D9%81%D9%88%D8%B1%D8%AF_%D9%85%D9%88%D8%AF%D9%8A%D9%84_2011%D9%84%D9%84%D8%A8%D9%8A%D8%B9/"}
[2026-02-16 14:08:07] [AD] [INFO] Opening contact modal {"postId":"175563688"}
[2026-02-16 14:08:07] [AD] [INFO] Opening contact modal {"postId":"85974552"}
[2026-02-16 14:08:08] [AD] [INFO] Contact extracted {"postId":"175563688","phone":"+966539069628","href":"tel:+966539069628"}
[2026-02-16 14:08:08] [AD] [INFO] Closing ad tab {"postId":"175563688"}
[2026-02-16 14:08:09] [AD] [INFO] Open ad (new tab) {"postId":"175563668","url":"https://haraj.com.sa/11175563668/%D9%81%D9%88%D8%B1%D8%AF_%D8%AC%D8%B1%D8%A7%D9%86%D8%AF_%D9%85%D8%A7%D8%B1%D9%83%D9%8A%D8%B2_GSL_%D9%85%D9%88%D8%AF%D9%8A%D9%84_2009_%D9%84%D9%84%D8%A8%D9%8A%D8%B9/"}
[2026-02-16 14:08:10] [AD] [INFO] Contact extracted {"postId":"85974552","phone":"0000000000","href":"tel:"}
[2026-02-16 14:08:10] [AD] [INFO] Closing ad tab {"postId":"85974552"}
[2026-02-16 14:08:10] [AD] [INFO] Captured GraphQL posts {"postId":"175563681"}
[2026-02-16 14:08:10] [AD] [INFO] Captured GraphQL comments {"postId":"175563681"}
[2026-02-16 14:08:11] [AD] [INFO] Open ad (new tab) {"postId":"175563665","url":"https://haraj.com.sa/11175563665/%D9%81%D9%88%D8%B1%D8%AF_%D8%AA%D9%8A%D8%B1_%D9%8A%D8%AA%D9%88%D8%B1%D9%8A_%D8%AA%D8%B1%D9%86%D8%AF_2026_%D8%AA%D9%88%D9%83%D9%8A%D9%84%D8%A7%D8%AA_%D8%A7%D9%84%D8%AC%D8%B2%D9%8A%D8%B1%D8%A9/"}
[2026-02-16 14:08:12] [AD] [INFO] Opening contact modal {"postId":"175563681"}
[2026-02-16 14:08:12] [AD] [INFO] Captured GraphQL posts {"postId":"175563668"}
[2026-02-16 14:08:13] [AD] [INFO] Captured GraphQL comments {"postId":"175563668"}
[2026-02-16 14:08:14] [AD] [INFO] Opening contact modal {"postId":"175563668"}
[2026-02-16 14:08:14] [AD] [INFO] Contact extracted {"postId":"175563681","phone":"+966502497532","href":"tel:+966502497532"}
[2026-02-16 14:08:14] [AD] [INFO] Closing ad tab {"postId":"175563681"}
[2026-02-16 14:08:15] [AD] [INFO] Captured GraphQL posts {"postId":"175563665"}
[2026-02-16 14:08:15] [AD] [INFO] Captured GraphQL comments {"postId":"175563665"}
[2026-02-16 14:08:16] [AD] [INFO] Open ad (new tab) {"postId":"175563661","url":"https://haraj.com.sa/11175563661/%D9%83%D8%A7%D9%85%D8%B1%D9%8A_2021_GLE_%D8%A8%D9%88%D8%AF%D9%8A_%D9%88%D9%83%D8%A7%D9%84%D9%87/"}
[2026-02-16 14:08:17] [AD] [INFO] Opening contact modal {"postId":"175563665"}
[2026-02-16 14:08:18] [AD] [INFO] Contact extracted {"postId":"175563668","phone":"+966555165556","href":"tel:+966555165556"}
[2026-02-16 14:08:18] [AD] [INFO] Closing ad tab {"postId":"175563668"}
[2026-02-16 14:08:19] [AD] [INFO] Contact extracted {"postId":"175563665","phone":"+966548400654","href":"tel:+966548400654"}
[2026-02-16 14:08:19] [AD] [INFO] Closing ad tab {"postId":"175563665"}
[2026-02-16 14:08:19] [AD] [INFO] Open ad (new tab) {"postId":"175563659","url":"https://haraj.com.sa/11175563659/%D8%AF%D8%A8%D8%A7%D8%A8/"}
[2026-02-16 14:08:20] [AD] [INFO] Captured GraphQL posts {"postId":"175563661"}
[2026-02-16 14:08:20] [AD] [INFO] Open ad (new tab) {"postId":"175563656","url":"https://haraj.com.sa/11175563656/%D9%85%D8%B1%D8%B3%D9%8A%D8%AF%D8%B3_%D8%A8%D8%A7%D9%86%D9%88%D8%B1%D8%A7%D9%85%D8%A7_2006/"}
[2026-02-16 14:08:23] [AD] [INFO] Captured GraphQL comments {"postId":"175563661"}
[2026-02-16 14:08:23] [AD] [INFO] Captured GraphQL posts {"postId":"175563656"}
[2026-02-16 14:08:24] [AD] [INFO] Captured GraphQL comments {"postId":"175563656"}
[2026-02-16 14:08:24] [AD] [INFO] Opening contact modal {"postId":"175563661"}
[2026-02-16 14:08:25] [AD] [INFO] Captured GraphQL posts {"postId":"175563659"}
[2026-02-16 14:08:25] [AD] [INFO] Captured GraphQL comments {"postId":"175563659"}
[2026-02-16 14:08:25] [AD] [INFO] Opening contact modal {"postId":"175563656"}
[2026-02-16 14:08:26] [AD] [INFO] Opening contact modal {"postId":"175563659"}
[2026-02-16 14:08:26] [AD] [INFO] Contact extracted {"postId":"175563656","phone":"+966550579639","href":"tel:+966550579639"}
[2026-02-16 14:08:26] [AD] [INFO] Closing ad tab {"postId":"175563656"}
[2026-02-16 14:08:28] [AD] [INFO] Contact extracted {"postId":"175563661","phone":"+966555713091","href":"tel:+966555713091"}
[2026-02-16 14:08:28] [AD] [INFO] Closing ad tab {"postId":"175563661"}
[2026-02-16 14:08:28] [AD] [INFO] Open ad (new tab) {"postId":"175563643","url":"https://haraj.com.sa/11175563643/%D8%B3%D9%88%D8%B2%D9%88%D9%83%D9%8A_%D9%81%D8%A7%D9%86_%D8%A7%D9%8A%D9%83%D9%88_2025/"}
[2026-02-16 14:08:29] [AD] [INFO] Open ad (new tab) {"postId":"175563642","url":"https://haraj.com.sa/11175563642/%D9%84%D9%84%D8%A8%D8%AF%D9%84_%D8%AC%D9%86%D9%88%D8%B7/"}
[2026-02-16 14:08:30] [AD] [INFO] Captured GraphQL posts {"postId":"175563643"}
[2026-02-16 14:08:30] [AD] [INFO] Captured GraphQL comments {"postId":"175563643"}
[2026-02-16 14:08:32] [AD] [INFO] Captured GraphQL posts {"postId":"175563642"}
[2026-02-16 14:08:32] [AD] [INFO] Captured GraphQL comments {"postId":"175563642"}
[2026-02-16 14:08:32] [AD] [INFO] Opening contact modal {"postId":"175563643"}
[2026-02-16 14:08:34] [AD] [INFO] Opening contact modal {"postId":"175563642"}
[2026-02-16 14:08:35] [AD] [INFO] Contact extracted {"postId":"175563643","phone":"+966570997196","href":"tel:+966570997196"}
[2026-02-16 14:08:35] [AD] [INFO] Closing ad tab {"postId":"175563643"}
[2026-02-16 14:08:36] [AD] [INFO] Open ad (new tab) {"postId":"175563640","url":"https://haraj.com.sa/11175563640/%D8%B4%D9%8A%D9%88%D9%84_950_%D8%B3%D9%8A/"}
[2026-02-16 14:08:39] [AD] [INFO] Captured GraphQL posts {"postId":"175563640"}
[2026-02-16 14:08:39] [AD] [INFO] Captured GraphQL comments {"postId":"175563640"}
[2026-02-16 14:08:41] [AD] [INFO] Opening contact modal {"postId":"175563640"}
[2026-02-16 14:08:42] [AD] [INFO] Contact extracted {"postId":"175563640","phone":"+966533318672","href":"tel:+966533318672"}
[2026-02-16 14:08:42] [AD] [INFO] Closing ad tab {"postId":"175563640"}
[2026-02-16 14:08:43] [AD] [INFO] Open ad (new tab) {"postId":"175563703","url":"https://haraj.com.sa/11175563703/%D8%AA%D8%A7%D9%87%D9%88_LT_2014/"}
[2026-02-16 14:08:46] [AD] [INFO] Captured GraphQL posts {"postId":"175563703"}
[2026-02-16 14:08:47] [AD] [INFO] Captured GraphQL comments {"postId":"175563703"}
[2026-02-16 14:08:48] [AD] [INFO] Opening contact modal {"postId":"175563703"}
[2026-02-16 14:08:49] [AD] [INFO] Contact extracted {"postId":"175563703","phone":"+966591148702","href":"tel:+966591148702"}
[2026-02-16 14:08:49] [AD] [INFO] Closing ad tab {"postId":"175563703"}
[2026-02-16 14:08:50] [AD] [INFO] Open ad (new tab) {"postId":"175563701","url":"https://haraj.com.sa/11175563701/%D9%83%D8%AA%D8%A7%D8%A8%D8%A9_%D8%AE%D8%B7%D8%A7%D8%A8%D8%A7%D8%AA_%D9%85%D8%A4%D8%AB%D8%B1%D8%A9/"}
[2026-02-16 14:08:54] [AD] [INFO] Captured GraphQL posts {"postId":"175563701"}
[2026-02-16 14:08:54] [AD] [INFO] Captured GraphQL comments {"postId":"175563701"}
[2026-02-16 14:08:55] [AD] [INFO] Opening contact modal {"postId":"175563701"}
[2026-02-16 14:08:57] [AD] [INFO] Contact extracted {"postId":"175563701","phone":"+966531490545","href":"tel:+966531490545"}
[2026-02-16 14:08:57] [AD] [INFO] Closing ad tab {"postId":"175563701"}
[2026-02-16 14:08:58] [AD] [INFO] Open ad (new tab) {"postId":"175563695","url":"https://haraj.com.sa/11175563695/%D9%84%D8%A7%D9%86%D8%B3%D8%B1_%D8%A8%D9%88%D9%85%D8%A9_2007_%D8%A7%D8%AA%D9%88%D9%85%D8%A7%D8%AA%D9%83/"}
[2026-02-16 14:09:01] [AD] [INFO] Captured GraphQL posts {"postId":"175563695"}
[2026-02-16 14:09:01] [AD] [INFO] Captured GraphQL comments {"postId":"175563695"}
[2026-02-16 14:09:02] [AD] [INFO] Opening contact modal {"postId":"175563695"}
[2026-02-16 14:09:03] [AD] [INFO] Contact extracted {"postId":"175563695","phone":"+966565214682","href":"tel:+966565214682"}
[2026-02-16 14:09:03] [AD] [INFO] Closing ad tab {"postId":"175563695"}
[2026-02-16 14:09:05] [AD] [INFO] Open ad (new tab) {"postId":"175563692","url":"https://haraj.com.sa/11175563692/%D8%A7%D9%88%D8%AF%D9%8A_q82022/"}
[2026-02-16 14:09:08] [AD] [INFO] Captured GraphQL posts {"postId":"175563692"}
[2026-02-16 14:09:09] [AD] [INFO] Captured GraphQL comments {"postId":"175563692"}
[2026-02-16 14:09:10] [AD] [INFO] Opening contact modal {"postId":"175563692"}
[2026-02-16 14:09:12] [AD] [INFO] Contact extracted {"postId":"175563692","phone":"+966566366600","href":"tel:+966566366600"}
[2026-02-16 14:09:12] [AD] [INFO] Closing ad tab {"postId":"175563692"}
[2026-02-16 14:09:14] [AD] [INFO] Open ad (new tab) {"postId":"175563690","url":"https://haraj.com.sa/11175563690/%D8%AA%D9%88%D9%8A%D9%88%D8%AA%D8%A7_%D8%A3%D9%88%D8%B1%D8%A8%D8%A7%D9%86_%D9%83%D8%B1%D9%88%D8%B2%D8%B1_GLX_%D9%81%D9%84_%D9%83%D8%A7%D9%85%D9%84_%D9%85%D9%88%D8%AF%D9%8A%D9%84_2026_%D9%8A%D9%88%D8%AC%D8%AF_%D8%A7%D9%82%D8%B3%D8%A7%D8%B7/"}
[2026-02-16 14:09:17] [AD] [INFO] Captured GraphQL posts {"postId":"175563690"}
[2026-02-16 14:09:17] [AD] [INFO] Captured GraphQL comments {"postId":"175563690"}
[2026-02-16 14:09:18] [AD] [INFO] Opening contact modal {"postId":"175563690"}
[2026-02-16 14:09:20] [AD] [INFO] Contact extracted {"postId":"175563690","phone":"+966560587752","href":"tel:+966560587752"}
[2026-02-16 14:09:20] [AD] [INFO] Closing ad tab {"postId":"175563690"}
[2026-02-16 14:09:21] [AD] [INFO] Open ad (new tab) {"postId":"73847670","url":"https://haraj.com.sa/1173847670/%D8%AA%D8%B4%D8%BA%D9%8A%D9%84_%D8%B9%D9%86_%D8%A8%D8%B9%D8%AF_%D9%84%D9%83%D8%B2%D8%B3_%D9%88_%D8%AA%D9%88%D9%8A%D9%88%D8%AA%D8%A7_%D9%84%D9%84%D8%A8%D8%B5%D9%85%D9%87_%D9%81%D9%82%D8%B7/"}
[2026-02-16 14:09:24] [AD] [INFO] Captured GraphQL posts {"postId":"73847670"}
[2026-02-16 14:09:24] [AD] [INFO] Captured GraphQL comments {"postId":"73847670"}
[2026-02-16 14:09:26] [AD] [INFO] Opening contact modal {"postId":"73847670"}
[2026-02-16 14:09:27] [AD] [INFO] Contact extracted {"postId":"73847670","phone":"+966502974322","href":"tel:+966502974322"}
[2026-02-16 14:09:27] [AD] [INFO] Closing ad tab {"postId":"73847670"}
[2026-02-16 14:09:28] [AD] [INFO] Open ad (new tab) {"postId":"85974552","url":"https://haraj.com.sa/1185974552/%D8%AA%D9%88%D9%8A%D9%88%D8%AA%D8%A7_%D9%84%D8%A7%D9%86%D8%AF%D9%83%D8%B1%D9%88%D8%B2%D8%B1_2013_%D9%88%D9%83%D8%A7%D9%84%D8%A9_%D9%85%D8%AE%D8%B2%D9%86_%D9%85%D8%A8%D8%A7%D8%B9/"}
[2026-02-16 14:09:29] [AD] [WARN] Phone did not settle in time {"postId":"175563659"}
[2026-02-16 14:09:29] [AD] [INFO] Contact extracted {"postId":"175563659","phone":null,"href":"tel:"}
[2026-02-16 14:09:29] [AD] [INFO] Closing ad tab {"postId":"175563659"}
[2026-02-16 14:09:30] [AD] [INFO] Open ad (new tab) {"postId":"175563688","url":"https://haraj.com.sa/11175563688/%D9%85%D8%B3%D8%AC%D9%84_%D8%A7%D9%84%D8%A7%D9%86%D8%AA%D8%B1%D8%A7/"}
[2026-02-16 14:09:31] [AD] [INFO] Captured GraphQL posts {"postId":"85974552"}
[2026-02-16 14:09:33] [AD] [INFO] Captured GraphQL posts {"postId":"175563688"}
[2026-02-16 14:09:33] [AD] [INFO] Captured GraphQL comments {"postId":"175563688"}
[2026-02-16 14:09:34] [AD] [INFO] Captured GraphQL comments {"postId":"85974552"}
[2026-02-16 14:09:34] [AD] [WARN] Phone did not settle in time {"postId":"175563642"}
[2026-02-16 14:09:34] [AD] [INFO] Contact extracted {"postId":"175563642","phone":null,"href":"tel:"}
[2026-02-16 14:09:34] [AD] [INFO] Closing ad tab {"postId":"175563642"}
[2026-02-16 14:09:35] [AD] [INFO] Opening contact modal {"postId":"175563688"}
[2026-02-16 14:09:35] [AD] [INFO] Opening contact modal {"postId":"85974552"}
[2026-02-16 14:09:36] [AD] [INFO] Open ad (new tab) {"postId":"175563687","url":"https://haraj.com.sa/11175563687/%D9%85%D8%B7%D9%84%D9%88%D8%A8_%D8%B5%D9%86%D9%8A_2022/"}
[2026-02-16 14:09:36] [AD] [INFO] Contact extracted {"postId":"175563688","phone":"+966539069628","href":"tel:+966539069628"}
[2026-02-16 14:09:37] [AD] [INFO] Closing ad tab {"postId":"175563688"}
[2026-02-16 14:09:37] [AD] [INFO] Contact extracted {"postId":"85974552","phone":"0000000000","href":"tel:"}
[2026-02-16 14:09:37] [AD] [INFO] Closing ad tab {"postId":"85974552"}
[2026-02-16 14:09:38] [AD] [INFO] Open ad (new tab) {"postId":"175563681","url":"https://haraj.com.sa/11175563681/%D9%81%D9%88%D8%B1%D8%AF_%D9%85%D9%88%D8%AF%D9%8A%D9%84_2011%D9%84%D9%84%D8%A8%D9%8A%D8%B9/"}
[2026-02-16 14:09:39] [AD] [INFO] Open ad (new tab) {"postId":"175563668","url":"https://haraj.com.sa/11175563668/%D9%81%D9%88%D8%B1%D8%AF_%D8%AC%D8%B1%D8%A7%D9%86%D8%AF_%D9%85%D8%A7%D8%B1%D9%83%D9%8A%D8%B2_GSL_%D9%85%D9%88%D8%AF%D9%8A%D9%84_2009_%D9%84%D9%84%D8%A8%D9%8A%D8%B9/"}
[2026-02-16 14:09:42] [AD] [INFO] Captured GraphQL posts {"postId":"175563668"}
[2026-02-16 14:09:42] [AD] [INFO] Captured GraphQL comments {"postId":"175563668"}
[2026-02-16 14:09:44] [AD] [INFO] Captured GraphQL posts {"postId":"175563687"}
[2026-02-16 14:09:44] [AD] [INFO] Captured GraphQL posts {"postId":"175563681"}
[2026-02-16 14:09:44] [AD] [INFO] Opening contact modal {"postId":"175563668"}
[2026-02-16 14:09:45] [AD] [INFO] Captured GraphQL comments {"postId":"175563687"}
[2026-02-16 14:09:45] [AD] [INFO] Captured GraphQL comments {"postId":"175563681"}
[2026-02-16 14:09:46] [AD] [INFO] Contact extracted {"postId":"175563668","phone":"+966555165556","href":"tel:+966555165556"}
[2026-02-16 14:09:46] [AD] [INFO] Closing ad tab {"postId":"175563668"}
[2026-02-16 14:09:47] [AD] [INFO] Opening contact modal {"postId":"175563681"}
[2026-02-16 14:09:47] [AD] [INFO] Open ad (new tab) {"postId":"175563665","url":"https://haraj.com.sa/11175563665/%D9%81%D9%88%D8%B1%D8%AF_%D8%AA%D9%8A%D8%B1_%D9%8A%D8%AA%D9%88%D8%B1%D9%8A_%D8%AA%D8%B1%D9%86%D8%AF_2026_%D8%AA%D9%88%D9%83%D9%8A%D9%84%D8%A7%D8%AA_%D8%A7%D9%84%D8%AC%D8%B2%D9%8A%D8%B1%D8%A9/"}
[2026-02-16 14:09:47] [AD] [INFO] Opening contact modal {"postId":"175563687"}
[2026-02-16 14:09:48] [AD] [INFO] Contact extracted {"postId":"175563681","phone":"+966502497532","href":"tel:+966502497532"}
[2026-02-16 14:09:48] [AD] [INFO] Closing ad tab {"postId":"175563681"}
[2026-02-16 14:09:50] [AD] [INFO] Open ad (new tab) {"postId":"175563661","url":"https://haraj.com.sa/11175563661/%D9%83%D8%A7%D9%85%D8%B1%D9%8A_2021_GLE_%D8%A8%D9%88%D8%AF%D9%8A_%D9%88%D9%83%D8%A7%D9%84%D9%87/"}
[2026-02-16 14:09:50] [AD] [INFO] Captured GraphQL posts {"postId":"175563665"}
[2026-02-16 14:09:51] [AD] [INFO] Contact extracted {"postId":"175563687","phone":"+966563339856","href":"tel:+966563339856"}
[2026-02-16 14:09:51] [AD] [INFO] Closing ad tab {"postId":"175563687"}
[2026-02-16 14:09:51] [AD] [INFO] Captured GraphQL comments {"postId":"175563665"}
[2026-02-16 14:09:52] [AD] [INFO] Open ad (new tab) {"postId":"175563659","url":"https://haraj.com.sa/11175563659/%D8%AF%D8%A8%D8%A7%D8%A8/"}
[2026-02-16 14:09:52] [AD] [INFO] Opening contact modal {"postId":"175563665"}
[2026-02-16 14:09:53] [AD] [INFO] Captured GraphQL posts {"postId":"175563661"}
[2026-02-16 14:09:56] [AD] [INFO] Captured GraphQL posts {"postId":"175563659"}
[2026-02-16 14:09:57] [AD] [INFO] Captured GraphQL comments {"postId":"175563659"}
[2026-02-16 14:09:58] [AD] [INFO] Opening contact modal {"postId":"175563659"}
[2026-02-16 14:09:59] [AD] [INFO] Contact extracted {"postId":"175563665","phone":"+966548400654","href":"tel:+966548400654"}
[2026-02-16 14:09:59] [AD] [INFO] Closing ad tab {"postId":"175563665"}
[2026-02-16 14:10:00] [AD] [INFO] Captured GraphQL comments {"postId":"175563661"}
[2026-02-16 14:10:01] [AD] [INFO] Open ad (new tab) {"postId":"175563656","url":"https://haraj.com.sa/11175563656/%D9%85%D8%B1%D8%B3%D9%8A%D8%AF%D8%B3_%D8%A8%D8%A7%D9%86%D9%88%D8%B1%D8%A7%D9%85%D8%A7_2006/"}
[2026-02-16 14:10:02] [AD] [INFO] Opening contact modal {"postId":"175563661"}
[2026-02-16 14:10:06] [AD] [INFO] Captured GraphQL posts {"postId":"175563656"}
[2026-02-16 14:10:06] [AD] [INFO] Contact extracted {"postId":"175563661","phone":"+966555713091","href":"tel:+966555713091"}
[2026-02-16 14:10:06] [AD] [INFO] Closing ad tab {"postId":"175563661"}
[2026-02-16 14:10:06] [AD] [INFO] Captured GraphQL comments {"postId":"175563656"}
[2026-02-16 14:10:09] [AD] [INFO] Opening contact modal {"postId":"175563656"}
[2026-02-16 14:10:09] [AD] [INFO] Open ad (new tab) {"postId":"175563643","url":"https://haraj.com.sa/11175563643/%D8%B3%D9%88%D8%B2%D9%88%D9%83%D9%8A_%D9%81%D8%A7%D9%86_%D8%A7%D9%8A%D9%83%D9%88_2025/"}
[2026-02-16 14:10:10] [AD] [INFO] Contact extracted {"postId":"175563656","phone":"+966550579639","href":"tel:+966550579639"}
[2026-02-16 14:10:10] [AD] [INFO] Closing ad tab {"postId":"175563656"}
[2026-02-16 14:10:12] [AD] [INFO] Open ad (new tab) {"postId":"175563642","url":"https://haraj.com.sa/11175563642/%D9%84%D9%84%D8%A8%D8%AF%D9%84_%D8%AC%D9%86%D9%88%D8%B7/"}
[2026-02-16 14:10:13] [AD] [INFO] Captured GraphQL posts {"postId":"175563643"}
[2026-02-16 14:10:15] [AD] [INFO] Captured GraphQL posts {"postId":"175563642"}
[2026-02-16 14:10:16] [AD] [INFO] Captured GraphQL comments {"postId":"175563642"}
[2026-02-16 14:10:16] [AD] [INFO] Captured GraphQL comments {"postId":"175563643"}
[2026-02-16 14:10:17] [AD] [INFO] Opening contact modal {"postId":"175563643"}
[2026-02-16 14:10:18] [AD] [INFO] Opening contact modal {"postId":"175563642"}
[2026-02-16 14:10:19] [AD] [INFO] Contact extracted {"postId":"175563643","phone":"+966570997196","href":"tel:+966570997196"}
[2026-02-16 14:10:19] [AD] [INFO] Closing ad tab {"postId":"175563643"}
[2026-02-16 14:10:21] [AD] [INFO] Open ad (new tab) {"postId":"175563640","url":"https://haraj.com.sa/11175563640/%D8%B4%D9%8A%D9%88%D9%84_950_%D8%B3%D9%8A/"}
[2026-02-16 14:10:25] [AD] [INFO] Captured GraphQL posts {"postId":"175563640"}
[2026-02-16 14:10:26] [AD] [INFO] Captured GraphQL comments {"postId":"175563640"}
[2026-02-16 14:10:27] [AD] [INFO] Opening contact modal {"postId":"175563640"}
[2026-02-16 14:10:28] [AD] [INFO] Contact extracted {"postId":"175563640","phone":"+966533318672","href":"tel:+966533318672"}
[2026-02-16 14:10:28] [AD] [INFO] Closing ad tab {"postId":"175563640"}
[2026-02-16 14:10:30] [AD] [INFO] Open ad (new tab) {"postId":"175563639","url":"https://haraj.com.sa/11175563639/%D9%84%D9%84%D8%A8%D9%8A%D8%B9_%D9%87%D9%8A%D9%84%D9%88%D9%83%D8%B3_2022_%D8%AF%D9%8A%D8%B2%D9%84/"}
[2026-02-16 14:10:34] [AD] [INFO] Captured GraphQL posts {"postId":"175563639"}
[2026-02-16 14:10:34] [AD] [INFO] Captured GraphQL comments {"postId":"175563639"}
[2026-02-16 14:10:36] [AD] [INFO] Opening contact modal {"postId":"175563639"}
[2026-02-16 14:10:37] [AD] [INFO] Contact extracted {"postId":"175563639","phone":"+966556954772","href":"tel:+966556954772"}
[2026-02-16 14:10:37] [AD] [INFO] Closing ad tab {"postId":"175563639"}
[2026-02-16 14:10:38] [AD] [INFO] Open ad (new tab) {"postId":"175563636","url":"https://haraj.com.sa/11175563636/%D9%85%D8%B1%D8%B3%D9%8A%D8%AF%D8%B3_A200_AMG_Kit_%D9%85%D9%88%D8%AF%D9%8A%D9%84_2021/"}
[2026-02-16 14:10:41] [AD] [INFO] Captured GraphQL posts {"postId":"175563636"}
[2026-02-16 14:10:41] [AD] [INFO] Captured GraphQL comments {"postId":"175563636"}
[2026-02-16 14:10:42] [AD] [INFO] Opening contact modal {"postId":"175563636"}
[2026-02-16 14:10:44] [AD] [INFO] Contact extracted {"postId":"175563636","phone":"+966531519087","href":"tel:+966531519087"}
[2026-02-16 14:10:44] [AD] [INFO] Closing ad tab {"postId":"175563636"}
[2026-02-16 14:10:59] [AD] [WARN] Phone did not settle in time {"postId":"175563659"}
[2026-02-16 14:10:59] [AD] [INFO] Contact extracted {"postId":"175563659","phone":null,"href":"tel:"}
[2026-02-16 14:10:59] [AD] [INFO] Closing ad tab {"postId":"175563659"}
[2026-02-16 14:11:19] [AD] [WARN] Phone did not settle in time {"postId":"175563642"}
[2026-02-16 14:11:19] [AD] [INFO] Contact extracted {"postId":"175563642","phone":null,"href":"tel:"}
[2026-02-16 14:11:19] [AD] [INFO] Closing ad tab {"postId":"175563642"}
[2026-02-16 14:16:33] [AD] [INFO] Open ad (new tab) {"postId":"175564188","url":"https://haraj.com.sa/11175564188/%D8%B9%D8%B1%D9%88%D8%B6_%D8%B1%D9%85%D8%B6%D8%A7%D9%86_%D8%B4%D8%A7%D9%86%D8%AC%D8%A7%D9%86_%D9%8A%D9%88%D9%86%D9%8A_%D9%81%D9%8A_%D8%B3%D8%A8%D9%88%D8%B1%D8%AA_88_700_%D8%B4%D8%A7%D9%85%D9%84/"}
[2026-02-16 14:16:33] [AD] [INFO] Open ad (new tab) {"postId":"175564195","url":"https://haraj.com.sa/11175564195/%D8%B1%D8%A7%D9%81%D8%B9%D9%87_%D8%B4%D9%88%D9%83%D9%8A%D9%87_%D9%81%D8%B1%D9%83%D9%84%D9%81%D8%AA_%D9%84%D9%84%D8%A7%D9%8A%D8%AC%D8%A7%D8%B1/"}
[2026-02-16 14:16:33] [AD] [INFO] Open ad (new tab) {"postId":"175564190","url":"https://haraj.com.sa/11175564190/%D8%AF%D9%8A%D9%85%D8%A7%D9%83%D8%B3_2006/"}
[2026-02-16 14:16:40] [AD] [INFO] Captured GraphQL posts {"postId":"175564190"}
[2026-02-16 14:16:40] [AD] [INFO] Captured GraphQL comments {"postId":"175564190"}
[2026-02-16 14:16:42] [AD] [INFO] Opening contact modal {"postId":"175564190"}
[2026-02-16 14:16:43] [AD] [INFO] Contact extracted {"postId":"175564190","phone":"+966557472722","href":"tel:+966557472722"}
[2026-02-16 14:16:43] [AD] [INFO] Closing ad tab {"postId":"175564190"}
[2026-02-16 14:16:43] [AD] [INFO] Captured GraphQL posts {"postId":"175564188"}
[2026-02-16 14:16:43] [AD] [INFO] Captured GraphQL posts {"postId":"175564195"}
[2026-02-16 14:16:44] [AD] [INFO] Captured GraphQL comments {"postId":"175564188"}
[2026-02-16 14:16:44] [AD] [INFO] Captured GraphQL comments {"postId":"175564195"}
[2026-02-16 14:16:45] [AD] [INFO] Open ad (new tab) {"postId":"175564185","url":"https://haraj.com.sa/11175564185/%D8%AC%D9%86%D8%B3%D8%B3_G80_2021%D8%A8%D9%86%D8%B2%D9%8A%D9%866_%D8%B3%D9%84%D9%86%D8%AF%D8%B1_%D9%81%D9%84_%D9%83%D8%A7%D9%85%D9%84_%D8%A8%D8%AD%D8%A7%D9%84%D8%A9_%D8%A7%D9%84%D9%88%D9%83%D8%A7%D9%84%D9%87/"}
[2026-02-16 14:16:45] [AD] [INFO] Opening contact modal {"postId":"175564195"}
[2026-02-16 14:16:45] [AD] [INFO] Opening contact modal {"postId":"175564188"}
[2026-02-16 14:16:46] [AD] [INFO] Contact extracted {"postId":"175564188","phone":"+966593683900","href":"tel:+966593683900"}
[2026-02-16 14:16:46] [AD] [INFO] Closing ad tab {"postId":"175564188"}
[2026-02-16 14:16:47] [AD] [INFO] Open ad (new tab) {"postId":"175564182","url":"https://haraj.com.sa/11175564182/%D9%85%D8%B1%D8%B3%D9%8A%D8%AF%D8%B3_CLA35_2020/"}
[2026-02-16 14:16:48] [AD] [INFO] Contact extracted {"postId":"175564195","phone":"+966573573413","href":"tel:+966573573413"}
[2026-02-16 14:16:48] [AD] [INFO] Closing ad tab {"postId":"175564195"}
[2026-02-16 14:16:48] [AD] [INFO] Captured GraphQL posts {"postId":"175564185"}
[2026-02-16 14:16:51] [AD] [INFO] Open ad (new tab) {"postId":"73847670","url":"https://haraj.com.sa/1173847670/%D8%AA%D8%B4%D8%BA%D9%8A%D9%84_%D8%B9%D9%86_%D8%A8%D8%B9%D8%AF_%D9%84%D9%83%D8%B2%D8%B3_%D9%88_%D8%AA%D9%88%D9%8A%D9%88%D8%AA%D8%A7_%D9%84%D9%84%D8%A8%D8%B5%D9%85%D9%87_%D9%81%D9%82%D8%B7/"}
[2026-02-16 14:17:02] [AD] [INFO] Captured GraphQL posts {"postId":"73847670"}
[2026-02-16 14:17:04] [AD] [INFO] Captured GraphQL comments {"postId":"73847670"}
[2026-02-16 14:17:05] [AD] [INFO] Opening contact modal {"postId":"73847670"}
[2026-02-16 14:17:07] [AD] [INFO] Contact extracted {"postId":"73847670","phone":"+966502974322","href":"tel:+966502974322"}
[2026-02-16 14:17:07] [AD] [INFO] Closing ad tab {"postId":"73847670"}
[2026-02-16 14:17:10] [AD] [INFO] Open ad (new tab) {"postId":"85974552","url":"https://haraj.com.sa/1185974552/%D8%AA%D9%88%D9%8A%D9%88%D8%AA%D8%A7_%D9%84%D8%A7%D9%86%D8%AF%D9%83%D8%B1%D9%88%D8%B2%D8%B1_2013_%D9%88%D9%83%D8%A7%D9%84%D8%A9_%D9%85%D8%AE%D8%B2%D9%86_%D9%85%D8%A8%D8%A7%D8%B9/"}
[2026-02-16 14:17:12] [AD] [INFO] Captured GraphQL comments {"postId":"175564185"}
[2026-02-16 14:17:15] [AD] [INFO] Captured GraphQL posts {"postId":"85974552"}
[2026-02-16 14:17:16] [AD] [INFO] Captured GraphQL comments {"postId":"85974552"}
[2026-02-16 14:17:17] [AD] [INFO] Opening contact modal {"postId":"175564185"}
[2026-02-16 14:17:17] [AD] [INFO] Opening contact modal {"postId":"85974552"}
[2026-02-16 14:17:19] [AD] [INFO] Contact extracted {"postId":"85974552","phone":"0000000000","href":"tel:"}
[2026-02-16 14:17:19] [AD] [INFO] Closing ad tab {"postId":"85974552"}
[2026-02-16 14:17:21] [AD] [INFO] Open ad (new tab) {"postId":"175564181","url":"https://haraj.com.sa/11175564181/%D8%B3%D9%8A%D9%83%D9%84_%D8%B1%D8%A7%D9%85%D8%A8%D9%88/"}
[2026-02-16 14:17:29] [AD] [INFO] Captured GraphQL posts {"postId":"175564181"}
[2026-02-16 14:17:29] [AD] [INFO] Captured GraphQL comments {"postId":"175564181"}
[2026-02-16 14:17:30] [AD] [INFO] Opening contact modal {"postId":"175564181"}
[2026-02-16 14:17:32] [AD] [INFO] Contact extracted {"postId":"175564181","phone":"+966553175554","href":"tel:+966553175554"}
[2026-02-16 14:17:32] [AD] [INFO] Closing ad tab {"postId":"175564181"}
[2026-02-16 14:17:33] [AD] [INFO] Captured GraphQL posts {"postId":"175564182"}
[2026-02-16 14:17:35] [AD] [INFO] Open ad (new tab) {"postId":"175564175","url":"https://haraj.com.sa/11175564175/%D9%83%D8%A7%D9%85%D8%B1%D9%8A_2006/"}
[2026-02-16 14:17:35] [AD] [INFO] Captured GraphQL comments {"postId":"175564182"}
[2026-02-16 14:17:36] [AD] [INFO] Opening contact modal {"postId":"175564182"}
[2026-02-16 14:17:38] [AD] [INFO] Contact extracted {"postId":"175564185","phone":"+966548944970","href":"tel:+966548944970"}
[2026-02-16 14:17:38] [AD] [INFO] Closing ad tab {"postId":"175564185"}
[2026-02-16 14:17:39] [AD] [INFO] Open ad (new tab) {"postId":"175564174","url":"https://haraj.com.sa/11175564174/%D8%B4%D9%85%D8%B9%D8%A9_%D9%83%D8%AF%D9%86%D8%B2%D8%A7_2018/"}
[2026-02-16 14:17:40] [AD] [INFO] Contact extracted {"postId":"175564182","phone":"+966556085216","href":"tel:+966556085216"}
[2026-02-16 14:17:40] [AD] [INFO] Closing ad tab {"postId":"175564182"}
[2026-02-16 14:17:42] [AD] [INFO] Open ad (new tab) {"postId":"175564171","url":"https://haraj.com.sa/11175564171/%D9%81%D9%88%D8%B1%D8%AA%D8%B4%D9%86%D8%B1_2022_%D8%AF%D9%8A%D8%B2%D9%84_%D9%86%D8%B8%D9%8A%D9%8A%D9%8A%D9%81/"}
[2026-02-16 14:17:43] [AD] [INFO] Captured GraphQL posts {"postId":"175564175"}
[2026-02-16 14:17:47] [AD] [INFO] Captured GraphQL comments {"postId":"175564175"}
[2026-02-16 14:17:47] [AD] [INFO] Captured GraphQL posts {"postId":"175564174"}
[2026-02-16 14:17:48] [AD] [INFO] Captured GraphQL posts {"postId":"175564171"}
[2026-02-16 14:17:50] [AD] [INFO] Captured GraphQL comments {"postId":"175564171"}
[2026-02-16 14:17:51] [AD] [INFO] Opening contact modal {"postId":"175564175"}
[2026-02-16 14:17:51] [AD] [INFO] Opening contact modal {"postId":"175564171"}
[2026-02-16 14:17:51] [AD] [INFO] Captured GraphQL comments {"postId":"175564174"}
[2026-02-16 14:17:52] [AD] [INFO] Contact extracted {"postId":"175564171","phone":"+966500254442","href":"tel:+966500254442"}
[2026-02-16 14:17:52] [AD] [INFO] Closing ad tab {"postId":"175564171"}
[2026-02-16 14:17:52] [AD] [INFO] Opening contact modal {"postId":"175564174"}
[2026-02-16 14:17:54] [AD] [INFO] Open ad (new tab) {"postId":"175564167","url":"https://haraj.com.sa/11175564167/%D9%83%D9%8A%D8%A73k_%D8%A7%D9%82%D8%B3%D8%A7%D8%B7_%D8%AA%D8%A8%D8%AF%D8%A7_%D8%A8%D8%B1%D9%88%D8%A7%D8%AA%D8%A8_3600/"}
[2026-02-16 14:17:57] [AD] [INFO] Contact extracted {"postId":"175564174","phone":"+966596706540","href":"tel:+966596706540"}
[2026-02-16 14:17:58] [AD] [INFO] Closing ad tab {"postId":"175564174"}
[2026-02-16 14:17:58] [AD] [INFO] Contact extracted {"postId":"175564175","phone":"+966542019565","href":"tel:+966542019565"}
[2026-02-16 14:17:58] [AD] [INFO] Closing ad tab {"postId":"175564175"}
[2026-02-16 14:17:58] [AD] [INFO] Captured GraphQL posts {"postId":"175564167"}
[2026-02-16 14:18:00] [AD] [INFO] Captured GraphQL comments {"postId":"175564167"}
[2026-02-16 14:18:01] [AD] [INFO] Open ad (new tab) {"postId":"175564142","url":"https://haraj.com.sa/11175564142/%D9%84%D9%88%D8%AD%D8%A9_%D8%A8%D8%A7%D8%B3%D9%85_%D8%B3%D8%B9%D8%AF/"}
[2026-02-16 14:18:01] [AD] [INFO] Open ad (new tab) {"postId":"175564157","url":"https://haraj.com.sa/11175564157/%D8%AF%D9%88%D8%AF%D8%A9_%D8%AF%D8%B1%D9%83%D8%B3%D9%88%D9%86_%D8%A7%D9%84%D8%A7%D9%86%D8%AA%D8%B1%D8%A7_20122016/"}
[2026-02-16 14:18:01] [AD] [INFO] Opening contact modal {"postId":"175564167"}
[2026-02-16 14:18:07] [AD] [INFO] Captured GraphQL posts {"postId":"175564157"}
[2026-02-16 14:18:07] [AD] [INFO] Captured GraphQL comments {"postId":"175564157"}
[2026-02-16 14:18:07] [AD] [INFO] Contact extracted {"postId":"175564167","phone":"+966500903242","href":"tel:+966500903242"}
[2026-02-16 14:18:07] [AD] [INFO] Closing ad tab {"postId":"175564167"}
[2026-02-16 14:18:08] [AD] [INFO] Open ad (new tab) {"postId":"175564137","url":"https://haraj.com.sa/11175564137/%D8%A7%D9%84%D9%86%D8%AA%D8%B1%D8%A7_2015_%D9%82%D9%8A%D8%B1_%D8%AA%D9%85%D8%A7%D8%AA%D9%8A%D9%83_2_0_%D8%B4%D8%B1%D8%B7/"}
[2026-02-16 14:18:08] [AD] [INFO] Captured GraphQL posts {"postId":"175564142"}
[2026-02-16 14:18:09] [AD] [INFO] Captured GraphQL comments {"postId":"175564142"}
[2026-02-16 14:18:09] [AD] [INFO] Opening contact modal {"postId":"175564157"}
[2026-02-16 14:18:10] [AD] [INFO] Opening contact modal {"postId":"175564142"}
[2026-02-16 14:18:11] [AD] [INFO] Captured GraphQL posts {"postId":"175564137"}
[2026-02-16 14:18:11] [AD] [INFO] Captured GraphQL comments {"postId":"175564137"}
[2026-02-16 14:18:12] [AD] [INFO] Contact extracted {"postId":"175564157","phone":"+966578870298","href":"tel:+966578870298"}
[2026-02-16 14:18:12] [AD] [INFO] Closing ad tab {"postId":"175564157"}
[2026-02-16 14:18:12] [AD] [INFO] Opening contact modal {"postId":"175564137"}
[2026-02-16 14:18:13] [AD] [INFO] Open ad (new tab) {"postId":"175564135","url":"https://haraj.com.sa/11175564135/%D9%85%D8%B9%D8%AF%D8%A7%D8%AA_%D8%AB%D9%82%D9%8A%D9%84%D9%87/"}
[2026-02-16 14:18:14] [AD] [INFO] Contact extracted {"postId":"175564137","phone":"+966503823883","href":"tel:+966503823883"}
[2026-02-16 14:18:14] [AD] [INFO] Closing ad tab {"postId":"175564137"}
[2026-02-16 14:18:16] [AD] [INFO] Open ad (new tab) {"postId":"175564128","url":"https://haraj.com.sa/11175564128/%D8%B1%D8%A8%D8%B9/"}
[2026-02-16 14:18:16] [AD] [INFO] Captured GraphQL posts {"postId":"175564135"}
[2026-02-16 14:18:16] [AD] [INFO] Captured GraphQL comments {"postId":"175564135"}
[2026-02-16 14:18:18] [AD] [INFO] Opening contact modal {"postId":"175564135"}
[2026-02-16 14:18:19] [AD] [INFO] Captured GraphQL posts {"postId":"175564128"}
[2026-02-16 14:18:19] [AD] [INFO] Captured GraphQL comments {"postId":"175564128"}
[2026-02-16 14:18:19] [AD] [INFO] Contact extracted {"postId":"175564135","phone":"+966554192506","href":"tel:+966554192506"}
[2026-02-16 14:18:19] [AD] [INFO] Closing ad tab {"postId":"175564135"}
[2026-02-16 14:18:20] [AD] [INFO] Opening contact modal {"postId":"175564128"}
[2026-02-16 14:18:23] [AD] [INFO] Open ad (new tab) {"postId":"175564123","url":"https://haraj.com.sa/11175564123/%D8%AA%D9%88%D8%B1%D8%B3_2013/"}
[2026-02-16 14:18:34] [AD] [INFO] Captured GraphQL posts {"postId":"175564123"}
[2026-02-16 14:18:34] [AD] [INFO] Captured GraphQL comments {"postId":"175564123"}
[2026-02-16 14:18:34] [AD] [INFO] Contact extracted {"postId":"175564128","phone":"+966540228969","href":"tel:+966540228969"}
[2026-02-16 14:18:34] [AD] [INFO] Closing ad tab {"postId":"175564128"}
[2026-02-16 14:18:36] [AD] [INFO] Opening contact modal {"postId":"175564123"}
[2026-02-16 14:18:36] [AD] [INFO] Open ad (new tab) {"postId":"175564118","url":"https://haraj.com.sa/11175564118/%D9%86%D9%8A%D8%B3%D8%A7%D9%86_%D8%A8%D8%A7%D8%AA%D8%B1%D9%88%D9%84_%D8%A8%D9%84%D8%A7%D8%AA%D9%8A%D9%86%D9%8A%D9%88%D9%85_2015_%D9%84%D9%84%D8%A8%D9%8A%D8%B9/"}
[2026-02-16 14:18:39] [AD] [INFO] Contact extracted {"postId":"175564123","phone":"+966500127008","href":"tel:+966500127008"}
[2026-02-16 14:18:39] [AD] [INFO] Closing ad tab {"postId":"175564123"}
[2026-02-16 14:18:42] [AD] [INFO] Open ad (new tab) {"postId":"175564115","url":"https://haraj.com.sa/11175564115/%D8%A8%D8%A7%D8%B5_%D9%84%D9%84%D8%A7%D9%8A%D8%AC%D8%A7%D8%B1_%D9%85%D8%B9_%D8%B3%D8%A7%D8%A6%D9%82/"}
[2026-02-16 14:18:49] [AD] [INFO] Captured GraphQL posts {"postId":"175564115"}
[2026-02-16 14:18:52] [AD] [INFO] Captured GraphQL comments {"postId":"175564115"}
[2026-02-16 14:18:54] [AD] [INFO] Opening contact modal {"postId":"175564115"}
[2026-02-16 14:18:57] [AD] [INFO] Contact extracted {"postId":"175564115","phone":"+966557747588","href":"tel:+966557747588"}
[2026-02-16 14:18:57] [AD] [INFO] Closing ad tab {"postId":"175564115"}
[2026-02-16 14:19:01] [AD] [INFO] Open ad (new tab) {"postId":"175564195","url":"https://haraj.com.sa/11175564195/%D8%B1%D8%A7%D9%81%D8%B9%D9%87_%D8%B4%D9%88%D9%83%D9%8A%D9%87_%D9%81%D8%B1%D9%83%D9%84%D9%81%D8%AA_%D9%84%D9%84%D8%A7%D9%8A%D8%AC%D8%A7%D8%B1/"}
[2026-02-16 14:19:02] [AD] [INFO] Captured GraphQL posts {"postId":"175564118"}
[2026-02-16 14:19:02] [AD] [INFO] Captured GraphQL comments {"postId":"175564118"}
[2026-02-16 14:19:05] [AD] [INFO] Captured GraphQL posts {"postId":"175564195"}
[2026-02-16 14:19:06] [AD] [INFO] Captured GraphQL comments {"postId":"175564195"}
[2026-02-16 14:19:07] [AD] [INFO] Opening contact modal {"postId":"175564195"}
[2026-02-16 14:19:09] [AD] [INFO] Contact extracted {"postId":"175564195","phone":"+966573573413","href":"tel:+966573573413"}
[2026-02-16 14:19:09] [AD] [INFO] Closing ad tab {"postId":"175564195"}
[2026-02-16 14:19:09] [AD] [INFO] Opening contact modal {"postId":"175564118"}
[2026-02-16 14:19:10] [AD] [INFO] Open ad (new tab) {"postId":"175564190","url":"https://haraj.com.sa/11175564190/%D8%AF%D9%8A%D9%85%D8%A7%D9%83%D8%B3_2006/"}
[2026-02-16 14:19:12] [AD] [INFO] Contact extracted {"postId":"175564118","phone":"+966534227944","href":"tel:+966534227944"}
[2026-02-16 14:19:12] [AD] [INFO] Closing ad tab {"postId":"175564118"}
[2026-02-16 14:19:13] [AD] [WARN] Phone did not settle in time {"postId":"175564142"}
[2026-02-16 14:19:14] [AD] [INFO] Contact extracted {"postId":"175564142","phone":null,"href":"tel:"}
[2026-02-16 14:19:15] [AD] [INFO] Open ad (new tab) {"postId":"175564188","url":"https://haraj.com.sa/11175564188/%D8%B9%D8%B1%D9%88%D8%B6_%D8%B1%D9%85%D8%B6%D8%A7%D9%86_%D8%B4%D8%A7%D9%86%D8%AC%D8%A7%D9%86_%D9%8A%D9%88%D9%86%D9%8A_%D9%81%D9%8A_%D8%B3%D8%A8%D9%88%D8%B1%D8%AA_88_700_%D8%B4%D8%A7%D9%85%D9%84/"}
[2026-02-16 14:19:15] [AD] [INFO] Closing ad tab {"postId":"175564142"}
[2026-02-16 14:19:18] [AD] [INFO] Open ad (new tab) {"postId":"175564185","url":"https://haraj.com.sa/11175564185/%D8%AC%D9%86%D8%B3%D8%B3_G80_2021%D8%A8%D9%86%D8%B2%D9%8A%D9%866_%D8%B3%D9%84%D9%86%D8%AF%D8%B1_%D9%81%D9%84_%D9%83%D8%A7%D9%85%D9%84_%D8%A8%D8%AD%D8%A7%D9%84%D8%A9_%D8%A7%D9%84%D9%88%D9%83%D8%A7%D9%84%D9%87/"}
[2026-02-16 14:19:22] [AD] [INFO] Captured GraphQL posts {"postId":"175564185"}
[2026-02-16 14:19:23] [AD] [INFO] Captured GraphQL comments {"postId":"175564185"}
[2026-02-16 14:19:24] [AD] [INFO] Opening contact modal {"postId":"175564185"}
[2026-02-16 14:19:25] [AD] [INFO] Contact extracted {"postId":"175564185","phone":"+966548944970","href":"tel:+966548944970"}
[2026-02-16 14:19:25] [AD] [INFO] Closing ad tab {"postId":"175564185"}
[2026-02-16 14:19:27] [AD] [INFO] Open ad (new tab) {"postId":"175564182","url":"https://haraj.com.sa/11175564182/%D9%85%D8%B1%D8%B3%D9%8A%D8%AF%D8%B3_CLA35_2020/"}
[2026-02-16 14:19:27] [AD] [INFO] Captured GraphQL posts {"postId":"175564190"}
[2026-02-16 14:19:28] [AD] [INFO] Captured GraphQL posts {"postId":"175564188"}
[2026-02-16 14:19:29] [AD] [INFO] Captured GraphQL comments {"postId":"175564190"}
[2026-02-16 14:19:32] [AD] [INFO] Captured GraphQL posts {"postId":"175564182"}
[2026-02-16 14:19:32] [AD] [INFO] Captured GraphQL comments {"postId":"175564188"}
[2026-02-16 14:19:32] [AD] [INFO] Captured GraphQL comments {"postId":"175564182"}
[2026-02-16 14:19:33] [AD] [INFO] Opening contact modal {"postId":"175564190"}
[2026-02-16 14:19:33] [AD] [INFO] Opening contact modal {"postId":"175564188"}
[2026-02-16 14:19:34] [AD] [INFO] Opening contact modal {"postId":"175564182"}
[2026-02-16 14:19:35] [AD] [INFO] Contact extracted {"postId":"175564182","phone":"+966556085216","href":"tel:+966556085216"}
[2026-02-16 14:19:35] [AD] [INFO] Closing ad tab {"postId":"175564182"}
[2026-02-16 14:19:37] [AD] [INFO] Contact extracted {"postId":"175564188","phone":"+966593683900","href":"tel:+966593683900"}
[2026-02-16 14:19:37] [AD] [INFO] Open ad (new tab) {"postId":"73847670","url":"https://haraj.com.sa/1173847670/%D8%AA%D8%B4%D8%BA%D9%8A%D9%84_%D8%B9%D9%86_%D8%A8%D8%B9%D8%AF_%D9%84%D9%83%D8%B2%D8%B3_%D9%88_%D8%AA%D9%88%D9%8A%D9%88%D8%AA%D8%A7_%D9%84%D9%84%D8%A8%D8%B5%D9%85%D9%87_%D9%81%D9%82%D8%B7/"}
[2026-02-16 14:19:37] [AD] [INFO] Contact extracted {"postId":"175564190","phone":"+966557472722","href":"tel:+966557472722"}
[2026-02-16 14:19:37] [AD] [INFO] Closing ad tab {"postId":"175564190"}
[2026-02-16 14:19:37] [AD] [INFO] Closing ad tab {"postId":"175564188"}
[2026-02-16 14:19:40] [AD] [INFO] Open ad (new tab) {"postId":"175564181","url":"https://haraj.com.sa/11175564181/%D8%B3%D9%8A%D9%83%D9%84_%D8%B1%D8%A7%D9%85%D8%A8%D9%88/"}
[2026-02-16 14:19:45] [AD] [INFO] Open ad (new tab) {"postId":"85974552","url":"https://haraj.com.sa/1185974552/%D8%AA%D9%88%D9%8A%D9%88%D8%AA%D8%A7_%D9%84%D8%A7%D9%86%D8%AF%D9%83%D8%B1%D9%88%D8%B2%D8%B1_2013_%D9%88%D9%83%D8%A7%D9%84%D8%A9_%D9%85%D8%AE%D8%B2%D9%86_%D9%85%D8%A8%D8%A7%D8%B9/"}
[2026-02-16 14:19:48] [AD] [INFO] Captured GraphQL posts {"postId":"175564181"}
[2026-02-16 14:19:48] [AD] [INFO] Captured GraphQL posts {"postId":"85974552"}
[2026-02-16 14:19:49] [AD] [INFO] Captured GraphQL comments {"postId":"85974552"}
[2026-02-16 14:19:49] [AD] [INFO] Captured GraphQL posts {"postId":"73847670"}
[2026-02-16 14:19:49] [AD] [INFO] Captured GraphQL comments {"postId":"175564181"}
[2026-02-16 14:19:50] [AD] [INFO] Captured GraphQL comments {"postId":"73847670"}
[2026-02-16 14:19:50] [AD] [INFO] Opening contact modal {"postId":"85974552"}
[2026-02-16 14:19:50] [AD] [INFO] Opening contact modal {"postId":"175564181"}
[2026-02-16 14:19:51] [AD] [INFO] Contact extracted {"postId":"85974552","phone":"0000000000","href":"tel:"}
[2026-02-16 14:19:51] [AD] [INFO] Closing ad tab {"postId":"85974552"}
[2026-02-16 14:19:51] [AD] [INFO] Opening contact modal {"postId":"73847670"}
[2026-02-16 14:19:52] [AD] [INFO] Contact extracted {"postId":"175564181","phone":"+966553175554","href":"tel:+966553175554"}
[2026-02-16 14:19:52] [AD] [INFO] Closing ad tab {"postId":"175564181"}
[2026-02-16 14:19:53] [AD] [INFO] Open ad (new tab) {"postId":"175564175","url":"https://haraj.com.sa/11175564175/%D9%83%D8%A7%D9%85%D8%B1%D9%8A_2006/"}
[2026-02-16 14:19:55] [AD] [INFO] Open ad (new tab) {"postId":"175564174","url":"https://haraj.com.sa/11175564174/%D8%B4%D9%85%D8%B9%D8%A9_%D9%83%D8%AF%D9%86%D8%B2%D8%A7_2018/"}
[2026-02-16 14:19:56] [AD] [INFO] Contact extracted {"postId":"73847670","phone":"+966502974322","href":"tel:+966502974322"}
[2026-02-16 14:19:56] [AD] [INFO] Closing ad tab {"postId":"73847670"}
[2026-02-16 14:20:00] [AD] [INFO] Open ad (new tab) {"postId":"175564171","url":"https://haraj.com.sa/11175564171/%D9%81%D9%88%D8%B1%D8%AA%D8%B4%D9%86%D8%B1_2022_%D8%AF%D9%8A%D8%B2%D9%84_%D9%86%D8%B8%D9%8A%D9%8A%D9%8A%D9%81/"}
[2026-02-16 14:20:07] [AD] [INFO] Captured GraphQL posts {"postId":"175564171"}
[2026-02-16 14:20:07] [AD] [INFO] Captured GraphQL comments {"postId":"175564171"}
[2026-02-16 14:20:08] [AD] [INFO] Opening contact modal {"postId":"175564171"}
[2026-02-16 14:20:10] [AD] [INFO] Contact extracted {"postId":"175564171","phone":"+966500254442","href":"tel:+966500254442"}
[2026-02-16 14:20:10] [AD] [INFO] Closing ad tab {"postId":"175564171"}
[2026-02-16 14:20:10] [AD] [INFO] Captured GraphQL posts {"postId":"175564175"}
[2026-02-16 14:20:11] [AD] [INFO] Captured GraphQL posts {"postId":"175564174"}
[2026-02-16 14:20:11] [AD] [INFO] Captured GraphQL comments {"postId":"175564175"}
[2026-02-16 14:20:12] [AD] [INFO] Open ad (new tab) {"postId":"175564167","url":"https://haraj.com.sa/11175564167/%D9%83%D9%8A%D8%A73k_%D8%A7%D9%82%D8%B3%D8%A7%D8%B7_%D8%AA%D8%A8%D8%AF%D8%A7_%D8%A8%D8%B1%D9%88%D8%A7%D8%AA%D8%A8_3600/"}
[2026-02-16 14:20:13] [AD] [INFO] Captured GraphQL comments {"postId":"175564174"}
[2026-02-16 14:20:13] [AD] [INFO] Opening contact modal {"postId":"175564175"}
[2026-02-16 14:20:24] [AD] [INFO] Captured GraphQL posts {"postId":"175564167"}
[2026-02-16 14:20:24] [AD] [INFO] Captured GraphQL comments {"postId":"175564167"}
[2026-02-16 14:20:25] [AD] [INFO] Opening contact modal {"postId":"175564167"}
[2026-02-16 14:20:27] [AD] [INFO] Contact extracted {"postId":"175564167","phone":"+966500903242","href":"tel:+966500903242"}
[2026-02-16 14:20:27] [AD] [INFO] Closing ad tab {"postId":"175564167"}
[2026-02-16 14:20:28] [AD] [INFO] Opening contact modal {"postId":"175564174"}
[2026-02-16 14:20:30] [AD] [INFO] Open ad (new tab) {"postId":"175564157","url":"https://haraj.com.sa/11175564157/%D8%AF%D9%88%D8%AF%D8%A9_%D8%AF%D8%B1%D9%83%D8%B3%D9%88%D9%86_%D8%A7%D9%84%D8%A7%D9%86%D8%AA%D8%B1%D8%A7_20122016/"}
[2026-02-16 14:20:32] [AD] [INFO] Contact extracted {"postId":"175564174","phone":"+966596706540","href":"tel:+966596706540"}
[2026-02-16 14:20:32] [AD] [INFO] Closing ad tab {"postId":"175564174"}
[2026-02-16 14:20:33] [AD] [INFO] Contact extracted {"postId":"175564175","phone":"+966542019565","href":"tel:+966542019565"}
[2026-02-16 14:20:33] [AD] [INFO] Closing ad tab {"postId":"175564175"}
[2026-02-16 14:20:34] [AD] [INFO] Open ad (new tab) {"postId":"175564142","url":"https://haraj.com.sa/11175564142/%D9%84%D9%88%D8%AD%D8%A9_%D8%A8%D8%A7%D8%B3%D9%85_%D8%B3%D8%B9%D8%AF/"}
[2026-02-16 14:20:34] [AD] [INFO] Captured GraphQL posts {"postId":"175564157"}
[2026-02-16 14:20:34] [AD] [INFO] Open ad (new tab) {"postId":"175564137","url":"https://haraj.com.sa/11175564137/%D8%A7%D9%84%D9%86%D8%AA%D8%B1%D8%A7_2015_%D9%82%D9%8A%D8%B1_%D8%AA%D9%85%D8%A7%D8%AA%D9%8A%D9%83_2_0_%D8%B4%D8%B1%D8%B7/"}
[2026-02-16 14:20:34] [AD] [INFO] Captured GraphQL comments {"postId":"175564157"}
[2026-02-16 14:20:36] [AD] [INFO] Opening contact modal {"postId":"175564157"}
[2026-02-16 14:20:37] [AD] [INFO] Captured GraphQL posts {"postId":"175564142"}
[2026-02-16 14:20:39] [AD] [INFO] Captured GraphQL posts {"postId":"175564137"}
[2026-02-16 14:20:39] [AD] [INFO] Captured GraphQL comments {"postId":"175564137"}
[2026-02-16 14:20:40] [AD] [INFO] Opening contact modal {"postId":"175564137"}
[2026-02-16 14:20:42] [AD] [INFO] Captured GraphQL comments {"postId":"175564142"}
[2026-02-16 14:20:42] [AD] [INFO] Contact extracted {"postId":"175564137","phone":"+966503823883","href":"tel:+966503823883"}
[2026-02-16 14:20:42] [AD] [INFO] Closing ad tab {"postId":"175564137"}
[2026-02-16 14:20:43] [AD] [INFO] Contact extracted {"postId":"175564157","phone":"+966578870298","href":"tel:+966578870298"}
[2026-02-16 14:20:43] [AD] [INFO] Closing ad tab {"postId":"175564157"}
[2026-02-16 14:20:43] [AD] [INFO] Opening contact modal {"postId":"175564142"}
[2026-02-16 14:20:44] [AD] [INFO] Open ad (new tab) {"postId":"175564135","url":"https://haraj.com.sa/11175564135/%D9%85%D8%B9%D8%AF%D8%A7%D8%AA_%D8%AB%D9%82%D9%8A%D9%84%D9%87/"}
[2026-02-16 14:20:45] [AD] [INFO] Open ad (new tab) {"postId":"175564128","url":"https://haraj.com.sa/11175564128/%D8%B1%D8%A8%D8%B9/"}
[2026-02-16 14:20:48] [AD] [INFO] Captured GraphQL posts {"postId":"175564128"}
[2026-02-16 14:20:49] [AD] [INFO] Captured GraphQL comments {"postId":"175564128"}
[2026-02-16 14:20:50] [AD] [INFO] Opening contact modal {"postId":"175564128"}
[2026-02-16 14:20:50] [AD] [INFO] Captured GraphQL posts {"postId":"175564135"}
[2026-02-16 14:20:51] [AD] [INFO] Captured GraphQL comments {"postId":"175564135"}
[2026-02-16 14:20:51] [AD] [INFO] Contact extracted {"postId":"175564128","phone":"+966540228969","href":"tel:+966540228969"}
[2026-02-16 14:20:51] [AD] [INFO] Closing ad tab {"postId":"175564128"}
[2026-02-16 14:20:51] [AD] [INFO] Opening contact modal {"postId":"175564135"}
[2026-02-16 14:20:53] [AD] [INFO] Open ad (new tab) {"postId":"175564123","url":"https://haraj.com.sa/11175564123/%D8%AA%D9%88%D8%B1%D8%B3_2013/"}
[2026-02-16 14:20:53] [AD] [INFO] Contact extracted {"postId":"175564135","phone":"+966554192506","href":"tel:+966554192506"}
[2026-02-16 14:20:53] [AD] [INFO] Closing ad tab {"postId":"175564135"}
[2026-02-16 14:20:55] [AD] [INFO] Open ad (new tab) {"postId":"175564118","url":"https://haraj.com.sa/11175564118/%D9%86%D9%8A%D8%B3%D8%A7%D9%86_%D8%A8%D8%A7%D8%AA%D8%B1%D9%88%D9%84_%D8%A8%D9%84%D8%A7%D8%AA%D9%8A%D9%86%D9%8A%D9%88%D9%85_2015_%D9%84%D9%84%D8%A8%D9%8A%D8%B9/"}
[2026-02-16 14:20:56] [AD] [INFO] Captured GraphQL posts {"postId":"175564123"}
[2026-02-16 14:20:56] [AD] [INFO] Captured GraphQL comments {"postId":"175564123"}
[2026-02-16 14:20:58] [AD] [INFO] Captured GraphQL posts {"postId":"175564118"}
[2026-02-16 14:20:58] [AD] [INFO] Captured GraphQL comments {"postId":"175564118"}
[2026-02-16 14:20:59] [AD] [INFO] Opening contact modal {"postId":"175564123"}
[2026-02-16 14:21:00] [AD] [INFO] Opening contact modal {"postId":"175564118"}
[2026-02-16 14:21:01] [AD] [INFO] Contact extracted {"postId":"175564118","phone":"+966534227944","href":"tel:+966534227944"}
[2026-02-16 14:21:01] [AD] [INFO] Closing ad tab {"postId":"175564118"}
[2026-02-16 14:21:02] [AD] [INFO] Contact extracted {"postId":"175564123","phone":"+966500127008","href":"tel:+966500127008"}
[2026-02-16 14:21:02] [AD] [INFO] Closing ad tab {"postId":"175564123"}
[2026-02-16 14:21:02] [AD] [INFO] Open ad (new tab) {"postId":"175564115","url":"https://haraj.com.sa/11175564115/%D8%A8%D8%A7%D8%B5_%D9%84%D9%84%D8%A7%D9%8A%D8%AC%D8%A7%D8%B1_%D9%85%D8%B9_%D8%B3%D8%A7%D8%A6%D9%82/"}
[2026-02-16 14:21:04] [AD] [INFO] Captured GraphQL posts {"postId":"175564115"}
[2026-02-16 14:21:05] [AD] [INFO] Captured GraphQL comments {"postId":"175564115"}
[2026-02-16 14:21:06] [AD] [INFO] Opening contact modal {"postId":"175564115"}
[2026-02-16 14:21:07] [AD] [INFO] Contact extracted {"postId":"175564115","phone":"+966557747588","href":"tel:+966557747588"}
[2026-02-16 14:21:07] [AD] [INFO] Closing ad tab {"postId":"175564115"}
[2026-02-16 14:21:46] [AD] [WARN] Phone did not settle in time {"postId":"175564142"}
[2026-02-16 14:21:46] [AD] [INFO] Contact extracted {"postId":"175564142","phone":null,"href":"tel:"}
[2026-02-16 14:21:46] [AD] [INFO] Closing ad tab {"postId":"175564142"}
[2026-02-16 14:26:56] [AD] [INFO] Open ad (new tab) {"postId":"175564814","url":"https://haraj.com.sa/11175564814/%D9%81%D9%88%D8%B1%D8%AF_%D8%A7%D9%83%D8%B3%D8%A8%D9%8A%D8%AF%D8%B4%D9%86_2018/"}
[2026-02-16 14:26:56] [AD] [INFO] Open ad (new tab) {"postId":"175564818","url":"https://haraj.com.sa/11175564818/%D9%87%D8%A7%D9%8A%D9%84%D9%88%D9%83%D8%B3_%D8%AF%D8%A8%D9%842013_%D8%B3%D8%B9%D9%88%D8%AF%D9%8A_%D8%B4%D8%B1%D8%B7/"}
[2026-02-16 14:26:56] [AD] [INFO] Open ad (new tab) {"postId":"175564817","url":"https://haraj.com.sa/11175564817/%D9%81%D9%88%D8%B1%D8%AF_%D8%AA%D9%88%D8%B1%D8%B3_2018/"}
[2026-02-16 14:27:13] [AD] [INFO] Captured GraphQL posts {"postId":"175564817"}
[2026-02-16 14:27:14] [AD] [INFO] Captured GraphQL comments {"postId":"175564817"}
[2026-02-16 14:27:15] [AD] [INFO] Opening contact modal {"postId":"175564817"}
[2026-02-16 14:27:20] [AD] [INFO] Captured GraphQL posts {"postId":"175564814"}
[2026-02-16 14:27:21] [AD] [INFO] Captured GraphQL comments {"postId":"175564814"}
[2026-02-16 14:27:22] [AD] [INFO] Captured GraphQL posts {"postId":"175564818"}
[2026-02-16 14:27:23] [AD] [INFO] Captured GraphQL comments {"postId":"175564818"}
[2026-02-16 14:27:24] [AD] [INFO] Opening contact modal {"postId":"175564814"}
[2026-02-16 14:27:24] [AD] [INFO] Opening contact modal {"postId":"175564818"}
[2026-02-16 14:27:26] [AD] [INFO] Contact extracted {"postId":"175564814","phone":"+966501088383","href":"tel:+966501088383"}
[2026-02-16 14:27:26] [AD] [INFO] Closing ad tab {"postId":"175564814"}
[2026-02-16 14:27:27] [AD] [INFO] Contact extracted {"postId":"175564818","phone":"+966505836006","href":"tel:+966505836006"}
[2026-02-16 14:27:27] [AD] [INFO] Closing ad tab {"postId":"175564818"}
[2026-02-16 14:27:27] [AD] [INFO] Open ad (new tab) {"postId":"175564812","url":"https://haraj.com.sa/11175564812/%D9%87%D9%88%D8%A7%D9%86%D8%AF%D8%A7_%D9%83%D9%88%D8%B1%D8%AF/"}
[2026-02-16 14:27:29] [AD] [INFO] Open ad (new tab) {"postId":"175564811","url":"https://haraj.com.sa/11175564811/%D9%87%D8%A7%D9%8A%D9%84%D9%88%D9%83%D8%B3_2020/"}
[2026-02-16 14:27:35] [AD] [INFO] Captured GraphQL posts {"postId":"175564811"}
[2026-02-16 14:27:36] [AD] [INFO] Captured GraphQL comments {"postId":"175564811"}
[2026-02-16 14:27:37] [AD] [INFO] Opening contact modal {"postId":"175564811"}
[2026-02-16 14:27:38] [AD] [INFO] Captured GraphQL posts {"postId":"175564812"}
[2026-02-16 14:27:40] [AD] [INFO] Captured GraphQL comments {"postId":"175564812"}
[2026-02-16 14:27:42] [AD] [INFO] Opening contact modal {"postId":"175564812"}
[2026-02-16 14:27:46] [AD] [INFO] Contact extracted {"postId":"175564812","phone":"+966554229746","href":"tel:+966554229746"}
[2026-02-16 14:27:46] [AD] [INFO] Closing ad tab {"postId":"175564812"}
[2026-02-16 14:27:47] [AD] [INFO] Open ad (new tab) {"postId":"73847670","url":"https://haraj.com.sa/1173847670/%D8%AA%D8%B4%D8%BA%D9%8A%D9%84_%D8%B9%D9%86_%D8%A8%D8%B9%D8%AF_%D9%84%D9%83%D8%B2%D8%B3_%D9%88_%D8%AA%D9%88%D9%8A%D9%88%D8%AA%D8%A7_%D9%84%D9%84%D8%A8%D8%B5%D9%85%D9%87_%D9%81%D9%82%D8%B7/"}
[2026-02-16 14:27:56] [AD] [INFO] Captured GraphQL posts {"postId":"73847670"}
[2026-02-16 14:27:57] [AD] [INFO] Captured GraphQL comments {"postId":"73847670"}
[2026-02-16 14:27:59] [AD] [INFO] Opening contact modal {"postId":"73847670"}
[2026-02-16 14:28:00] [AD] [INFO] Contact extracted {"postId":"73847670","phone":"+966502974322","href":"tel:+966502974322"}
[2026-02-16 14:28:00] [AD] [INFO] Closing ad tab {"postId":"73847670"}
[2026-02-16 14:28:02] [AD] [INFO] Open ad (new tab) {"postId":"85974552","url":"https://haraj.com.sa/1185974552/%D8%AA%D9%88%D9%8A%D9%88%D8%AA%D8%A7_%D9%84%D8%A7%D9%86%D8%AF%D9%83%D8%B1%D9%88%D8%B2%D8%B1_2013_%D9%88%D9%83%D8%A7%D9%84%D8%A9_%D9%85%D8%AE%D8%B2%D9%86_%D9%85%D8%A8%D8%A7%D8%B9/"}
[2026-02-16 14:28:06] [AD] [INFO] Captured GraphQL posts {"postId":"85974552"}
[2026-02-16 14:28:07] [AD] [INFO] Captured GraphQL comments {"postId":"85974552"}
[2026-02-16 14:28:08] [AD] [INFO] Opening contact modal {"postId":"85974552"}
[2026-02-16 14:28:10] [AD] [INFO] Contact extracted {"postId":"85974552","phone":"0000000000","href":"tel:"}
[2026-02-16 14:28:10] [AD] [INFO] Closing ad tab {"postId":"85974552"}
[2026-02-16 14:28:11] [AD] [INFO] Open ad (new tab) {"postId":"175564810","url":"https://haraj.com.sa/11175564810/%D8%AA%D8%B4%D9%84%D9%8A%D8%AD_%D9%83%D9%88%D8%B1%D9%88%D9%84%D8%A7_%D9%85%D9%88%D8%AF%D9%8A%D9%84_2003_%D8%AF%D8%A7%D8%AE%D9%84%D9%8A%D9%87_%D8%A8%D9%8A%D8%AC_%D9%81%D9%82%D8%B7_%D9%82%D8%B7%D8%B9_%D8%BA%D9%8A%D8%A7%D8%B1/"}
[2026-02-16 14:28:15] [AD] [INFO] Captured GraphQL posts {"postId":"175564810"}
[2026-02-16 14:28:15] [AD] [INFO] Captured GraphQL comments {"postId":"175564810"}
[2026-02-16 14:28:17] [AD] [INFO] Opening contact modal {"postId":"175564810"}
[2026-02-16 14:28:17] [AD] [WARN] Phone did not settle in time {"postId":"175564817"}
[2026-02-16 14:28:17] [AD] [INFO] Contact extracted {"postId":"175564817","phone":null,"href":"tel:"}
[2026-02-16 14:28:17] [AD] [INFO] Closing ad tab {"postId":"175564817"}
[2026-02-16 14:28:19] [AD] [INFO] Contact extracted {"postId":"175564810","phone":"+966540264929","href":"tel:+966540264929"}
[2026-02-16 14:28:19] [AD] [INFO] Closing ad tab {"postId":"175564810"}
[2026-02-16 14:28:19] [AD] [INFO] Open ad (new tab) {"postId":"175564804","url":"https://haraj.com.sa/11175564804/%D8%AF%D9%8A%D9%86%D8%A7_%D8%A7%D8%B3%D9%8A%D8%B2%D9%88_2022/"}
[2026-02-16 14:28:21] [AD] [INFO] Open ad (new tab) {"postId":"175564802","url":"https://haraj.com.sa/11175564802/%D8%AC%D9%8A%D8%A8_%D8%AC%D8%B1%D8%A7%D9%86%D8%AF_%D8%B4%D9%8A%D8%B1%D9%88%D9%83%D9%8A_%D9%84%D9%85%D9%8A%D8%AA%D9%8A%D8%AF_2023_%D8%A7%D9%82%D9%88%D9%89_%D8%B9%D8%B1%D9%88%D8%B6/"}
[2026-02-16 14:28:32] [AD] [INFO] Captured GraphQL posts {"postId":"175564802"}
[2026-02-16 14:28:32] [AD] [INFO] Captured GraphQL comments {"postId":"175564802"}
[2026-02-16 14:28:35] [AD] [INFO] Opening contact modal {"postId":"175564802"}
[2026-02-16 14:28:39] [AD] [WARN] Phone did not settle in time {"postId":"175564811"}
[2026-02-16 14:28:39] [AD] [INFO] Contact extracted {"postId":"175564811","phone":null,"href":"tel:"}
[2026-02-16 14:28:39] [AD] [INFO] Contact extracted {"postId":"175564802","phone":"+966554687265","href":"tel:+966554687265"}
[2026-02-16 14:28:39] [AD] [INFO] Closing ad tab {"postId":"175564802"}
[2026-02-16 14:28:39] [AD] [INFO] Closing ad tab {"postId":"175564811"}
[2026-02-16 14:28:43] [AD] [INFO] Open ad (new tab) {"postId":"175564791","url":"https://haraj.com.sa/11175564791/%D8%B7%D8%A7%D8%B1%D8%A9_%D8%A7%D9%84%D9%86%D8%AA%D8%B1%D8%A7_%D9%88_%D8%A7%D9%83%D8%B3%D9%86%D8%AA_%D8%A7%D8%AE%D8%AA_%D8%A7%D9%84%D8%AC%D8%AF%D9%8A%D8%AF/"}
[2026-02-16 14:28:50] [AD] [INFO] Captured GraphQL posts {"postId":"175564791"}
[2026-02-16 14:28:52] [AD] [INFO] Captured GraphQL comments {"postId":"175564791"}
[2026-02-16 14:28:53] [AD] [INFO] Opening contact modal {"postId":"175564791"}
[2026-02-16 14:28:55] [AD] [INFO] Contact extracted {"postId":"175564791","phone":"+966500947252","href":"tel:+966500947252"}
[2026-02-16 14:28:56] [AD] [INFO] Closing ad tab {"postId":"175564791"}
[2026-02-16 14:29:01] [AD] [INFO] Open ad (new tab) {"postId":"175564789","url":"https://haraj.com.sa/11175564789/%D8%AA%D8%A7%D9%8A%D9%88%D8%AA%D8%A7/"}
[2026-02-16 14:29:03] [AD] [INFO] Captured GraphQL posts {"postId":"175564804"}
[2026-02-16 14:29:07] [AD] [INFO] Captured GraphQL posts {"postId":"175564789"}
[2026-02-16 14:29:08] [AD] [INFO] Captured GraphQL comments {"postId":"175564789"}
[2026-02-16 14:29:09] [AD] [INFO] Opening contact modal {"postId":"175564789"}
[2026-02-16 14:29:11] [AD] [INFO] Open ad (new tab) {"postId":"175564793","url":"https://haraj.com.sa/11175564793/%D8%AC%D9%85%D8%B3_%D8%B3%D9%8A%D9%8A%D8%B1%D8%A7_2013_%D9%84%D9%84%D8%A8%D9%8A%D8%B9_%D8%AA%D8%B5%D9%81%D9%8A%D8%A9_%D8%A8%D8%B3%D8%B9%D8%B1_%D9%85%D9%86%D8%A7%D8%B3%D8%A8/"}
[2026-02-16 14:29:11] [AD] [INFO] Contact extracted {"postId":"175564789","phone":"+966531584811","href":"tel:+966531584811"}
[2026-02-16 14:29:11] [AD] [INFO] Closing ad tab {"postId":"175564789"}
[2026-02-16 14:29:13] [AD] [INFO] Open ad (new tab) {"postId":"175564786","url":"https://haraj.com.sa/11175564786/%D8%AC%D9%8A%D8%AA%D9%88%D8%B1_%D8%A7%D9%83%D8%B3_50_%D9%8A%D8%B1%D9%8A%D9%85%D9%8A%D9%88%D9%85_%D9%85%D9%88%D8%AF%D9%8A%D9%84_2026_%D8%A7%D9%82%D9%84_%D8%B3%D8%B9%D8%B1/"}
[2026-02-16 14:29:15] [AD] [INFO] Captured GraphQL comments {"postId":"175564804"}
[2026-02-16 14:29:15] [AD] [INFO] Opening contact modal {"postId":"175564804"}
[2026-02-16 14:29:22] [AD] [INFO] Captured GraphQL posts {"postId":"175564786"}
[2026-02-16 14:29:23] [AD] [INFO] Captured GraphQL comments {"postId":"175564786"}
[2026-02-16 14:29:24] [AD] [INFO] Opening contact modal {"postId":"175564786"}
[2026-02-16 14:29:27] [AD] [INFO] Contact extracted {"postId":"175564786","phone":"+966548160910","href":"tel:+966548160910"}
[2026-02-16 14:29:27] [AD] [INFO] Closing ad tab {"postId":"175564786"}
[2026-02-16 14:29:28] [AD] [INFO] Contact extracted {"postId":"175564804","phone":"+966535677779","href":"tel:+966535677779"}
[2026-02-16 14:29:28] [AD] [INFO] Closing ad tab {"postId":"175564804"}
[2026-02-16 14:29:29] [AD] [INFO] Open ad (new tab) {"postId":"175564784","url":"https://haraj.com.sa/11175564784/%D8%A8%D8%A7%D8%AA%D8%B1%D9%88%D9%84/"}
[2026-02-16 14:29:30] [AD] [INFO] Open ad (new tab) {"postId":"175564779","url":"https://haraj.com.sa/11175564779/%D9%81%D9%88%D8%B1%D8%AA%D8%B4%D9%86%D8%B1_2025_GX2_%D8%B3%D8%AA%D8%A7%D9%86%D8%AF%D8%B1_%D8%AF%D8%A8%D9%84/"}
[2026-02-16 14:29:37] [AD] [INFO] Captured GraphQL posts {"postId":"175564779"}
[2026-02-16 14:29:38] [AD] [INFO] Captured GraphQL comments {"postId":"175564779"}
[2026-02-16 14:29:39] [AD] [INFO] Opening contact modal {"postId":"175564779"}
[2026-02-16 14:29:41] [AD] [INFO] Contact extracted {"postId":"175564779","phone":"+966544427840","href":"tel:+966544427840"}
[2026-02-16 14:29:41] [AD] [INFO] Closing ad tab {"postId":"175564779"}
[2026-02-16 14:29:42] [AD] [INFO] Captured GraphQL posts {"postId":"175564793"}
[2026-02-16 14:29:45] [AD] [INFO] Open ad (new tab) {"postId":"175564776","url":"https://haraj.com.sa/11175564776/GAC_GS3_GS_2023/"}
[2026-02-16 14:29:54] [AD] [INFO] Captured GraphQL posts {"postId":"175564776"}
[2026-02-16 14:29:54] [AD] [INFO] Captured GraphQL comments {"postId":"175564776"}
[2026-02-16 14:29:55] [AD] [INFO] Opening contact modal {"postId":"175564776"}
[2026-02-16 14:29:57] [AD] [INFO] Captured GraphQL comments {"postId":"175564793"}
[2026-02-16 14:29:57] [AD] [INFO] Contact extracted {"postId":"175564776","phone":"0112604720","href":"tel:0112604720"}
[2026-02-16 14:29:57] [AD] [INFO] Closing ad tab {"postId":"175564776"}
[2026-02-16 14:30:00] [AD] [INFO] Open ad (new tab) {"postId":"175564774","url":"https://haraj.com.sa/11175564774/%D8%B3%D8%B7%D8%AD%D8%A9_%D8%AD%D9%81%D8%B1_%D8%A7%D9%84%D8%A8%D8%A7%D8%B7%D9%86_%D8%A7%D9%84%D8%AE%D9%81%D8%AC%D9%8A_%D8%A7%D9%84%D8%AF%D9%85%D8%A7%D9%85_%D8%A7%D9%84%D8%A3%D8%AD%D8%B3%D8%A7%D8%A1_%D8%A7%D9%84%D8%AC%D8%A8%D9%8A%D9%84_%D8%A7%D9%84%D8%AE%D8%B1%D8%AC_%D8%A7%D9%84%D8%B1%D9%8A%D8%A7%D8%B6/"}
[2026-02-16 14:30:01] [AD] [INFO] Opening contact modal {"postId":"175564793"}
[2026-02-16 14:30:06] [AD] [INFO] Captured GraphQL posts {"postId":"175564774"}
[2026-02-16 14:30:08] [AD] [INFO] Captured GraphQL comments {"postId":"175564774"}
[2026-02-16 14:30:09] [AD] [INFO] Opening contact modal {"postId":"175564774"}
[2026-02-16 14:30:10] [AD] [INFO] Contact extracted {"postId":"175564793","phone":"+966545221218","href":"tel:+966545221218"}
[2026-02-16 14:30:10] [AD] [INFO] Closing ad tab {"postId":"175564793"}
[2026-02-16 14:30:10] [AD] [INFO] Captured GraphQL posts {"postId":"175564784"}
[2026-02-16 14:30:10] [AD] [INFO] Captured GraphQL comments {"postId":"175564784"}
[2026-02-16 14:30:10] [AD] [INFO] Contact extracted {"postId":"175564774","phone":"+966506184509","href":"tel:+966506184509"}
[2026-02-16 14:30:10] [AD] [INFO] Closing ad tab {"postId":"175564774"}
[2026-02-16 14:30:12] [AD] [INFO] Opening contact modal {"postId":"175564784"}
[2026-02-16 14:30:13] [AD] [INFO] Open ad (new tab) {"postId":"175564766","url":"https://haraj.com.sa/11175564766/%D8%AD%D8%B3%D9%8A%D9%84/"}
[2026-02-16 14:30:14] [AD] [INFO] Open ad (new tab) {"postId":"175564773","url":"https://haraj.com.sa/11175564773/%D9%85%D8%AA%D8%A7%D8%AD_%D8%B3%D9%8A%D8%A7%D8%B1%D8%A9_%D8%A7%D9%83%D8%B3%D9%86%D8%AA_2019_%D9%84%D9%84%D8%A7%D9%8A%D8%AC%D8%A7%D8%B1_%D9%86%D8%B8%D9%8A%D9%81%D8%A9_%D8%AC%D8%AF%D8%A7_%D9%85%D9%88%D8%AC%D9%88%D8%AF_%D8%A8%D8%A7%D9%84%D8%AE%D8%A8%D8%B1/"}
[2026-02-16 14:30:20] [AD] [INFO] Captured GraphQL posts {"postId":"175564773"}
[2026-02-16 14:30:20] [AD] [INFO] Captured GraphQL comments {"postId":"175564773"}
[2026-02-16 14:30:21] [AD] [INFO] Opening contact modal {"postId":"175564773"}
[2026-02-16 14:30:23] [AD] [INFO] Contact extracted {"postId":"175564773","phone":"+966548504473","href":"tel:+966548504473"}
[2026-02-16 14:30:23] [AD] [INFO] Closing ad tab {"postId":"175564773"}
[2026-02-16 14:30:23] [AD] [INFO] Contact extracted {"postId":"175564784","phone":"+966555690995","href":"tel:+966555690995"}
[2026-02-16 14:30:26] [AD] [INFO] Open ad (new tab) {"postId":"175564818","url":"https://haraj.com.sa/11175564818/%D9%87%D8%A7%D9%8A%D9%84%D9%88%D9%83%D8%B3_%D8%AF%D8%A8%D9%842013_%D8%B3%D8%B9%D9%88%D8%AF%D9%8A_%D8%B4%D8%B1%D8%B7/"}
[2026-02-16 14:30:26] [AD] [INFO] Closing ad tab {"postId":"175564784"}
[2026-02-16 14:30:28] [AD] [INFO] Open ad (new tab) {"postId":"175564817","url":"https://haraj.com.sa/11175564817/%D9%81%D9%88%D8%B1%D8%AF_%D8%AA%D9%88%D8%B1%D8%B3_2018/"}
[2026-02-16 14:30:31] [AD] [INFO] Captured GraphQL posts {"postId":"175564766"}
[2026-02-16 14:30:31] [AD] [INFO] Captured GraphQL posts {"postId":"175564817"}
[2026-02-16 14:30:32] [AD] [INFO] Captured GraphQL comments {"postId":"175564817"}
[2026-02-16 14:30:32] [AD] [INFO] Captured GraphQL comments {"postId":"175564766"}
[2026-02-16 14:30:32] [AD] [INFO] Captured GraphQL posts {"postId":"175564818"}
[2026-02-16 14:30:33] [AD] [INFO] Opening contact modal {"postId":"175564817"}
[2026-02-16 14:30:34] [AD] [INFO] Opening contact modal {"postId":"175564766"}
[2026-02-16 14:30:34] [AD] [INFO] Captured GraphQL comments {"postId":"175564818"}
[2026-02-16 14:30:35] [AD] [INFO] Opening contact modal {"postId":"175564818"}
[2026-02-16 14:30:36] [AD] [INFO] Contact extracted {"postId":"175564766","phone":"+966506754623","href":"tel:+966506754623"}
[2026-02-16 14:30:36] [AD] [INFO] Closing ad tab {"postId":"175564766"}
[2026-02-16 14:30:38] [AD] [INFO] Contact extracted {"postId":"175564818","phone":"+966505836006","href":"tel:+966505836006"}
[2026-02-16 14:30:38] [AD] [INFO] Open ad (new tab) {"postId":"175564814","url":"https://haraj.com.sa/11175564814/%D9%81%D9%88%D8%B1%D8%AF_%D8%A7%D9%83%D8%B3%D8%A8%D9%8A%D8%AF%D8%B4%D9%86_2018/"}
[2026-02-16 14:30:38] [AD] [INFO] Closing ad tab {"postId":"175564818"}
[2026-02-16 14:30:39] [AD] [INFO] Open ad (new tab) {"postId":"175564812","url":"https://haraj.com.sa/11175564812/%D9%87%D9%88%D8%A7%D9%86%D8%AF%D8%A7_%D9%83%D9%88%D8%B1%D8%AF/"}
[2026-02-16 14:30:44] [AD] [INFO] Captured GraphQL posts {"postId":"175564812"}
[2026-02-16 14:30:46] [AD] [INFO] Captured GraphQL comments {"postId":"175564812"}
[2026-02-16 14:30:48] [AD] [INFO] Opening contact modal {"postId":"175564812"}
[2026-02-16 14:30:51] [AD] [INFO] Contact extracted {"postId":"175564812","phone":"+966554229746","href":"tel:+966554229746"}
[2026-02-16 14:30:51] [AD] [INFO] Closing ad tab {"postId":"175564812"}
[2026-02-16 14:30:54] [AD] [INFO] Open ad (new tab) {"postId":"175564811","url":"https://haraj.com.sa/11175564811/%D9%87%D8%A7%D9%8A%D9%84%D9%88%D9%83%D8%B3_2020/"}
[2026-02-16 14:31:00] [AD] [INFO] Captured GraphQL posts {"postId":"175564811"}
[2026-02-16 14:31:01] [AD] [INFO] Captured GraphQL comments {"postId":"175564811"}
[2026-02-16 14:31:02] [AD] [INFO] Opening contact modal {"postId":"175564811"}
[2026-02-16 14:31:05] [AD] [INFO] Captured GraphQL posts {"postId":"175564814"}
[2026-02-16 14:31:06] [AD] [INFO] Captured GraphQL comments {"postId":"175564814"}
[2026-02-16 14:31:07] [AD] [INFO] Opening contact modal {"postId":"175564814"}
[2026-02-16 14:31:22] [AD] [INFO] Contact extracted {"postId":"175564814","phone":"+966501088383","href":"tel:+966501088383"}
[2026-02-16 14:31:22] [AD] [INFO] Closing ad tab {"postId":"175564814"}
[2026-02-16 14:31:25] [AD] [INFO] Open ad (new tab) {"postId":"73847670","url":"https://haraj.com.sa/1173847670/%D8%AA%D8%B4%D8%BA%D9%8A%D9%84_%D8%B9%D9%86_%D8%A8%D8%B9%D8%AF_%D9%84%D9%83%D8%B2%D8%B3_%D9%88_%D8%AA%D9%88%D9%8A%D9%88%D8%AA%D8%A7_%D9%84%D9%84%D8%A8%D8%B5%D9%85%D9%87_%D9%81%D9%82%D8%B7/"}
[2026-02-16 14:31:30] [AD] [INFO] Captured GraphQL posts {"postId":"73847670"}
[2026-02-16 14:31:31] [AD] [INFO] Captured GraphQL comments {"postId":"73847670"}
[2026-02-16 14:31:32] [AD] [INFO] Opening contact modal {"postId":"73847670"}
[2026-02-16 14:31:33] [AD] [INFO] Contact extracted {"postId":"73847670","phone":"+966502974322","href":"tel:+966502974322"}
[2026-02-16 14:31:33] [AD] [INFO] Closing ad tab {"postId":"73847670"}
[2026-02-16 14:31:34] [AD] [INFO] Open ad (new tab) {"postId":"85974552","url":"https://haraj.com.sa/1185974552/%D8%AA%D9%88%D9%8A%D9%88%D8%AA%D8%A7_%D9%84%D8%A7%D9%86%D8%AF%D9%83%D8%B1%D9%88%D8%B2%D8%B1_2013_%D9%88%D9%83%D8%A7%D9%84%D8%A9_%D9%85%D8%AE%D8%B2%D9%86_%D9%85%D8%A8%D8%A7%D8%B9/"}
[2026-02-16 14:31:34] [AD] [WARN] Phone did not settle in time {"postId":"175564817"}
[2026-02-16 14:31:35] [AD] [INFO] Contact extracted {"postId":"175564817","phone":null,"href":"tel:"}
[2026-02-16 14:31:35] [AD] [INFO] Closing ad tab {"postId":"175564817"}
[2026-02-16 14:31:40] [AD] [INFO] Open ad (new tab) {"postId":"175564810","url":"https://haraj.com.sa/11175564810/%D8%AA%D8%B4%D9%84%D9%8A%D8%AD_%D9%83%D9%88%D8%B1%D9%88%D9%84%D8%A7_%D9%85%D9%88%D8%AF%D9%8A%D9%84_2003_%D8%AF%D8%A7%D8%AE%D9%84%D9%8A%D9%87_%D8%A8%D9%8A%D8%AC_%D9%81%D9%82%D8%B7_%D9%82%D8%B7%D8%B9_%D8%BA%D9%8A%D8%A7%D8%B1/"}
[2026-02-16 14:31:49] [AD] [INFO] Captured GraphQL posts {"postId":"175564810"}
[2026-02-16 14:31:50] [AD] [INFO] Captured GraphQL comments {"postId":"175564810"}
[2026-02-16 14:31:51] [AD] [INFO] Opening contact modal {"postId":"175564810"}
[2026-02-16 14:31:53] [AD] [INFO] Contact extracted {"postId":"175564810","phone":"+966540264929","href":"tel:+966540264929"}
[2026-02-16 14:31:53] [AD] [INFO] Closing ad tab {"postId":"175564810"}
[2026-02-16 14:31:56] [AD] [INFO] Open ad (new tab) {"postId":"175564804","url":"https://haraj.com.sa/11175564804/%D8%AF%D9%8A%D9%86%D8%A7_%D8%A7%D8%B3%D9%8A%D8%B2%D9%88_2022/"}
[2026-02-16 14:32:04] [AD] [WARN] Phone did not settle in time {"postId":"175564811"}
[2026-02-16 14:32:05] [AD] [INFO] Captured GraphQL posts {"postId":"175564804"}
[2026-02-16 14:32:05] [AD] [INFO] Captured GraphQL comments {"postId":"175564804"}
[2026-02-16 14:32:05] [AD] [INFO] Contact extracted {"postId":"175564811","phone":null,"href":"tel:"}
[2026-02-16 14:32:05] [AD] [INFO] Closing ad tab {"postId":"175564811"}
[2026-02-16 14:32:06] [AD] [INFO] Opening contact modal {"postId":"175564804"}
[2026-02-16 14:32:06] [AD] [INFO] Open ad (new tab) {"postId":"175564802","url":"https://haraj.com.sa/11175564802/%D8%AC%D9%8A%D8%A8_%D8%AC%D8%B1%D8%A7%D9%86%D8%AF_%D8%B4%D9%8A%D8%B1%D9%88%D9%83%D9%8A_%D9%84%D9%85%D9%8A%D8%AA%D9%8A%D8%AF_2023_%D8%A7%D9%82%D9%88%D9%89_%D8%B9%D8%B1%D9%88%D8%B6/"}
[2026-02-16 14:32:07] [AD] [INFO] Captured GraphQL posts {"postId":"85974552"}
[2026-02-16 14:32:10] [AD] [INFO] Contact extracted {"postId":"175564804","phone":"+966535677779","href":"tel:+966535677779"}
[2026-02-16 14:32:10] [AD] [INFO] Closing ad tab {"postId":"175564804"}
[2026-02-16 14:32:15] [AD] [INFO] Open ad (new tab) {"postId":"175564793","url":"https://haraj.com.sa/11175564793/%D8%AC%D9%85%D8%B3_%D8%B3%D9%8A%D9%8A%D8%B1%D8%A7_2013_%D9%84%D9%84%D8%A8%D9%8A%D8%B9_%D8%AA%D8%B5%D9%81%D9%8A%D8%A9_%D8%A8%D8%B3%D8%B9%D8%B1_%D9%85%D9%86%D8%A7%D8%B3%D8%A8/"}
[2026-02-16 14:32:21] [AD] [INFO] Captured GraphQL posts {"postId":"175564793"}
[2026-02-16 14:32:21] [AD] [INFO] Captured GraphQL comments {"postId":"85974552"}
[2026-02-16 14:32:22] [AD] [INFO] Captured GraphQL comments {"postId":"175564793"}
[2026-02-16 14:32:23] [AD] [INFO] Captured GraphQL posts {"postId":"175564802"}
[2026-02-16 14:32:23] [AD] [INFO] Opening contact modal {"postId":"175564793"}
[2026-02-16 14:32:23] [AD] [INFO] Captured GraphQL comments {"postId":"175564802"}
[2026-02-16 14:32:24] [AD] [INFO] Contact extracted {"postId":"175564793","phone":"+966545221218","href":"tel:+966545221218"}
[2026-02-16 14:32:24] [AD] [INFO] Closing ad tab {"postId":"175564793"}
[2026-02-16 14:32:25] [AD] [INFO] Opening contact modal {"postId":"175564802"}
[2026-02-16 14:32:27] [AD] [INFO] Opening contact modal {"postId":"85974552"}
[2026-02-16 14:32:27] [AD] [INFO] Open ad (new tab) {"postId":"175564791","url":"https://haraj.com.sa/11175564791/%D8%B7%D8%A7%D8%B1%D8%A9_%D8%A7%D9%84%D9%86%D8%AA%D8%B1%D8%A7_%D9%88_%D8%A7%D9%83%D8%B3%D9%86%D8%AA_%D8%A7%D8%AE%D8%AA_%D8%A7%D9%84%D8%AC%D8%AF%D9%8A%D8%AF/"}
[2026-02-16 14:32:36] [AD] [INFO] Captured GraphQL posts {"postId":"175564791"}
[2026-02-16 14:32:37] [AD] [INFO] Captured GraphQL comments {"postId":"175564791"}
[2026-02-16 14:32:37] [AD] [INFO] Opening contact modal {"postId":"175564791"}
[2026-02-16 14:32:39] [AD] [INFO] Contact extracted {"postId":"175564791","phone":"+966500947252","href":"tel:+966500947252"}
[2026-02-16 14:32:39] [AD] [INFO] Closing ad tab {"postId":"175564791"}
[2026-02-16 14:32:41] [AD] [INFO] Contact extracted {"postId":"175564802","phone":"+966554687265","href":"tel:+966554687265"}
[2026-02-16 14:32:41] [AD] [INFO] Closing ad tab {"postId":"175564802"}
[2026-02-16 14:32:41] [AD] [INFO] Open ad (new tab) {"postId":"175564789","url":"https://haraj.com.sa/11175564789/%D8%AA%D8%A7%D9%8A%D9%88%D8%AA%D8%A7/"}
[2026-02-16 14:32:41] [AD] [INFO] Contact extracted {"postId":"85974552","phone":"0000000000","href":"tel:"}
[2026-02-16 14:32:41] [AD] [INFO] Closing ad tab {"postId":"85974552"}
[2026-02-16 14:32:43] [AD] [INFO] Open ad (new tab) {"postId":"175564786","url":"https://haraj.com.sa/11175564786/%D8%AC%D9%8A%D8%AA%D9%88%D8%B1_%D8%A7%D9%83%D8%B3_50_%D9%8A%D8%B1%D9%8A%D9%85%D9%8A%D9%88%D9%85_%D9%85%D9%88%D8%AF%D9%8A%D9%84_2026_%D8%A7%D9%82%D9%84_%D8%B3%D8%B9%D8%B1/"}
[2026-02-16 14:32:43] [AD] [INFO] Open ad (new tab) {"postId":"175564784","url":"https://haraj.com.sa/11175564784/%D8%A8%D8%A7%D8%AA%D8%B1%D9%88%D9%84/"}
[2026-02-16 14:32:55] [AD] [INFO] Captured GraphQL posts {"postId":"175564784"}
[2026-02-16 14:32:56] [AD] [INFO] Captured GraphQL comments {"postId":"175564784"}
[2026-02-16 14:32:58] [AD] [INFO] Opening contact modal {"postId":"175564784"}
[2026-02-16 14:33:00] [AD] [INFO] Contact extracted {"postId":"175564784","phone":"+966555690995","href":"tel:+966555690995"}
[2026-02-16 14:33:01] [AD] [INFO] Closing ad tab {"postId":"175564784"}
[2026-02-16 14:33:03] [AD] [INFO] Open ad (new tab) {"postId":"175564779","url":"https://haraj.com.sa/11175564779/%D9%81%D9%88%D8%B1%D8%AA%D8%B4%D9%86%D8%B1_2025_GX2_%D8%B3%D8%AA%D8%A7%D9%86%D8%AF%D8%B1_%D8%AF%D8%A8%D9%84/"}
[2026-02-16 14:33:09] [AD] [INFO] Captured GraphQL posts {"postId":"175564779"}
[2026-02-16 14:33:10] [AD] [INFO] Captured GraphQL comments {"postId":"175564779"}
[2026-02-16 14:33:11] [AD] [INFO] Opening contact modal {"postId":"175564779"}
[2026-02-16 14:33:13] [AD] [INFO] Contact extracted {"postId":"175564779","phone":"+966544427840","href":"tel:+966544427840"}
[2026-02-16 14:33:13] [AD] [INFO] Closing ad tab {"postId":"175564779"}
[2026-02-16 14:33:16] [AD] [INFO] Captured GraphQL posts {"postId":"175564789"}
[2026-02-16 14:33:17] [AD] [INFO] Open ad (new tab) {"postId":"175564776","url":"https://haraj.com.sa/11175564776/GAC_GS3_GS_2023/"}
[2026-02-16 14:33:17] [AD] [INFO] Captured GraphQL posts {"postId":"175564786"}
[2026-02-16 14:33:23] [AD] [INFO] Captured GraphQL posts {"postId":"175564776"}
[2026-02-16 14:33:24] [AD] [INFO] Captured GraphQL comments {"postId":"175564776"}
[2026-02-16 14:33:24] [AD] [INFO] Captured GraphQL comments {"postId":"175564786"}
[2026-02-16 14:33:25] [AD] [INFO] Captured GraphQL comments {"postId":"175564789"}
[2026-02-16 14:33:25] [AD] [INFO] Opening contact modal {"postId":"175564776"}
[2026-02-16 14:33:26] [AD] [INFO] Contact extracted {"postId":"175564776","phone":"0112604720","href":"tel:0112604720"}
[2026-02-16 14:33:26] [AD] [INFO] Closing ad tab {"postId":"175564776"}
[2026-02-16 14:33:27] [AD] [INFO] Opening contact modal {"postId":"175564789"}
[2026-02-16 14:33:27] [AD] [INFO] Opening contact modal {"postId":"175564786"}
[2026-02-16 14:33:28] [AD] [INFO] Open ad (new tab) {"postId":"175564774","url":"https://haraj.com.sa/11175564774/%D8%B3%D8%B7%D8%AD%D8%A9_%D8%AD%D9%81%D8%B1_%D8%A7%D9%84%D8%A8%D8%A7%D8%B7%D9%86_%D8%A7%D9%84%D8%AE%D9%81%D8%AC%D9%8A_%D8%A7%D9%84%D8%AF%D9%85%D8%A7%D9%85_%D8%A7%D9%84%D8%A3%D8%AD%D8%B3%D8%A7%D8%A1_%D8%A7%D9%84%D8%AC%D8%A8%D9%8A%D9%84_%D8%A7%D9%84%D8%AE%D8%B1%D8%AC_%D8%A7%D9%84%D8%B1%D9%8A%D8%A7%D8%B6/"}
[2026-02-16 14:33:29] [AD] [INFO] Contact extracted {"postId":"175564786","phone":"+966548160910","href":"tel:+966548160910"}
[2026-02-16 14:33:29] [AD] [INFO] Closing ad tab {"postId":"175564786"}
[2026-02-16 14:33:30] [AD] [INFO] Contact extracted {"postId":"175564789","phone":"+966531584811","href":"tel:+966531584811"}
[2026-02-16 14:33:30] [AD] [INFO] Closing ad tab {"postId":"175564789"}
[2026-02-16 14:33:37] [AD] [INFO] Open ad (new tab) {"postId":"175564766","url":"https://haraj.com.sa/11175564766/%D8%AD%D8%B3%D9%8A%D9%84/"}
[2026-02-16 14:33:44] [AD] [INFO] Captured GraphQL posts {"postId":"175564766"}
[2026-02-16 14:33:45] [AD] [INFO] Captured GraphQL comments {"postId":"175564766"}
[2026-02-16 14:33:45] [AD] [INFO] Opening contact modal {"postId":"175564766"}
[2026-02-16 14:33:48] [AD] [INFO] Contact extracted {"postId":"175564766","phone":"+966506754623","href":"tel:+966506754623"}
[2026-02-16 14:33:48] [AD] [INFO] Closing ad tab {"postId":"175564766"}
[2026-02-16 14:34:00] [AD] [INFO] Captured GraphQL posts {"postId":"175564774"}
[2026-02-16 14:34:01] [AD] [INFO] Captured GraphQL comments {"postId":"175564774"}
[2026-02-16 14:34:02] [AD] [INFO] Opening contact modal {"postId":"175564774"}
[2026-02-16 14:34:04] [AD] [INFO] Contact extracted {"postId":"175564774","phone":"+966506184509","href":"tel:+966506184509"}
[2026-02-16 14:34:04] [AD] [INFO] Closing ad tab {"postId":"175564774"}
[2026-02-16 15:10:27] [AD] [INFO] Open ad (new tab) {"postId":"11175567354","url":"https://haraj.com.sa/11175567354/%D9%85%D9%83%D9%8A%D9%86%D8%A9_%D9%85%D9%83%D8%A7%D9%8A%D9%86_%D8%AC%D9%8A%D8%A8_%D9%84%D9%83%D8%B2%D8%B3_570_LX%D8%B6%D9%85%D8%A7%D9%86_%D8%B3%D9%86%D9%87/"}
[2026-02-16 15:10:27] [AD] [INFO] Open ad (new tab) {"postId":"11175567353","url":"https://haraj.com.sa/11175567353/%D9%84%D9%84%D8%A8%D9%8A%D8%B9_%D8%AA%D9%88%D8%B3%D8%A7%D9%86_2023_%D9%85%D9%83%D9%8A%D9%86%D9%87_1_6_%D8%B4%D8%A8%D9%87_%D8%AC%D8%AF%D9%8A%D8%AF_%D9%88%D8%A7%D8%B1%D8%AF_%D8%A7%D9%84%D9%88%D8%B9%D9%84%D8%A7%D9%86/"}
[2026-02-16 15:10:28] [AD] [INFO] Open ad (new tab) {"postId":"11175567358","url":"https://haraj.com.sa/11175567358/%D8%A8%D9%88%D8%A8%D9%83%D8%A7%D8%AA_%D9%83%D8%AA%D8%B1%D8%A8%D9%84%D8%B1_%D9%84%D9%84%D8%A8%D9%8A%D8%B9/"}
[2026-02-16 15:10:31] [AD] [INFO] Captured GraphQL posts {"postId":"11175567358"}
[2026-02-16 15:10:31] [AD] [INFO] Captured GraphQL posts {"postId":"11175567354"}
[2026-02-16 15:10:31] [AD] [INFO] Captured GraphQL comments {"postId":"11175567358"}
[2026-02-16 15:10:32] [AD] [INFO] Captured GraphQL comments {"postId":"11175567354"}
[2026-02-16 15:10:32] [AD] [INFO] Captured GraphQL posts {"postId":"11175567353"}
[2026-02-16 15:10:32] [AD] [INFO] Captured GraphQL comments {"postId":"11175567353"}
[2026-02-16 15:10:33] [AD] [INFO] Opening contact modal {"postId":"11175567358"}
[2026-02-16 15:10:33] [AD] [INFO] Opening contact modal {"postId":"11175567354"}
[2026-02-16 15:10:33] [AD] [INFO] Contact extracted {"postId":"11175567358","phone":"+966538003539","href":"tel:+966538003539"}
[2026-02-16 15:10:33] [AD] [INFO] Opening contact modal {"postId":"11175567353"}
[2026-02-16 15:10:33] [AD] [INFO] Closing ad tab {"postId":"11175567358"}
[2026-02-16 15:10:36] [AD] [INFO] Contact extracted {"postId":"11175567353","phone":"+966505294162","href":"tel:+966505294162"}
[2026-02-16 15:10:36] [AD] [INFO] Closing ad tab {"postId":"11175567353"}
[2026-02-16 15:10:36] [AD] [INFO] Contact extracted {"postId":"11175567354","phone":"+966507589987","href":"tel:+966507589987"}
[2026-02-16 15:10:36] [AD] [INFO] Closing ad tab {"postId":"11175567354"}
[2026-02-16 15:10:37] [AD] [INFO] Open ad (new tab) {"postId":"11175567351","url":"https://haraj.com.sa/11175567351/%D8%AA%D9%88%D9%8A%D9%88%D8%AA%D8%A7_%D9%81%D9%8A%D9%84%D9%88%D8%B2_GLX_%D8%A7%D8%B5%D9%81%D8%A7%D8%B1_%D8%B3%D8%B9%D9%88%D8%AF%D9%8A_2025/"}
[2026-02-16 15:10:39] [AD] [INFO] Captured GraphQL posts {"postId":"11175567351"}
[2026-02-16 15:10:40] [AD] [INFO] Captured GraphQL comments {"postId":"11175567351"}
[2026-02-16 15:10:40] [AD] [INFO] Opening contact modal {"postId":"11175567351"}
[2026-02-16 15:10:41] [AD] [INFO] Open ad (new tab) {"postId":"11175567350","url":"https://haraj.com.sa/11175567350/%D9%85%D8%B3%D8%A7%D8%B9%D8%AF%D9%81%D9%8A%D8%A7%D8%AC%D8%B1%D8%A7_%D9%87%D8%AF%D9%88%D9%84%D9%8A%D9%83_2001_%D9%84%D9%84%D8%A8%D9%8A%D8%B9_%D9%86%D8%B8%D9%8A%D9%81%D8%A7%D8%AA/"}
[2026-02-16 15:10:42] [AD] [INFO] Contact extracted {"postId":"11175567351","phone":"+966539111447","href":"tel:+966539111447"}
[2026-02-16 15:10:42] [AD] [INFO] Closing ad tab {"postId":"11175567351"}
[2026-02-16 15:10:43] [AD] [INFO] Captured GraphQL posts {"postId":"11175567350"}
[2026-02-16 15:10:43] [AD] [INFO] Captured GraphQL comments {"postId":"11175567350"}
[2026-02-16 15:10:44] [AD] [INFO] Open ad (new tab) {"postId":"11175567349","url":"https://haraj.com.sa/11175567349/%D9%84%D9%88%D8%AD%D8%A9_%D9%85%D9%85%D9%8A%D8%B2%D8%A9_%D8%A8%D8%B1%D9%82%D9%85_12_%D9%86%D9%82%D9%84_%D8%AE%D8%A7%D8%B5/"}
[2026-02-16 15:10:44] [AD] [INFO] Opening contact modal {"postId":"11175567350"}
[2026-02-16 15:10:46] [AD] [INFO] Open ad (new tab) {"postId":"11175567348","url":"https://haraj.com.sa/11175567348/%D8%AF%D8%A8%D8%A7%D8%A8_%D8%B3%D9%88%D8%B2%D9%88%D9%83%D9%8A_%D9%83%D8%A7%D8%B1%D9%8A_2024/"}
[2026-02-16 15:10:46] [AD] [INFO] Contact extracted {"postId":"11175567350","phone":"+966501755962","href":"tel:+966501755962"}
[2026-02-16 15:10:46] [AD] [INFO] Closing ad tab {"postId":"11175567350"}
[2026-02-16 15:10:49] [AD] [INFO] Captured GraphQL posts {"postId":"11175567349"}
[2026-02-16 15:10:50] [AD] [INFO] Captured GraphQL comments {"postId":"11175567349"}
[2026-02-16 15:10:50] [AD] [INFO] Captured GraphQL posts {"postId":"11175567348"}
[2026-02-16 15:10:50] [AD] [INFO] Captured GraphQL comments {"postId":"11175567348"}
[2026-02-16 15:10:51] [AD] [INFO] Opening contact modal {"postId":"11175567349"}
[2026-02-16 15:10:51] [AD] [INFO] Open ad (new tab) {"postId":"11175567342","url":"https://haraj.com.sa/11175567342/%D9%85%D9%83%D9%8A%D9%86%D8%A9_%D9%85%D9%83%D8%A7%D9%8A%D9%86_%D8%A8%D8%B1%D8%AF%D9%88%D8%A7_%D9%81%D9%88%D8%B1%D8%B4%D9%86%D8%B1%D8%A7_%D8%AA%D9%88%D9%8A%D9%88%D8%AA%D8%A7/"}
[2026-02-16 15:10:51] [AD] [INFO] Opening contact modal {"postId":"11175567348"}
[2026-02-16 15:10:53] [AD] [INFO] Captured GraphQL posts {"postId":"11175567342"}
[2026-02-16 15:10:53] [AD] [INFO] Captured GraphQL comments {"postId":"11175567342"}
[2026-02-16 15:10:54] [AD] [INFO] Contact extracted {"postId":"11175567349","phone":"+966541247083","href":"tel:+966541247083"}
[2026-02-16 15:10:54] [AD] [INFO] Closing ad tab {"postId":"11175567349"}
[2026-02-16 15:10:54] [AD] [INFO] Contact extracted {"postId":"11175567348","phone":"+966503321180","href":"tel:+966503321180"}
[2026-02-16 15:10:54] [AD] [INFO] Closing ad tab {"postId":"11175567348"}
[2026-02-16 15:10:55] [AD] [INFO] Opening contact modal {"postId":"11175567342"}
[2026-02-16 15:10:56] [AD] [INFO] Contact extracted {"postId":"11175567342","phone":"+966500677885","href":"tel:+966500677885"}
[2026-02-16 15:10:56] [AD] [INFO] Closing ad tab {"postId":"11175567342"}
[2026-02-16 15:10:58] [AD] [INFO] Open ad (new tab) {"postId":"11175567339","url":"https://haraj.com.sa/11175567339/%D9%85%D8%AD%D9%81%D8%B8%D9%87_%D9%82%D8%B1%D8%A7%D9%86_%D9%83%D8%B1%D9%8A%D9%85_%D8%A7%D9%88%D9%86%D9%84%D8%A7%D9%8A%D9%86_%D9%85%D8%AC%D9%88%D8%AF_%D9%84%D9%84%D8%A3%D8%B7%D9%81%D8%A7%D9%84_%D8%AD%D9%81%D8%B8_%D8%AA%D8%A7%D9%85_%D8%AF%D8%A7%D8%AE%D9%84_%D8%A7%D9%84%D8%AD%D9%84%D9%82%D9%87_%D8%AF%D9%88%D9%86/"}
[2026-02-16 15:10:58] [AD] [INFO] Open ad (new tab) {"postId":"11175567341","url":"https://haraj.com.sa/11175567341/%D9%8A%D8%A7%D8%B1%D8%B32023/"}
[2026-02-16 15:11:00] [AD] [INFO] Open ad (new tab) {"postId":"11175567330","url":"https://haraj.com.sa/11175567330/%D8%AF%D8%A8%D8%A7%D8%AA_%D8%A8%D9%8A%D8%A6%D8%A9_%D8%AA%D8%B4%D8%A7%D8%B1%D8%AC%D8%B1_2015_%D9%88%D9%83%D8%A7%D9%84%D9%87/"}
[2026-02-16 15:11:01] [AD] [INFO] Captured GraphQL posts {"postId":"11175567341"}
[2026-02-16 15:11:02] [AD] [INFO] Captured GraphQL posts {"postId":"11175567339"}
[2026-02-16 15:11:02] [AD] [INFO] Captured GraphQL comments {"postId":"11175567341"}
[2026-02-16 15:11:03] [AD] [INFO] Opening contact modal {"postId":"11175567341"}
[2026-02-16 15:11:03] [AD] [INFO] Captured GraphQL comments {"postId":"11175567339"}
[2026-02-16 15:11:04] [AD] [INFO] Captured GraphQL posts {"postId":"11175567330"}
[2026-02-16 15:11:04] [AD] [INFO] Captured GraphQL comments {"postId":"11175567330"}
[2026-02-16 15:11:05] [AD] [INFO] Opening contact modal {"postId":"11175567339"}
[2026-02-16 15:11:05] [AD] [INFO] Opening contact modal {"postId":"11175567330"}
[2026-02-16 15:11:11] [AD] [INFO] Contact extracted {"postId":"11175567341","phone":"+966542004894","href":"tel:+966542004894"}
[2026-02-16 15:11:12] [AD] [INFO] Closing ad tab {"postId":"11175567341"}
[2026-02-16 15:11:16] [AD] [INFO] Open ad (new tab) {"postId":"11175567327","url":"https://haraj.com.sa/11175567327/%D9%81%D9%88%D8%B1%D8%AF_%D8%B1%D9%8A%D9%86%D8%AC%D8%B1_2011/"}
[2026-02-16 15:11:20] [AD] [INFO] Captured GraphQL posts {"postId":"11175567327"}
[2026-02-16 15:11:22] [AD] [INFO] Captured GraphQL comments {"postId":"11175567327"}
[2026-02-16 15:11:23] [AD] [INFO] Opening contact modal {"postId":"11175567327"}
[2026-02-16 15:11:24] [AD] [INFO] Contact extracted {"postId":"11175567327","phone":"+966563703027","href":"tel:+966563703027"}
[2026-02-16 15:11:24] [AD] [INFO] Closing ad tab {"postId":"11175567327"}
[2026-02-16 15:11:30] [AD] [INFO] Open ad (new tab) {"postId":"11175567325","url":"https://haraj.com.sa/11175567325/%D9%85%D9%83%D9%8A%D9%86%D8%A9_%D9%83%D8%A7%D9%85%D8%B1%D9%8A_%D8%A3%D9%81%D8%A7%D9%84%D9%88%D9%86_%D9%84%D9%83%D8%B2%D8%B3_350_%D8%AA%D9%88%D9%8A%D9%88%D8%AA%D8%A7/"}
[2026-02-16 15:11:32] [AD] [INFO] Captured GraphQL posts {"postId":"11175567325"}
[2026-02-16 15:11:33] [AD] [INFO] Captured GraphQL comments {"postId":"11175567325"}
[2026-02-16 15:11:34] [AD] [INFO] Opening contact modal {"postId":"11175567325"}
[2026-02-16 15:11:35] [AD] [INFO] Contact extracted {"postId":"11175567325","phone":"+966504422586","href":"tel:+966504422586"}
[2026-02-16 15:11:35] [AD] [INFO] Closing ad tab {"postId":"11175567325"}
[2026-02-16 15:12:07] [AD] [WARN] Phone did not settle in time {"postId":"11175567330"}
[2026-02-16 15:12:07] [AD] [INFO] Contact extracted {"postId":"11175567330","phone":null,"href":"tel:"}
[2026-02-16 15:12:07] [AD] [INFO] Closing ad tab {"postId":"11175567330"}
[2026-02-16 15:12:13] [AD] [WARN] Phone did not settle in time {"postId":"11175567339"}
[2026-02-16 15:12:13] [AD] [INFO] Contact extracted {"postId":"11175567339","phone":null,"href":"tel:"}
[2026-02-16 15:12:13] [AD] [INFO] Closing ad tab {"postId":"11175567339"}
[2026-02-16 15:12:34] [AD] [INFO] Open ad (new tab) {"postId":"11175567474","url":"https://haraj.com.sa/11175567474/%D9%84%D9%84%D8%A8%D9%8A%D8%B9_MG_5_%D9%85%D9%88%D8%AF%D9%8A%D9%84_2023_%D8%B9%D8%AF%D8%A7%D8%AF_19_%D8%A7%D9%84%D9%81_%D9%83%D9%8A%D9%84%D9%88_%D8%B9%D9%84%D9%89_%D8%A7%D9%84%D8%B6%D9%85%D8%A7%D9%86/"}
[2026-02-16 15:12:35] [AD] [INFO] Open ad (new tab) {"postId":"11175567471","url":"https://haraj.com.sa/11175567471/%D8%B9%D8%A7%D9%8A%D8%B2_%D8%B3%D9%8A%D8%A7%D8%B1%D9%87_%D9%81%D9%8A_%D8%AD%D8%AF%D9%88%D8%AF_20_%D8%A7%D9%84%D9%81_%D9%85%D9%82%D8%AF%D9%85_5_%D9%88%D8%A7%D9%84%D8%A8%D8%A7%D9%82%D9%8A_%D9%82%D8%B3%D8%B7/"}
[2026-02-16 15:12:35] [AD] [INFO] Open ad (new tab) {"postId":"11175567478","url":"https://haraj.com.sa/11175567478/%D8%AC%D9%8A%D8%A8_%D8%B1%D8%A7%D9%86%D8%AC%D9%84%D8%B1_2018_%D9%85%D8%B3%D8%AA%D8%AE%D8%AF%D9%85/"}
[2026-02-16 15:12:43] [AD] [INFO] Captured GraphQL posts {"postId":"11175567478"}
[2026-02-16 15:12:43] [AD] [INFO] Captured GraphQL comments {"postId":"11175567478"}
[2026-02-16 15:12:44] [AD] [INFO] Opening contact modal {"postId":"11175567478"}
[2026-02-16 15:12:46] [AD] [INFO] Contact extracted {"postId":"11175567478","phone":"+966549666332","href":"tel:+966549666332"}
[2026-02-16 15:12:46] [AD] [INFO] Closing ad tab {"postId":"11175567478"}
[2026-02-16 15:12:50] [AD] [INFO] Open ad (new tab) {"postId":"11175567461","url":"https://haraj.com.sa/11175567461/%D8%AA%D9%88%D9%8A%D9%88%D8%AA%D8%A7_%D8%A8%D8%B1%D8%A7%D8%AF%D9%88_TXL%D9%85%D9%88%D8%AF%D9%8A%D9%84_2015_%D8%B9%D8%AF%D8%A7%D8%AF_108_%D8%A7%D9%84%D9%81/"}
[2026-02-16 15:12:50] [AD] [INFO] Captured GraphQL posts {"postId":"11175567471"}
[2026-02-16 15:12:51] [AD] [INFO] Captured GraphQL comments {"postId":"11175567471"}
[2026-02-16 15:12:51] [AD] [INFO] Captured GraphQL posts {"postId":"11175567474"}
[2026-02-16 15:12:52] [AD] [INFO] Opening contact modal {"postId":"11175567471"}
[2026-02-16 15:12:52] [AD] [INFO] Captured GraphQL comments {"postId":"11175567474"}
[2026-02-16 15:12:59] [AD] [INFO] Captured GraphQL posts {"postId":"11175567461"}
[2026-02-16 15:12:59] [AD] [INFO] Captured GraphQL comments {"postId":"11175567461"}
[2026-02-16 15:13:01] [AD] [INFO] Opening contact modal {"postId":"11175567461"}
[2026-02-16 15:13:02] [AD] [INFO] Opening contact modal {"postId":"11175567474"}
[2026-02-16 15:13:03] [AD] [INFO] Contact extracted {"postId":"11175567461","phone":"+966555435802","href":"tel:+966555435802"}
[2026-02-16 15:13:03] [AD] [INFO] Closing ad tab {"postId":"11175567461"}
[2026-02-16 15:13:03] [AD] [INFO] Contact extracted {"postId":"11175567471","phone":"+966545861896","href":"tel:+966545861896"}
[2026-02-16 15:13:03] [AD] [INFO] Closing ad tab {"postId":"11175567471"}
[2026-02-16 15:13:06] [AD] [INFO] Contact extracted {"postId":"11175567474","phone":"+966553369610","href":"tel:+966553369610"}
[2026-02-16 15:13:06] [AD] [INFO] Closing ad tab {"postId":"11175567474"}
[2026-02-16 15:13:06] [AD] [INFO] Open ad (new tab) {"postId":"11175567450","url":"https://haraj.com.sa/11175567450/%D9%83%D9%88%D8%B1%D9%84%D8%A7_2021_%D9%84%D9%84%D8%AA%D9%86%D8%A7%D8%B2%D9%84/"}
[2026-02-16 15:13:07] [AD] [INFO] Open ad (new tab) {"postId":"11175567458","url":"https://haraj.com.sa/11175567458/%D8%B3%D9%8A%D8%B1_%D9%85%D9%83%D9%8A%D9%86%D8%A9_%D9%85%D8%B1%D8%B3%D9%8A%D8%AF%D8%B3_300_w124_%D8%A3%D8%B5%D9%84%D9%8A_%D9%83%D9%88%D9%86%D8%AA%D9%86%D8%AA%D8%A7%D9%84/"}
[2026-02-16 15:13:10] [AD] [INFO] Open ad (new tab) {"postId":"11175567443","url":"https://haraj.com.sa/11175567443/%D9%83%D8%B1%D8%B3%D9%8A%D8%AF%D8%A7_gl_%D9%85%D9%88%D8%AF%D9%8A%D9%84_1992_%D9%84%D9%88%D8%AD%D8%A9_%D8%A8_%D8%A8_%D8%A8/"}
[2026-02-16 15:13:16] [AD] [INFO] Captured GraphQL posts {"postId":"11175567443"}
[2026-02-16 15:13:17] [AD] [INFO] Captured GraphQL comments {"postId":"11175567443"}
[2026-02-16 15:13:17] [AD] [INFO] Captured GraphQL posts {"postId":"11175567458"}
[2026-02-16 15:13:18] [AD] [INFO] Opening contact modal {"postId":"11175567443"}
[2026-02-16 15:13:20] [AD] [INFO] Captured GraphQL posts {"postId":"11175567450"}
[2026-02-16 15:13:20] [AD] [INFO] Captured GraphQL comments {"postId":"11175567458"}
[2026-02-16 15:13:20] [AD] [INFO] Captured GraphQL comments {"postId":"11175567450"}
[2026-02-16 15:13:21] [AD] [INFO] Opening contact modal {"postId":"11175567458"}
[2026-02-16 15:13:21] [AD] [INFO] Opening contact modal {"postId":"11175567450"}
[2026-02-16 15:13:25] [AD] [INFO] Contact extracted {"postId":"11175567458","phone":"+966532917775","href":"tel:+966532917775"}
[2026-02-16 15:13:25] [AD] [INFO] Closing ad tab {"postId":"11175567458"}
[2026-02-16 15:13:28] [AD] [INFO] Open ad (new tab) {"postId":"11175567440","url":"https://haraj.com.sa/11175567440/%D8%B4%D9%85%D8%B9%D8%A7%D8%AA_%D9%85%D8%B3%D8%AA%D8%AE%D8%AF%D9%85%D8%A9_%D9%86%D8%B8%D9%8A%D9%81%D8%A9_%D8%AC%D8%AF%D8%A7_%D9%85%D8%AA%D9%88%D9%81%D8%B1%D8%A9_%D8%A7%D9%84%D8%A2%D9%86/"}
[2026-02-16 15:13:34] [AD] [INFO] Captured GraphQL posts {"postId":"11175567440"}
[2026-02-16 15:13:34] [AD] [INFO] Captured GraphQL comments {"postId":"11175567440"}
[2026-02-16 15:13:35] [AD] [INFO] Opening contact modal {"postId":"11175567440"}
[2026-02-16 15:13:36] [AD] [INFO] Contact extracted {"postId":"11175567440","phone":"+966503275579","href":"tel:+966503275579"}
[2026-02-16 15:13:36] [AD] [INFO] Closing ad tab {"postId":"11175567440"}
[2026-02-16 15:13:40] [AD] [INFO] Open ad (new tab) {"postId":"11175567439","url":"https://haraj.com.sa/11175567439/%D9%85%D9%88%D8%AC%D9%88%D8%AF_%D8%AC%D9%86%D9%88%D8%B7_%D8%A7%D9%83%D9%88%D8%B1%D8%AF_%D9%85%D9%82%D8%A7%D8%B3_17/"}
[2026-02-16 15:13:45] [AD] [INFO] Captured GraphQL posts {"postId":"11175567439"}
[2026-02-16 15:13:46] [AD] [INFO] Captured GraphQL comments {"postId":"11175567439"}
[2026-02-16 15:13:47] [AD] [INFO] Opening contact modal {"postId":"11175567439"}
[2026-02-16 15:13:48] [AD] [INFO] Contact extracted {"postId":"11175567439","phone":"+966550728514","href":"tel:+966550728514"}
[2026-02-16 15:13:48] [AD] [INFO] Closing ad tab {"postId":"11175567439"}
[2026-02-16 15:13:51] [AD] [INFO] Open ad (new tab) {"postId":"11175567437","url":"https://haraj.com.sa/11175567437/Hyundai_accent_2021/"}
[2026-02-16 15:13:57] [AD] [INFO] Captured GraphQL posts {"postId":"11175567437"}
[2026-02-16 15:13:57] [AD] [INFO] Captured GraphQL comments {"postId":"11175567437"}
[2026-02-16 15:13:58] [AD] [INFO] Opening contact modal {"postId":"11175567437"}
[2026-02-16 15:14:00] [AD] [INFO] Contact extracted {"postId":"11175567437","phone":"+966542740298","href":"tel:+966542740298"}
[2026-02-16 15:14:00] [AD] [INFO] Closing ad tab {"postId":"11175567437"}
[2026-02-16 15:14:03] [AD] [INFO] Open ad (new tab) {"postId":"11175567434","url":"https://haraj.com.sa/11175567434/%D9%8A%D8%A7%D9%8A%D8%A7%D8%AA_%D8%A7%D9%84%D9%88%D9%83%D8%A7%D9%84%D9%87_%D9%85%D8%B9_%D8%B7%D9%82%D9%85_%D9%85%D8%B3%D8%A7%D8%B9%D8%AF%D8%A7%D8%AA_%D8%AC%D9%85%D8%B3_%D8%B3%D9%8A%D9%8A%D8%B1%D8%A7_2018/"}
[2026-02-16 15:14:08] [AD] [INFO] Captured GraphQL posts {"postId":"11175567434"}
[2026-02-16 15:14:09] [AD] [INFO] Captured GraphQL comments {"postId":"11175567434"}
[2026-02-16 15:14:10] [AD] [INFO] Opening contact modal {"postId":"11175567434"}
[2026-02-16 15:14:11] [AD] [INFO] Contact extracted {"postId":"11175567434","phone":"+966592118046","href":"tel:+966592118046"}
[2026-02-16 15:14:11] [AD] [INFO] Closing ad tab {"postId":"11175567434"}
[2026-02-16 15:14:14] [AD] [INFO] Open ad (new tab) {"postId":"11175567431","url":"https://haraj.com.sa/11175567431/%D8%B3%D9%88%D8%B2%D9%88%D9%83%D9%89_%D8%A7%D8%B1%D8%AA%D9%8A%D8%AC%D8%A7_%D8%B3%D8%AA%D8%A7%D9%86%D8%AF%D8%B1_%D9%88%D9%81%D9%84_2025/"}
[2026-02-16 15:14:19] [AD] [INFO] Captured GraphQL posts {"postId":"11175567431"}
[2026-02-16 15:14:20] [AD] [INFO] Captured GraphQL comments {"postId":"11175567431"}
[2026-02-16 15:14:20] [AD] [WARN] Phone did not settle in time {"postId":"11175567443"}
[2026-02-16 15:14:20] [AD] [INFO] Contact extracted {"postId":"11175567443","phone":null,"href":"tel:"}
[2026-02-16 15:14:20] [AD] [INFO] Closing ad tab {"postId":"11175567443"}
[2026-02-16 15:14:21] [AD] [INFO] Opening contact modal {"postId":"11175567431"}
[2026-02-16 15:14:22] [AD] [INFO] Contact extracted {"postId":"11175567431","phone":"+966570997196","href":"tel:+966570997196"}
[2026-02-16 15:14:22] [AD] [INFO] Closing ad tab {"postId":"11175567431"}
[2026-02-16 15:14:22] [AD] [INFO] Open ad (new tab) {"postId":"11175567425","url":"https://haraj.com.sa/11175567425/%D8%A8%D8%B1%D8%A7%D8%AF%D9%88_2007_%D8%A7%D8%AA%D9%88%D9%85%D8%A7%D8%AA%D9%8A%D9%83_4_%D8%B3%D9%84%D9%86%D8%AF%D8%B1/"}
[2026-02-16 15:14:26] [AD] [WARN] Phone did not settle in time {"postId":"11175567450"}
[2026-02-16 15:14:26] [AD] [INFO] Contact extracted {"postId":"11175567450","phone":null,"href":"tel:"}
[2026-02-16 15:14:26] [AD] [INFO] Closing ad tab {"postId":"11175567450"}
[2026-02-16 15:14:26] [AD] [INFO] Open ad (new tab) {"postId":"11175567423","url":"https://haraj.com.sa/11175567423/%D8%AF%D8%A8%D9%87/"}
[2026-02-16 15:14:29] [AD] [INFO] Open ad (new tab) {"postId":"11175567421","url":"https://haraj.com.sa/11175567421/%D8%B1%D9%8A%D9%86%D9%88_%D9%81%D9%84%D9%88%D9%86%D8%B3/"}
[2026-02-16 15:14:34] [AD] [INFO] Captured GraphQL posts {"postId":"11175567421"}
[2026-02-16 15:14:34] [AD] [INFO] Captured GraphQL comments {"postId":"11175567421"}
[2026-02-16 15:14:35] [AD] [INFO] Opening contact modal {"postId":"11175567421"}
[2026-02-16 15:14:36] [AD] [INFO] Captured GraphQL posts {"postId":"11175567425"}
[2026-02-16 15:14:37] [AD] [INFO] Captured GraphQL posts {"postId":"11175567423"}
[2026-02-16 15:14:37] [AD] [INFO] Contact extracted {"postId":"11175567421","phone":"+966553284527","href":"tel:+966553284527"}
[2026-02-16 15:14:37] [AD] [INFO] Closing ad tab {"postId":"11175567421"}
[2026-02-16 15:14:37] [AD] [INFO] Captured GraphQL comments {"postId":"11175567425"}
[2026-02-16 15:14:37] [AD] [INFO] Captured GraphQL comments {"postId":"11175567423"}
[2026-02-16 15:14:38] [AD] [INFO] Opening contact modal {"postId":"11175567425"}
[2026-02-16 15:14:38] [AD] [INFO] Opening contact modal {"postId":"11175567423"}
[2026-02-16 15:14:39] [AD] [INFO] Open ad (new tab) {"postId":"11175567418","url":"https://haraj.com.sa/11175567418/%D8%A7%D9%83%D8%B3%D9%86%D8%AA_21/"}
[2026-02-16 15:14:39] [AD] [INFO] Contact extracted {"postId":"11175567423","phone":"+966533510025","href":"tel:+966533510025"}
[2026-02-16 15:14:39] [AD] [INFO] Closing ad tab {"postId":"11175567423"}
[2026-02-16 15:14:40] [AD] [INFO] Contact extracted {"postId":"11175567425","phone":"+966550828295","href":"tel:+966550828295"}
[2026-02-16 15:14:40] [AD] [INFO] Closing ad tab {"postId":"11175567425"}
[2026-02-16 15:14:42] [AD] [INFO] Captured GraphQL posts {"postId":"11175567418"}
[2026-02-16 15:14:42] [AD] [INFO] Open ad (new tab) {"postId":"11175567413","url":"https://haraj.com.sa/11175567413/%D9%87%D9%8A%D9%88%D9%86%D8%AF%D8%A7%D9%8A_%D8%A7%D9%83%D8%B3%D9%86%D8%AA_%D9%81%D9%84%D9%8A%D8%AA_2026_%D8%A7%D8%B3%D8%B9%D8%A7%D8%B1_%D8%BA%D9%8A%D8%B1_%D9%82%D8%A7%D8%A8%D9%84%D8%A9_%D9%84%D9%84%D8%AA%D9%86%D8%A7%D9%81%D8%B3/"}
[2026-02-16 15:14:42] [AD] [INFO] Captured GraphQL comments {"postId":"11175567418"}
[2026-02-16 15:14:44] [AD] [INFO] Open ad (new tab) {"postId":"11175567405","url":"https://haraj.com.sa/11175567405/%D8%A3%D8%B3%D9%88%D8%AF_%D8%A7%D8%B3%D8%AA%D8%A7%D9%86%D8%AF%D8%B1_%D8%A3%D9%82%D9%84_%D8%B3%D8%B9%D8%B1_107500%D8%B3%D8%B9%D9%88%D8%AF%D9%8A_%D8%A8%D9%86%D8%B2%D9%8A%D9%86_/"}
[2026-02-16 15:14:44] [AD] [INFO] Opening contact modal {"postId":"11175567418"}
[2026-02-16 15:14:45] [AD] [INFO] Captured GraphQL posts {"postId":"11175567413"}
[2026-02-16 15:14:45] [AD] [INFO] Captured GraphQL comments {"postId":"11175567413"}
[2026-02-16 15:14:45] [AD] [INFO] Contact extracted {"postId":"11175567418","phone":"+966575517638","href":"tel:+966575517638"}
[2026-02-16 15:14:45] [AD] [INFO] Closing ad tab {"postId":"11175567418"}
[2026-02-16 15:14:47] [AD] [INFO] Opening contact modal {"postId":"11175567413"}
[2026-02-16 15:14:47] [AD] [INFO] Captured GraphQL posts {"postId":"11175567405"}
[2026-02-16 15:14:47] [AD] [INFO] Captured GraphQL comments {"postId":"11175567405"}
[2026-02-16 15:14:49] [AD] [INFO] Contact extracted {"postId":"11175567413","phone":"+966544004219","href":"tel:+966544004219"}
[2026-02-16 15:14:49] [AD] [INFO] Closing ad tab {"postId":"11175567413"}
[2026-02-16 15:14:49] [AD] [INFO] Opening contact modal {"postId":"11175567405"}
[2026-02-16 15:14:50] [AD] [INFO] Contact extracted {"postId":"11175567405","phone":"+966535507772","href":"tel:+966535507772"}
[2026-02-16 15:14:50] [AD] [INFO] Closing ad tab {"postId":"11175567405"}
[2026-02-16 15:20:05] [AD] [INFO] Open ad (new tab) {"postId":"11175567924","url":"https://haraj.com.sa/11175567924/%D9%87%D9%8A%D9%88%D9%86%D8%AF%D8%A7%D9%8A_%D8%B3%D9%88%D9%86%D8%A7%D8%AA%D8%A7_%D9%83%D9%85%D9%81%D9%88%D8%B1%D8%AA_2026%D9%84%D9%88%D9%86_%D9%81%D8%B6%D9%8A/"}
[2026-02-16 15:20:07] [AD] [INFO] Open ad (new tab) {"postId":"11175567918","url":"https://haraj.com.sa/11175567918/%D8%AF%D8%A8%D8%A7%D8%A8_%D8%A8%D9%88%D9%83%D8%B3%D8%B1/"}
[2026-02-16 15:20:08] [AD] [INFO] Open ad (new tab) {"postId":"11175567921","url":"https://haraj.com.sa/11175567921/%D9%85%D8%B1%D8%B3%D9%8A%D8%AF%D8%B3_CLS500/"}
[2026-02-16 15:20:12] [AD] [INFO] Captured GraphQL posts {"postId":"11175567921"}
[2026-02-16 15:20:13] [AD] [INFO] Captured GraphQL comments {"postId":"11175567921"}
[2026-02-16 15:20:14] [AD] [INFO] Opening contact modal {"postId":"11175567921"}
[2026-02-16 15:20:16] [AD] [INFO] Contact extracted {"postId":"11175567921","phone":"+966532712221","href":"tel:+966532712221"}
[2026-02-16 15:20:16] [AD] [INFO] Closing ad tab {"postId":"11175567921"}
[2026-02-16 15:20:20] [AD] [INFO] Open ad (new tab) {"postId":"11175567917","url":"https://haraj.com.sa/11175567917/maserati_quatropotre_v8_turbo_gts_black_edition_full/"}
[2026-02-16 15:20:21] [AD] [INFO] Captured GraphQL posts {"postId":"11175567918"}
[2026-02-16 15:20:24] [AD] [INFO] Captured GraphQL posts {"postId":"11175567917"}
[2026-02-16 15:20:24] [AD] [INFO] Captured GraphQL comments {"postId":"11175567918"}
[2026-02-16 15:20:24] [AD] [INFO] Captured GraphQL comments {"postId":"11175567917"}
[2026-02-16 15:20:25] [AD] [INFO] Opening contact modal {"postId":"11175567918"}
[2026-02-16 15:20:26] [AD] [INFO] Opening contact modal {"postId":"11175567917"}
[2026-02-16 15:20:26] [AD] [INFO] Captured GraphQL posts {"postId":"11175567924"}
[2026-02-16 15:20:27] [AD] [INFO] Contact extracted {"postId":"11175567917","phone":"+966532744275","href":"tel:+966532744275"}
[2026-02-16 15:20:27] [AD] [INFO] Closing ad tab {"postId":"11175567917"}
[2026-02-16 15:20:29] [AD] [INFO] Contact extracted {"postId":"11175567918","phone":"+966592325287","href":"tel:+966592325287"}
[2026-02-16 15:20:29] [AD] [INFO] Closing ad tab {"postId":"11175567918"}
[2026-02-16 15:20:29] [AD] [INFO] Captured GraphQL comments {"postId":"11175567924"}
[2026-02-16 15:20:31] [AD] [INFO] Opening contact modal {"postId":"11175567924"}
[2026-02-16 15:20:31] [AD] [INFO] Open ad (new tab) {"postId":"11175567907","url":"https://haraj.com.sa/11175567907/%D8%A8%D8%A7%D8%AA%D8%B1%D9%88%D9%84_%D8%B1%D8%A8%D8%B9_%D9%85%D9%88%D8%AF%D9%8A%D9%84_80/"}
[2026-02-16 15:20:32] [AD] [INFO] Open ad (new tab) {"postId":"11175567901","url":"https://haraj.com.sa/11175567901/%D9%88%D8%A7%D9%8A%D8%AA_%D9%85%D8%A7%D8%A1_%D9%82%D8%B1%D8%A7%D8%AD/"}
[2026-02-16 15:20:32] [AD] [INFO] Contact extracted {"postId":"11175567924","phone":"+966556855249","href":"tel:+966556855249"}
[2026-02-16 15:20:32] [AD] [INFO] Closing ad tab {"postId":"11175567924"}
[2026-02-16 15:20:40] [AD] [INFO] Open ad (new tab) {"postId":"11175567899","url":"https://haraj.com.sa/11175567899/%D8%A7%D9%8A%D8%B3%D9%88%D8%B2%D9%88_2020/"}
[2026-02-16 15:20:46] [AD] [INFO] Captured GraphQL posts {"postId":"11175567899"}
[2026-02-16 15:20:46] [AD] [INFO] Captured GraphQL comments {"postId":"11175567899"}
[2026-02-16 15:20:47] [AD] [INFO] Opening contact modal {"postId":"11175567899"}
[2026-02-16 15:20:49] [AD] [INFO] Captured GraphQL posts {"postId":"11175567907"}
[2026-02-16 15:20:49] [AD] [INFO] Captured GraphQL posts {"postId":"11175567901"}
[2026-02-16 15:20:49] [AD] [INFO] Captured GraphQL comments {"postId":"11175567907"}
[2026-02-16 15:20:49] [AD] [INFO] Contact extracted {"postId":"11175567899","phone":"+966557557308","href":"tel:+966557557308"}
[2026-02-16 15:20:50] [AD] [INFO] Closing ad tab {"postId":"11175567899"}
[2026-02-16 15:20:50] [AD] [INFO] Captured GraphQL comments {"postId":"11175567901"}
[2026-02-16 15:20:50] [AD] [INFO] Opening contact modal {"postId":"11175567907"}
[2026-02-16 15:20:51] [AD] [INFO] Opening contact modal {"postId":"11175567901"}
[2026-02-16 15:20:52] [AD] [INFO] Contact extracted {"postId":"11175567901","phone":"+966555672165","href":"tel:+966555672165"}
[2026-02-16 15:20:52] [AD] [INFO] Closing ad tab {"postId":"11175567901"}
[2026-02-16 15:20:53] [AD] [INFO] Open ad (new tab) {"postId":"11175567894","url":"https://haraj.com.sa/11175567894/%D9%82%D8%B7%D8%B9_%D8%A8%D8%A7%D8%AB%D9%81%D9%86%D8%AF%D8%B12004/"}
[2026-02-16 15:20:57] [AD] [INFO] Open ad (new tab) {"postId":"11175567892","url":"https://haraj.com.sa/11175567892/%D9%81%D9%88%D8%B1%D8%AF_%D9%81%D9%8A%D9%88%D8%AC%D9%86_2014/"}
[2026-02-16 15:20:57] [AD] [INFO] Contact extracted {"postId":"11175567907","phone":"+966504830843","href":"tel:+966504830843"}
[2026-02-16 15:20:57] [AD] [INFO] Closing ad tab {"postId":"11175567907"}
[2026-02-16 15:21:01] [AD] [INFO] Open ad (new tab) {"postId":"11175567890","url":"https://haraj.com.sa/11175567890/%D8%B5%D9%86%D9%8A_%D9%85%D9%88%D8%AF%D9%8A%D9%84_2024/"}
[2026-02-16 15:21:07] [AD] [INFO] Captured GraphQL posts {"postId":"11175567890"}
[2026-02-16 15:21:07] [AD] [INFO] Captured GraphQL comments {"postId":"11175567890"}
[2026-02-16 15:21:08] [AD] [INFO] Captured GraphQL posts {"postId":"11175567894"}
[2026-02-16 15:21:08] [AD] [INFO] Captured GraphQL posts {"postId":"11175567892"}
[2026-02-16 15:21:08] [AD] [INFO] Captured GraphQL comments {"postId":"11175567894"}
[2026-02-16 15:21:08] [AD] [INFO] Opening contact modal {"postId":"11175567890"}
[2026-02-16 15:21:09] [AD] [INFO] Opening contact modal {"postId":"11175567894"}
[2026-02-16 15:21:09] [AD] [INFO] Captured GraphQL comments {"postId":"11175567892"}
[2026-02-16 15:21:09] [AD] [INFO] Contact extracted {"postId":"11175567890","phone":"+966548483701","href":"tel:+966548483701"}
[2026-02-16 15:21:09] [AD] [INFO] Closing ad tab {"postId":"11175567890"}
[2026-02-16 15:21:11] [AD] [INFO] Opening contact modal {"postId":"11175567892"}
[2026-02-16 15:21:14] [AD] [INFO] Open ad (new tab) {"postId":"11175567885","url":"https://haraj.com.sa/11175567885/%D8%A7%D9%85_%D8%AC%D9%8A_3_%D8%B3%D8%AA%D8%A7%D9%86%D8%AF%D8%B1_2025_%D9%83%D8%A7%D8%B4_%D9%88_%D8%A7%D9%8A%D8%AC%D8%A7%D8%B1_%D9%85%D9%86%D8%AA%D9%87%D9%8A_%D8%A8%D8%A7%D9%84%D8%AA%D9%85%D9%84%D9%8A%D9%83/"}
[2026-02-16 15:21:18] [AD] [INFO] Captured GraphQL posts {"postId":"11175567885"}
[2026-02-16 15:21:18] [AD] [INFO] Captured GraphQL comments {"postId":"11175567885"}
[2026-02-16 15:21:19] [AD] [INFO] Opening contact modal {"postId":"11175567885"}
[2026-02-16 15:21:21] [AD] [INFO] Contact extracted {"postId":"11175567885","phone":"+966543972525","href":"tel:+966543972525"}
[2026-02-16 15:21:21] [AD] [INFO] Closing ad tab {"postId":"11175567885"}
[2026-02-16 15:21:24] [AD] [INFO] Open ad (new tab) {"postId":"11175567884","url":"https://haraj.com.sa/11175567884/%D9%84%D9%84%D8%A8%D9%8A%D8%B9_%D8%A7%D9%81_%D8%AC%D9%8A_2017%D8%B3%D8%B9%D9%88%D8%AF%D9%8A_%D9%81%D9%84_%D9%83%D8%A7%D9%85%D9%84/"}
[2026-02-16 15:21:28] [AD] [INFO] Captured GraphQL posts {"postId":"11175567884"}
[2026-02-16 15:21:29] [AD] [INFO] Captured GraphQL comments {"postId":"11175567884"}
[2026-02-16 15:21:30] [AD] [INFO] Opening contact modal {"postId":"11175567884"}
[2026-02-16 15:21:31] [AD] [INFO] Contact extracted {"postId":"11175567884","phone":"+966503737891","href":"tel:+966503737891"}
[2026-02-16 15:21:31] [AD] [INFO] Closing ad tab {"postId":"11175567884"}
[2026-02-16 15:21:35] [AD] [INFO] Open ad (new tab) {"postId":"11175567882","url":"https://haraj.com.sa/11175567882/%D9%84%D9%83%D8%B2%D8%B3_%D8%B3%D8%B9%D9%88%D8%AF%D9%8A_ES_350CC/"}
[2026-02-16 15:21:39] [AD] [INFO] Captured GraphQL posts {"postId":"11175567882"}
[2026-02-16 15:21:40] [AD] [INFO] Captured GraphQL comments {"postId":"11175567882"}
[2026-02-16 15:21:41] [AD] [INFO] Opening contact modal {"postId":"11175567882"}
[2026-02-16 15:21:43] [AD] [INFO] Contact extracted {"postId":"11175567882","phone":"+966508344144","href":"tel:+966508344144"}
[2026-02-16 15:21:43] [AD] [INFO] Closing ad tab {"postId":"11175567882"}
[2026-02-16 15:21:48] [AD] [INFO] Open ad (new tab) {"postId":"11175567878","url":"https://haraj.com.sa/11175567878/%D9%82%D9%84%D8%A7%D8%A8_%D8%A7%D9%8A%D8%B3%D9%88%D8%B2%D9%88_3_%D8%B7%D9%86_2025/"}
[2026-02-16 15:21:52] [AD] [INFO] Captured GraphQL posts {"postId":"11175567878"}
[2026-02-16 15:21:52] [AD] [INFO] Captured GraphQL comments {"postId":"11175567878"}
[2026-02-16 15:21:53] [AD] [INFO] Opening contact modal {"postId":"11175567878"}
[2026-02-16 15:21:54] [AD] [INFO] Contact extracted {"postId":"11175567878","phone":"+966554715511","href":"tel:+966554715511"}
[2026-02-16 15:21:55] [AD] [INFO] Closing ad tab {"postId":"11175567878"}
[2026-02-16 15:21:58] [AD] [INFO] Open ad (new tab) {"postId":"11175567873","url":"https://haraj.com.sa/11175567873/%D8%A7%D9%81_%D8%AC%D9%8A_2012/"}
[2026-02-16 15:22:01] [AD] [INFO] Captured GraphQL posts {"postId":"11175567873"}
[2026-02-16 15:22:02] [AD] [INFO] Captured GraphQL comments {"postId":"11175567873"}
[2026-02-16 15:22:03] [AD] [INFO] Opening contact modal {"postId":"11175567873"}
[2026-02-16 15:22:05] [AD] [INFO] Contact extracted {"postId":"11175567873","phone":"+966536250358","href":"tel:+966536250358"}
[2026-02-16 15:22:05] [AD] [INFO] Closing ad tab {"postId":"11175567873"}
[2026-02-16 15:22:07] [AD] [INFO] Open ad (new tab) {"postId":"11175567863","url":"https://haraj.com.sa/11175567863/Mercedes_GLC200/"}
[2026-02-16 15:22:10] [AD] [INFO] Captured GraphQL posts {"postId":"11175567863"}
[2026-02-16 15:22:11] [AD] [INFO] Captured GraphQL comments {"postId":"11175567863"}
[2026-02-16 15:22:12] [AD] [INFO] Opening contact modal {"postId":"11175567863"}
[2026-02-16 15:22:13] [AD] [INFO] Contact extracted {"postId":"11175567863","phone":"+966532545454","href":"tel:+966532545454"}
[2026-02-16 15:22:13] [AD] [INFO] Closing ad tab {"postId":"11175567863"}
[2026-02-16 15:22:15] [AD] [WARN] Phone did not settle in time {"postId":"11175567892"}
[2026-02-16 15:22:15] [AD] [INFO] Contact extracted {"postId":"11175567892","phone":null,"href":"tel:"}
[2026-02-16 15:22:15] [AD] [INFO] Closing ad tab {"postId":"11175567892"}
[2026-02-16 15:22:15] [AD] [INFO] Open ad (new tab) {"postId":"11175567861","url":"https://haraj.com.sa/11175567861/%D9%84%D9%84%D8%A8%D9%8A%D8%B9_%D8%AA%D9%88%D9%8A%D9%88%D8%AA%D8%A7_%D8%B4%D8%A7%D8%B5_%D8%A8%D8%B1%D9%8A%D9%85%D9%8A/"}
[2026-02-16 15:22:17] [AD] [INFO] Open ad (new tab) {"postId":"11175567857","url":"https://haraj.com.sa/11175567857/%D8%A7%D8%A8%D9%8A_%D9%85%D8%B3%D8%AC%D9%84_%D9%87%D9%84%D9%83%D8%B3_%D8%A8%D8%B3%D8%B9%D8%B1_%D9%85%D9%85%D8%AA%D8%A7%D8%B2/"}
[2026-02-16 15:22:19] [AD] [WARN] Phone did not settle in time {"postId":"11175567894"}
[2026-02-16 15:22:19] [AD] [INFO] Contact extracted {"postId":"11175567894","phone":null,"href":"tel:"}
[2026-02-16 15:22:19] [AD] [INFO] Closing ad tab {"postId":"11175567894"}
[2026-02-16 15:22:22] [AD] [INFO] Captured GraphQL posts {"postId":"11175567857"}
[2026-02-16 15:22:22] [AD] [INFO] Captured GraphQL comments {"postId":"11175567857"}
[2026-02-16 15:22:23] [AD] [INFO] Captured GraphQL posts {"postId":"11175567861"}
[2026-02-16 15:22:23] [AD] [INFO] Opening contact modal {"postId":"11175567857"}
[2026-02-16 15:22:24] [AD] [INFO] Captured GraphQL comments {"postId":"11175567861"}
[2026-02-16 15:22:25] [AD] [INFO] Opening contact modal {"postId":"11175567861"}
[2026-02-16 15:22:28] [AD] [INFO] Contact extracted {"postId":"11175567861","phone":"+966539515227","href":"tel:+966539515227"}
[2026-02-16 15:22:28] [AD] [INFO] Closing ad tab {"postId":"11175567861"}
[2026-02-16 15:23:24] [AD] [WARN] Phone did not settle in time {"postId":"11175567857"}
[2026-02-16 15:23:24] [AD] [INFO] Contact extracted {"postId":"11175567857","phone":null,"href":"tel:"}
[2026-02-16 15:23:24] [AD] [INFO] Closing ad tab {"postId":"11175567857"}
[2026-02-16 15:28:38] [AD] [INFO] Open ad (new tab) {"postId":"11175568455","url":"https://haraj.com.sa/11175568455/%D8%B1%D8%A7%D8%B3_%D8%A7%D9%84%D8%A8%D9%8A_84_%D9%84%D9%84%D8%A8%D9%8A%D8%B9/"}
[2026-02-16 15:28:40] [AD] [INFO] Open ad (new tab) {"postId":"11175568451","url":"https://haraj.com.sa/11175568451/%D9%8A%D8%A7%D8%B1%D8%B3_2021/"}
[2026-02-16 15:28:41] [AD] [INFO] Open ad (new tab) {"postId":"11175568441","url":"https://haraj.com.sa/11175568441/%D9%84%D9%84%D8%A8%D9%8A%D8%B9_%D8%AC%D9%8A%D8%A8_%D8%B1%D8%A8%D8%B9_%D8%A8%D9%8A%D8%AC_/"}
[2026-02-16 15:28:49] [AD] [INFO] Captured GraphQL posts {"postId":"11175568441"}
[2026-02-16 15:28:49] [AD] [INFO] Captured GraphQL comments {"postId":"11175568441"}
[2026-02-16 15:28:51] [AD] [INFO] Captured GraphQL posts {"postId":"11175568455"}
[2026-02-16 15:28:51] [AD] [INFO] Captured GraphQL posts {"postId":"11175568451"}
[2026-02-16 15:28:51] [AD] [INFO] Captured GraphQL comments {"postId":"11175568451"}
[2026-02-16 15:28:51] [AD] [INFO] Captured GraphQL comments {"postId":"11175568455"}
[2026-02-16 15:28:52] [AD] [INFO] Opening contact modal {"postId":"11175568441"}
[2026-02-16 15:28:52] [AD] [INFO] Opening contact modal {"postId":"11175568455"}
[2026-02-16 15:28:52] [AD] [INFO] Opening contact modal {"postId":"11175568451"}
[2026-02-16 15:28:53] [AD] [INFO] Contact extracted {"postId":"11175568441","phone":"+966597880140","href":"tel:+966597880140"}
[2026-02-16 15:28:53] [AD] [INFO] Closing ad tab {"postId":"11175568441"}
[2026-02-16 15:28:55] [AD] [INFO] Contact extracted {"postId":"11175568451","phone":"+966533326873","href":"tel:+966533326873"}
[2026-02-16 15:28:55] [AD] [INFO] Closing ad tab {"postId":"11175568451"}
[2026-02-16 15:28:58] [AD] [INFO] Contact extracted {"postId":"11175568455","phone":"+966555652598","href":"tel:+966555652598"}
[2026-02-16 15:28:58] [AD] [INFO] Open ad (new tab) {"postId":"11175568440","url":"https://haraj.com.sa/11175568440/%D8%AC%D9%8A%D8%A8_%D9%84%D9%83%D8%B2%D8%B3_LX570_%D9%81%D9%84_%D9%83%D8%A7%D9%85%D9%84_%D9%85%D9%88%D8%AF%D9%8A%D9%84_2021/"}
[2026-02-16 15:28:58] [AD] [INFO] Closing ad tab {"postId":"11175568455"}
[2026-02-16 15:29:02] [AD] [INFO] Open ad (new tab) {"postId":"11175568428","url":"https://haraj.com.sa/11175568428/%D9%85%D8%A7%D8%B2%D8%AF%D8%A7_%D9%81%D9%84_%D9%83%D8%A7%D9%85%D9%84_%D8%B4%D8%A7%D8%B5%D9%8A_%D9%84%D9%84%D9%86%D9%82%D9%84/"}
[2026-02-16 15:29:03] [AD] [INFO] Open ad (new tab) {"postId":"11175568434","url":"https://haraj.com.sa/11175568434/%D8%A7%D9%84%D9%86%D8%AA%D8%B1%D8%A7_%D8%A7%D9%81%D8%A7%D9%86%D8%AA%D9%8A_2022_%D8%A8%D8%AD%D8%A7%D9%84%D8%A9_%D8%A7%D9%84%D9%88%D9%83%D8%A7%D9%84%D8%A9/"}
[2026-02-16 15:29:07] [AD] [INFO] Captured GraphQL posts {"postId":"11175568434"}
[2026-02-16 15:29:08] [AD] [INFO] Captured GraphQL comments {"postId":"11175568434"}
[2026-02-16 15:29:08] [AD] [INFO] Captured GraphQL posts {"postId":"11175568440"}
[2026-02-16 15:29:09] [AD] [INFO] Captured GraphQL comments {"postId":"11175568440"}
[2026-02-16 15:29:09] [AD] [INFO] Opening contact modal {"postId":"11175568434"}
[2026-02-16 15:29:10] [AD] [INFO] Opening contact modal {"postId":"11175568440"}
[2026-02-16 15:29:10] [AD] [INFO] Contact extracted {"postId":"11175568434","phone":"+966564626682","href":"tel:+966564626682"}
[2026-02-16 15:29:10] [AD] [INFO] Closing ad tab {"postId":"11175568434"}
[2026-02-16 15:29:10] [AD] [INFO] Captured GraphQL posts {"postId":"11175568428"}
[2026-02-16 15:29:10] [AD] [INFO] Captured GraphQL comments {"postId":"11175568428"}
[2026-02-16 15:29:11] [AD] [INFO] Opening contact modal {"postId":"11175568428"}
[2026-02-16 15:29:12] [AD] [INFO] Contact extracted {"postId":"11175568440","phone":"+966574419080","href":"tel:+966574419080"}
[2026-02-16 15:29:12] [AD] [INFO] Closing ad tab {"postId":"11175568440"}
[2026-02-16 15:29:13] [AD] [INFO] Open ad (new tab) {"postId":"11175568425","url":"https://haraj.com.sa/11175568425/%D8%A8%D9%88%D8%B1%D8%B4_%D8%A8%D8%A7%D9%86%D8%A7%D9%85%D9%8A%D8%B1%D8%A7_2011_v6/"}
[2026-02-16 15:29:15] [AD] [INFO] Open ad (new tab) {"postId":"11175568422","url":"https://haraj.com.sa/11175568422/%D9%84%D9%83%D8%B2%D8%B3_2002/"}
[2026-02-16 15:29:16] [AD] [INFO] Captured GraphQL posts {"postId":"11175568425"}
[2026-02-16 15:29:16] [AD] [INFO] Captured GraphQL comments {"postId":"11175568425"}
[2026-02-16 15:29:18] [AD] [INFO] Opening contact modal {"postId":"11175568425"}
[2026-02-16 15:29:18] [AD] [INFO] Captured GraphQL posts {"postId":"11175568422"}
[2026-02-16 15:29:18] [AD] [INFO] Captured GraphQL comments {"postId":"11175568422"}
[2026-02-16 15:29:20] [AD] [INFO] Opening contact modal {"postId":"11175568422"}
[2026-02-16 15:29:20] [AD] [INFO] Contact extracted {"postId":"11175568425","phone":"+966504618748","href":"tel:+966504618748"}
[2026-02-16 15:29:20] [AD] [INFO] Closing ad tab {"postId":"11175568425"}
[2026-02-16 15:29:21] [AD] [INFO] Contact extracted {"postId":"11175568422","phone":"+966577515129","href":"tel:+966577515129"}
[2026-02-16 15:29:21] [AD] [INFO] Closing ad tab {"postId":"11175568422"}
[2026-02-16 15:29:23] [AD] [INFO] Open ad (new tab) {"postId":"11175568421","url":"https://haraj.com.sa/11175568421/%D9%85%D8%B7%D8%A7%D8%B1%D9%87_%D9%84%D9%84%D8%A8%D9%8A%D8%B9_%D9%8A%D9%85%D9%83%D9%86_17_%D8%B7%D9%86_%D8%AC%D8%AF%D9%8A%D8%AF%D9%87_%D8%A7%D8%B3%D8%AA%D8%AE%D8%AF%D8%A7%D9%85_10_%D8%A7%D9%8A%D8%A7%D9%85/"}
[2026-02-16 15:29:24] [AD] [INFO] Open ad (new tab) {"postId":"11175568413","url":"https://haraj.com.sa/11175568413/%D8%AC%D9%85%D8%B3_%D9%8A%D9%88%D9%83%D9%86_2011_%D8%A8%D8%AF%D9%88%D9%86_%D8%AF%D8%A8%D9%84/"}
[2026-02-16 15:29:26] [AD] [INFO] Captured GraphQL posts {"postId":"11175568421"}
[2026-02-16 15:29:27] [AD] [INFO] Captured GraphQL comments {"postId":"11175568421"}
[2026-02-16 15:29:28] [AD] [INFO] Captured GraphQL posts {"postId":"11175568413"}
[2026-02-16 15:29:28] [AD] [INFO] Opening contact modal {"postId":"11175568421"}
[2026-02-16 15:29:28] [AD] [INFO] Captured GraphQL comments {"postId":"11175568413"}
[2026-02-16 15:29:29] [AD] [INFO] Contact extracted {"postId":"11175568421","phone":"+966531220395","href":"tel:+966531220395"}
[2026-02-16 15:29:29] [AD] [INFO] Closing ad tab {"postId":"11175568421"}
[2026-02-16 15:29:30] [AD] [INFO] Opening contact modal {"postId":"11175568413"}
[2026-02-16 15:29:31] [AD] [INFO] Contact extracted {"postId":"11175568413","phone":"+966507244617","href":"tel:+966507244617"}
[2026-02-16 15:29:31] [AD] [INFO] Closing ad tab {"postId":"11175568413"}
[2026-02-16 15:29:32] [AD] [INFO] Open ad (new tab) {"postId":"11175568411","url":"https://haraj.com.sa/11175568411/%D8%AF%D8%A8%D8%A7%D8%A8/"}
[2026-02-16 15:29:34] [AD] [INFO] Open ad (new tab) {"postId":"11175568408","url":"https://haraj.com.sa/11175568408/%D8%B3%D8%B7%D8%AD%D8%A9_%D9%84%D9%84%D9%86%D9%82%D9%84_%D8%A7%D9%84%D8%B3%D9%8A%D8%A7%D8%B1%D8%A9_%D8%A3%D9%86%D8%AD%D8%A7%D8%A1_%D8%A7%D9%84%D9%85%D9%85%D9%84%D9%83%D8%A9/"}
[2026-02-16 15:29:36] [AD] [INFO] Captured GraphQL posts {"postId":"11175568411"}
[2026-02-16 15:29:37] [AD] [INFO] Captured GraphQL posts {"postId":"11175568408"}
[2026-02-16 15:29:38] [AD] [INFO] Captured GraphQL comments {"postId":"11175568408"}
[2026-02-16 15:29:38] [AD] [INFO] Captured GraphQL comments {"postId":"11175568411"}
[2026-02-16 15:29:39] [AD] [INFO] Opening contact modal {"postId":"11175568408"}
[2026-02-16 15:29:40] [AD] [INFO] Opening contact modal {"postId":"11175568411"}
[2026-02-16 15:29:40] [AD] [INFO] Contact extracted {"postId":"11175568408","phone":"+966553229960","href":"tel:+966553229960"}
[2026-02-16 15:29:40] [AD] [INFO] Closing ad tab {"postId":"11175568408"}
[2026-02-16 15:29:43] [AD] [INFO] Contact extracted {"postId":"11175568411","phone":"+966503181193","href":"tel:+966503181193"}
[2026-02-16 15:29:43] [AD] [INFO] Closing ad tab {"postId":"11175568411"}
[2026-02-16 15:29:45] [AD] [INFO] Open ad (new tab) {"postId":"11175568407","url":"https://haraj.com.sa/11175568407/%D9%84%D9%83%D8%B2%D8%B3_2014_es350_%D9%81%D9%84DD_%D9%88%D9%83%D8%A7%D9%84%D9%87/"}
[2026-02-16 15:29:46] [AD] [INFO] Open ad (new tab) {"postId":"11175568406","url":"https://haraj.com.sa/11175568406/%D8%A8%D8%A7%D8%AA%D8%B1%D9%88%D9%84_2004_%D8%B9%D8%AF%D8%A7%D8%AF_132_%D8%A7%D9%84%D9%81/"}
[2026-02-16 15:29:53] [AD] [INFO] Captured GraphQL posts {"postId":"11175568406"}
[2026-02-16 15:29:53] [AD] [INFO] Captured GraphQL comments {"postId":"11175568406"}
[2026-02-16 15:29:55] [AD] [INFO] Opening contact modal {"postId":"11175568406"}
[2026-02-16 15:29:55] [AD] [INFO] Captured GraphQL posts {"postId":"11175568407"}
[2026-02-16 15:29:56] [AD] [INFO] Captured GraphQL comments {"postId":"11175568407"}
[2026-02-16 15:29:56] [AD] [INFO] Contact extracted {"postId":"11175568406","phone":"+966556277837","href":"tel:+966556277837"}
[2026-02-16 15:29:56] [AD] [INFO] Closing ad tab {"postId":"11175568406"}
[2026-02-16 15:29:57] [AD] [INFO] Opening contact modal {"postId":"11175568407"}
[2026-02-16 15:29:58] [AD] [INFO] Contact extracted {"postId":"11175568407","phone":"+966598191379","href":"tel:+966598191379"}
[2026-02-16 15:29:58] [AD] [INFO] Closing ad tab {"postId":"11175568407"}
[2026-02-16 15:30:00] [AD] [INFO] Open ad (new tab) {"postId":"11175568401","url":"https://haraj.com.sa/11175568401/%D8%A8%D8%B1%D9%85%D8%AC%D8%A9_%D9%83%D8%A7%D9%85%D8%B1%D9%8A/"}
[2026-02-16 15:30:03] [AD] [INFO] Open ad (new tab) {"postId":"11175568399","url":"https://haraj.com.sa/11175568399/%D9%87%D9%8A%D9%88%D9%86%D8%AF%D8%A7%D9%8A_%D8%A7%D9%83%D8%B3%D9%86%D8%AA_2014/"}
[2026-02-16 15:30:10] [AD] [INFO] Captured GraphQL posts {"postId":"11175568399"}
[2026-02-16 15:30:10] [AD] [INFO] Captured GraphQL comments {"postId":"11175568399"}
[2026-02-16 15:30:11] [AD] [INFO] Opening contact modal {"postId":"11175568399"}
[2026-02-16 15:30:13] [AD] [INFO] Contact extracted {"postId":"11175568399","phone":"+966551337691","href":"tel:+966551337691"}
[2026-02-16 15:30:13] [AD] [INFO] Closing ad tab {"postId":"11175568399"}
[2026-02-16 15:30:13] [AD] [WARN] Phone did not settle in time {"postId":"11175568428"}
[2026-02-16 15:30:13] [AD] [INFO] Contact extracted {"postId":"11175568428","phone":null,"href":"tel:"}
[2026-02-16 15:30:13] [AD] [INFO] Closing ad tab {"postId":"11175568428"}
[2026-02-16 15:30:14] [AD] [INFO] Captured GraphQL posts {"postId":"11175568401"}
[2026-02-16 15:30:15] [AD] [INFO] Captured GraphQL comments {"postId":"11175568401"}
[2026-02-16 15:30:16] [AD] [INFO] Open ad (new tab) {"postId":"11175568396","url":"https://haraj.com.sa/11175568396/%D9%85%D8%A7%D8%B5%D9%88%D8%B1%D8%A9_%D8%B3%D8%AA%D9%8A%D9%84/"}
[2026-02-16 15:30:23] [AD] [INFO] Opening contact modal {"postId":"11175568401"}
[2026-02-16 15:30:24] [AD] [INFO] Captured GraphQL posts {"postId":"11175568396"}
[2026-02-16 15:30:24] [AD] [INFO] Captured GraphQL comments {"postId":"11175568396"}
[2026-02-16 15:30:26] [AD] [INFO] Opening contact modal {"postId":"11175568396"}
[2026-02-16 15:30:29] [AD] [INFO] Open ad (new tab) {"postId":"11175568397","url":"https://haraj.com.sa/11175568397/%D8%AC%D9%8A_%D9%83%D9%84%D8%A7%D8%B3_G63_2022_%D8%AC%D9%81%D8%A7%D9%84%D9%8A_%D8%B4%D8%A8%D9%87_%D8%AC%D8%AF%D9%8A%D8%AF/"}
[2026-02-16 15:30:29] [AD] [INFO] Contact extracted {"postId":"11175568401","phone":"+966501006632","href":"tel:+966501006632"}
[2026-02-16 15:30:29] [AD] [INFO] Closing ad tab {"postId":"11175568401"}
[2026-02-16 15:30:35] [AD] [INFO] Captured GraphQL posts {"postId":"11175568397"}
[2026-02-16 15:30:35] [AD] [INFO] Captured GraphQL comments {"postId":"11175568397"}
[2026-02-16 15:30:37] [AD] [INFO] Opening contact modal {"postId":"11175568397"}
[2026-02-16 15:30:38] [AD] [INFO] Contact extracted {"postId":"11175568397","phone":"+966505840644","href":"tel:+966505840644"}
[2026-02-16 15:30:38] [AD] [INFO] Closing ad tab {"postId":"11175568397"}
[2026-02-16 15:31:29] [AD] [WARN] Phone did not settle in time {"postId":"11175568396"}
[2026-02-16 15:31:29] [AD] [INFO] Contact extracted {"postId":"11175568396","phone":null,"href":"tel:"}
[2026-02-16 15:31:29] [AD] [INFO] Closing ad tab {"postId":"11175568396"}
[2026-02-16 15:46:27] [AD] [INFO] Open ad (new tab) {"postId":"175569578","url":"https://haraj.com.sa/11175569578/%D8%A7%D8%B2%D9%8A%D8%B1%D8%A7_2022_%D9%86%D8%B8%D9%8A%D9%81_%D9%84%D9%84%D9%85%D8%B3%D8%AA%D8%AE%D8%AF%D9%85/"}
[2026-02-16 15:46:27] [AD] [INFO] Open ad (new tab) {"postId":"175569577","url":"https://haraj.com.sa/11175569577/%D8%AC%D9%8A%D9%83_%D9%85%D8%B9_%D8%B3%D8%AA%D8%A7%D9%86%D8%AF_%D8%AD%D8%AC%D9%85_10_%D9%84%D8%AA%D8%B1/"}
[2026-02-16 15:46:27] [AD] [INFO] Open ad (new tab) {"postId":"175569576","url":"https://haraj.com.sa/11175569576/%D8%A7%D9%8A%D8%B3%D9%88%D8%B2%D9%88_%D8%BA%D9%85%D8%A7%D8%B1%D9%87_%D8%B3%D8%AA%D8%A7%D9%86%D8%AF%D8%B1_%D8%AF%D9%8A%D8%B2%D9%84_%D8%AF%D8%A8%D9%84_%D9%82%D8%B2%D8%A7%D8%B2_%D8%B9%D8%A7%D8%AF%D9%8A_2025_%D8%B3%D8%B9%D9%88%D8%AF%D9%8A/"}
[2026-02-16 15:46:30] [AD] [INFO] Captured GraphQL posts {"postId":"175569578"}
[2026-02-16 15:46:31] [AD] [INFO] Captured GraphQL posts {"postId":"175569576"}
[2026-02-16 15:46:31] [AD] [INFO] Captured GraphQL comments {"postId":"175569576"}
[2026-02-16 15:46:32] [AD] [INFO] Captured GraphQL posts {"postId":"175569577"}
[2026-02-16 15:46:32] [AD] [INFO] Captured GraphQL comments {"postId":"175569578"}
[2026-02-16 15:46:32] [AD] [INFO] Captured GraphQL comments {"postId":"175569577"}
[2026-02-16 15:46:32] [AD] [INFO] Opening contact modal {"postId":"175569576"}
[2026-02-16 15:46:33] [AD] [INFO] Opening contact modal {"postId":"175569578"}
[2026-02-16 15:46:33] [AD] [INFO] Opening contact modal {"postId":"175569577"}
[2026-02-16 15:46:34] [AD] [INFO] Contact extracted {"postId":"175569576","phone":"+966550017491","href":"tel:+966550017491"}
[2026-02-16 15:46:34] [AD] [INFO] Closing ad tab {"postId":"175569576"}
[2026-02-16 15:46:35] [AD] [INFO] Contact extracted {"postId":"175569578","phone":"+966557458482","href":"tel:+966557458482"}
[2026-02-16 15:46:35] [AD] [INFO] Closing ad tab {"postId":"175569578"}
[2026-02-16 15:46:35] [AD] [INFO] Contact extracted {"postId":"175569577","phone":"+966557403037","href":"tel:+966557403037"}
[2026-02-16 15:46:35] [AD] [INFO] Closing ad tab {"postId":"175569577"}
[2026-02-16 15:46:38] [AD] [INFO] Open ad (new tab) {"postId":"175569575","url":"https://haraj.com.sa/11175569575/%D8%A7%D9%84%D8%AD%D8%B3%D8%A7%D8%A8_%D8%AF%D8%B3%D9%83%D9%88%D8%B1%D8%AF/"}
[2026-02-16 15:46:39] [AD] [INFO] Open ad (new tab) {"postId":"175569574","url":"https://haraj.com.sa/11175569574/%D9%87%D9%8A%D9%88%D9%86%D8%AF%D8%A7%D9%8A_%D8%A7%D9%83%D8%B3%D9%86%D8%AA_2026_%D9%84%D8%A7_%D9%8A%D9%81%D9%88%D8%AA%D9%83_%D8%B9%D8%B1%D9%88%D8%B6_%D8%B1%D9%85%D8%B6%D8%A7%D9%86/"}
[2026-02-16 15:46:40] [AD] [INFO] Captured GraphQL posts {"postId":"175569575"}
[2026-02-16 15:46:40] [AD] [INFO] Captured GraphQL comments {"postId":"175569575"}
[2026-02-16 15:46:41] [AD] [INFO] Opening contact modal {"postId":"175569575"}
[2026-02-16 15:46:42] [AD] [INFO] Open ad (new tab) {"postId":"175569569","url":"https://haraj.com.sa/11175569569/%D9%81%D9%8A%D9%84%D9%88%D8%B2_2025_%D9%81%D8%B1%D8%B9_%D8%AC%D8%AF%D9%87_%D9%88%D8%A7%D9%84%D8%B1%D9%8A%D8%A7%D8%B6_%D8%A3%D8%B1%D9%82%D8%A7%D9%85_%D8%A7%D9%84%D8%A7%D9%82%D8%B3%D8%A7%D8%B7_%D8%AF%D8%A7%D8%AE%D9%84_%D8%A7%D9%84%D8%A7%D8%B9%D9%84%D8%A7%D9%86/"}
[2026-02-16 15:46:42] [AD] [INFO] Captured GraphQL posts {"postId":"175569574"}
[2026-02-16 15:46:43] [AD] [INFO] Captured GraphQL comments {"postId":"175569574"}
[2026-02-16 15:46:43] [AD] [INFO] Contact extracted {"postId":"175569575","phone":"+966505279627","href":"tel:+966505279627"}
[2026-02-16 15:46:43] [AD] [INFO] Closing ad tab {"postId":"175569575"}
[2026-02-16 15:46:44] [AD] [INFO] Opening contact modal {"postId":"175569574"}
[2026-02-16 15:46:45] [AD] [INFO] Captured GraphQL posts {"postId":"175569569"}
[2026-02-16 15:46:45] [AD] [INFO] Captured GraphQL comments {"postId":"175569569"}
[2026-02-16 15:46:46] [AD] [INFO] Contact extracted {"postId":"175569574","phone":"+966535800700","href":"tel:+966535800700"}
[2026-02-16 15:46:46] [AD] [INFO] Closing ad tab {"postId":"175569574"}
[2026-02-16 15:46:47] [AD] [INFO] Open ad (new tab) {"postId":"175569568","url":"https://haraj.com.sa/11175569568/%D9%85%D8%B3%D8%AC%D9%84_%D8%A8%D8%A7%D8%B2%D8%B9%D9%8A/"}
[2026-02-16 15:46:47] [AD] [INFO] Opening contact modal {"postId":"175569569"}
[2026-02-16 15:46:48] [AD] [INFO] Contact extracted {"postId":"175569569","phone":"+966540775405","href":"tel:+966540775405"}
[2026-02-16 15:46:48] [AD] [INFO] Closing ad tab {"postId":"175569569"}
[2026-02-16 15:46:49] [AD] [INFO] Captured GraphQL posts {"postId":"175569568"}
[2026-02-16 15:46:49] [AD] [INFO] Captured GraphQL comments {"postId":"175569568"}
[2026-02-16 15:46:51] [AD] [INFO] Opening contact modal {"postId":"175569568"}
[2026-02-16 15:46:51] [AD] [INFO] Open ad (new tab) {"postId":"175569564","url":"https://haraj.com.sa/11175569564/%D8%B3%D9%8A%D8%A7%D8%B1%D9%87_%D9%87%D8%A7%D9%81%D8%A7%D9%84_%D8%AC%D9%88%D9%84%D9%8A%D8%A7%D9%86_%D9%85%D9%88%D8%AF%D9%8A%D9%84_2023_%D9%86%D8%B5_%D9%81%D9%84_%D9%84%D9%84%D8%AA%D9%86%D8%A7%D8%B2%D9%84_%D8%A8%D8%AF%D9%88%D9%86_%D9%85%D9%82%D8%A7%D8%A8%D9%84/"}
[2026-02-16 15:46:51] [AD] [INFO] Contact extracted {"postId":"175569568","phone":"+966564006844","href":"tel:+966564006844"}
[2026-02-16 15:46:52] [AD] [INFO] Open ad (new tab) {"postId":"175569559","url":"https://haraj.com.sa/11175569559/%D8%B3%D9%88%D9%86%D8%A7%D8%AA%D8%A7_%D9%85%D9%88%D8%AF%D9%8A%D9%84_2018/"}
[2026-02-16 15:46:52] [AD] [INFO] Closing ad tab {"postId":"175569568"}
[2026-02-16 15:46:54] [AD] [INFO] Captured GraphQL posts {"postId":"175569559"}
[2026-02-16 15:46:54] [AD] [INFO] Captured GraphQL posts {"postId":"175569564"}
[2026-02-16 15:46:54] [AD] [INFO] Captured GraphQL comments {"postId":"175569559"}
[2026-02-16 15:46:55] [AD] [INFO] Captured GraphQL comments {"postId":"175569564"}
[2026-02-16 15:46:56] [AD] [INFO] Open ad (new tab) {"postId":"175569551","url":"https://haraj.com.sa/11175569551/%D9%84%D9%88%D8%AD%D9%87_%D9%85%D9%85%D9%8A%D8%B2%D9%87_%D9%82%D9%81%D9%84_%D8%AE%D8%B5%D9%88%D8%B5%D9%8A_6886/"}
[2026-02-16 15:46:56] [AD] [INFO] Opening contact modal {"postId":"175569564"}
[2026-02-16 15:46:56] [AD] [INFO] Opening contact modal {"postId":"175569559"}
[2026-02-16 15:46:57] [AD] [INFO] Contact extracted {"postId":"175569559","phone":"+966576776323","href":"tel:+966576776323"}
[2026-02-16 15:46:57] [AD] [INFO] Closing ad tab {"postId":"175569559"}
[2026-02-16 15:46:58] [AD] [INFO] Captured GraphQL posts {"postId":"175569551"}
[2026-02-16 15:46:58] [AD] [INFO] Contact extracted {"postId":"175569564","phone":"+966555505794","href":"tel:+966555505794"}
[2026-02-16 15:46:58] [AD] [INFO] Closing ad tab {"postId":"175569564"}
[2026-02-16 15:46:58] [AD] [INFO] Captured GraphQL comments {"postId":"175569551"}
[2026-02-16 15:47:00] [AD] [INFO] Opening contact modal {"postId":"175569551"}
[2026-02-16 15:47:02] [AD] [INFO] Open ad (new tab) {"postId":"175569549","url":"https://haraj.com.sa/11175569549/%D8%B5%D9%86%D8%AF%D9%88%D9%82_%D9%82%D9%84%D8%A7%D8%A8_%D9%84%D9%84%D8%A7%D9%8A%D8%AC%D8%A7%D8%B1_%D8%A7%D9%88_%D9%84%D9%84%D8%A8%D9%8A%D8%B9/"}
[2026-02-16 15:47:03] [AD] [INFO] Open ad (new tab) {"postId":"175569547","url":"https://haraj.com.sa/11175569547/%D9%83%D9%88%D8%B1%D9%88%D9%84%D8%A7_2_0/"}
[2026-02-16 15:47:05] [AD] [INFO] Captured GraphQL posts {"postId":"175569549"}
[2026-02-16 15:47:06] [AD] [INFO] Captured GraphQL comments {"postId":"175569549"}
[2026-02-16 15:47:06] [AD] [INFO] Captured GraphQL posts {"postId":"175569547"}
[2026-02-16 15:47:06] [AD] [INFO] Captured GraphQL comments {"postId":"175569547"}
[2026-02-16 15:47:07] [AD] [INFO] Opening contact modal {"postId":"175569549"}
[2026-02-16 15:47:08] [AD] [INFO] Opening contact modal {"postId":"175569547"}
[2026-02-16 15:47:11] [AD] [INFO] Contact extracted {"postId":"175569549","phone":"+966500210536","href":"tel:+966500210536"}
[2026-02-16 15:47:11] [AD] [INFO] Closing ad tab {"postId":"175569549"}
[2026-02-16 15:47:17] [AD] [INFO] Open ad (new tab) {"postId":"175569544","url":"https://haraj.com.sa/11175569544/%D8%AC%D9%86%D9%88%D8%B7_%D9%85%D8%B1%D8%B3%D8%AF%D8%B3_%D9%87%D8%A7%D9%8A%D9%84%D9%83%D8%B3_%D8%B4%D8%B1%D8%B7_%D9%85%D8%A7%D9%81%D9%8A%D9%87%D9%85_%D8%B1%D8%AC%D9%87_%D9%85%D9%82%D8%A7%D8%B315/"}
[2026-02-16 15:47:19] [AD] [INFO] Captured GraphQL posts {"postId":"175569544"}
[2026-02-16 15:47:19] [AD] [INFO] Captured GraphQL comments {"postId":"175569544"}
[2026-02-16 15:47:20] [AD] [INFO] Opening contact modal {"postId":"175569544"}
[2026-02-16 15:47:22] [AD] [INFO] Contact extracted {"postId":"175569544","phone":"+966538063285","href":"tel:+966538063285"}
[2026-02-16 15:47:22] [AD] [INFO] Closing ad tab {"postId":"175569544"}
[2026-02-16 15:47:26] [AD] [INFO] Open ad (new tab) {"postId":"175569539","url":"https://haraj.com.sa/11175569539/%D8%A7%D9%84%D8%A7%D9%86%D8%AA%D8%B1%D8%A7_2021/"}
[2026-02-16 15:47:29] [AD] [INFO] Captured GraphQL posts {"postId":"175569539"}
[2026-02-16 15:47:29] [AD] [INFO] Captured GraphQL comments {"postId":"175569539"}
[2026-02-16 15:47:31] [AD] [INFO] Opening contact modal {"postId":"175569539"}
[2026-02-16 15:47:32] [AD] [INFO] Contact extracted {"postId":"175569539","phone":"+966537766661","href":"tel:+966537766661"}
[2026-02-16 15:47:32] [AD] [INFO] Closing ad tab {"postId":"175569539"}
[2026-02-16 15:47:38] [AD] [INFO] Open ad (new tab) {"postId":"175569535","url":"https://haraj.com.sa/11175569535/%D9%83%D8%AF%D9%84%D9%83_%D8%A7%D8%B3%D9%83%D8%A7%D9%84%D9%8A%D8%AF_2015_%D8%B3%D8%B9%D9%88%D8%AF%D9%8A_%D9%81%D9%84/"}
[2026-02-16 15:47:41] [AD] [INFO] Captured GraphQL posts {"postId":"175569535"}
[2026-02-16 15:47:41] [AD] [INFO] Captured GraphQL comments {"postId":"175569535"}
[2026-02-16 15:47:43] [AD] [INFO] Opening contact modal {"postId":"175569535"}
[2026-02-16 15:47:43] [AD] [INFO] Contact extracted {"postId":"175569535","phone":"+966551137446","href":"tel:+966551137446"}
[2026-02-16 15:47:43] [AD] [INFO] Closing ad tab {"postId":"175569535"}
[2026-02-16 15:47:48] [AD] [INFO] Open ad (new tab) {"postId":"175569531","url":"https://haraj.com.sa/11175569531/%D9%83%D8%A7%D9%85%D8%B1%D9%8A_2016/"}
[2026-02-16 15:47:50] [AD] [INFO] Captured GraphQL posts {"postId":"175569531"}
[2026-02-16 15:47:50] [AD] [INFO] Captured GraphQL comments {"postId":"175569531"}
[2026-02-16 15:47:52] [AD] [INFO] Opening contact modal {"postId":"175569531"}
[2026-02-16 15:47:53] [AD] [INFO] Contact extracted {"postId":"175569531","phone":"+966553335002","href":"tel:+966553335002"}
[2026-02-16 15:47:53] [AD] [INFO] Closing ad tab {"postId":"175569531"}
[2026-02-16 15:47:58] [AD] [INFO] Open ad (new tab) {"postId":"175569529","url":"https://haraj.com.sa/11175569529/%D9%83%D9%8A%D8%A7_%D8%AA%D9%8A%D9%84%D9%88%D8%B1%D8%A7%D9%8A%D8%AF_2024_%D9%81%D9%84_%D9%83%D8%A7%D9%85%D9%84_%D9%81%D8%AE%D8%A7%D9%85%D8%A9_%D8%B9%D8%B1%D9%88%D8%B6_%D8%B1%D9%85%D8%B6%D8%A7%D9%86_%D8%A7%D9%82%D9%84_%D8%B3%D8%B9%D8%B1/"}
[2026-02-16 15:48:01] [AD] [INFO] Captured GraphQL posts {"postId":"175569529"}
[2026-02-16 15:48:01] [AD] [INFO] Captured GraphQL comments {"postId":"175569529"}
[2026-02-16 15:48:01] [AD] [WARN] Phone did not settle in time {"postId":"175569551"}
[2026-02-16 15:48:01] [AD] [INFO] Contact extracted {"postId":"175569551","phone":null,"href":"tel:"}
[2026-02-16 15:48:01] [AD] [INFO] Closing ad tab {"postId":"175569551"}
[2026-02-16 15:48:03] [AD] [INFO] Opening contact modal {"postId":"175569529"}
[2026-02-16 15:48:04] [AD] [INFO] Contact extracted {"postId":"175569529","phone":"+966545260423","href":"tel:+966545260423"}
[2026-02-16 15:48:04] [AD] [INFO] Closing ad tab {"postId":"175569529"}
[2026-02-16 15:48:07] [AD] [INFO] Open ad (new tab) {"postId":"175569519","url":"https://haraj.com.sa/11175569519/Land_Rover_X_dynamic_Hse_%D8%AE%D9%84%D9%8A%D8%AC%D9%8A_%D8%B6%D9%85%D8%A7%D9%86_5_%D8%B3%D9%86%D9%88%D8%A7%D8%AA/"}
[2026-02-16 15:48:07] [AD] [INFO] Open ad (new tab) {"postId":"175569514","url":"https://haraj.com.sa/11175569514/%D9%87%D8%A7%D9%81%D8%A7%D9%84_H6_%D9%81%D9%84_%D9%83%D8%A7%D9%85%D9%84_2026_%D8%B9%D8%B1%D9%88%D8%B6_%D8%AE%D8%A7%D8%B5%D9%87_%D8%B9%D9%84%D9%89_%D8%A7%D9%84%D9%83%D8%A7%D8%B4_%D9%88%D8%A7%D9%84%D8%AA%D9%85%D9%88%D9%8A%D9%84/"}
[2026-02-16 15:48:09] [AD] [INFO] Captured GraphQL posts {"postId":"175569519"}
[2026-02-16 15:48:09] [AD] [WARN] Phone did not settle in time {"postId":"175569547"}
[2026-02-16 15:48:09] [AD] [INFO] Contact extracted {"postId":"175569547","phone":null,"href":"tel:"}
[2026-02-16 15:48:09] [AD] [INFO] Closing ad tab {"postId":"175569547"}
[2026-02-16 15:48:10] [AD] [INFO] Captured GraphQL comments {"postId":"175569519"}
[2026-02-16 15:48:11] [AD] [INFO] Captured GraphQL posts {"postId":"175569514"}
[2026-02-16 15:48:11] [AD] [INFO] Captured GraphQL comments {"postId":"175569514"}
[2026-02-16 15:48:11] [AD] [INFO] Opening contact modal {"postId":"175569519"}
[2026-02-16 15:48:12] [AD] [INFO] Opening contact modal {"postId":"175569514"}
[2026-02-16 15:48:13] [AD] [INFO] Contact extracted {"postId":"175569514","phone":"+966546465787","href":"tel:+966546465787"}
[2026-02-16 15:48:13] [AD] [INFO] Closing ad tab {"postId":"175569514"}
[2026-02-16 15:48:13] [AD] [INFO] Open ad (new tab) {"postId":"175569513","url":"https://haraj.com.sa/11175569513/%D9%84%D9%84%D8%A8%D9%8A%D8%B9_%D9%85%D8%B1%D8%B3%D9%8A%D8%AF%D8%B3_2013_S/"}
[2026-02-16 15:48:14] [AD] [INFO] Contact extracted {"postId":"175569519","phone":"+966502504333","href":"tel:+966502504333"}
[2026-02-16 15:48:14] [AD] [INFO] Closing ad tab {"postId":"175569519"}
[2026-02-16 15:48:16] [AD] [INFO] Captured GraphQL posts {"postId":"175569513"}
[2026-02-16 15:48:16] [AD] [INFO] Captured GraphQL comments {"postId":"175569513"}
[2026-02-16 15:48:17] [AD] [INFO] Open ad (new tab) {"postId":"175569507","url":"https://haraj.com.sa/11175569507/%D8%AC%D9%8A%D8%A8_%D9%83%D9%8A%D8%A7_%D8%B3%D9%88%D8%B1%D9%8A%D9%86%D8%AA%D9%882019/"}
[2026-02-16 15:48:17] [AD] [INFO] Open ad (new tab) {"postId":"175569512","url":"https://haraj.com.sa/11175569512/%D9%84%D9%84%D8%A8%D9%8A%D8%B9_%D9%84%D9%83%D8%B2%D8%B3_2021%D9%85%D8%AE%D8%B2%D9%86_%D8%AC%D8%AF%D9%8A%D8%AF/"}
[2026-02-16 15:48:18] [AD] [INFO] Opening contact modal {"postId":"175569513"}
[2026-02-16 15:48:20] [AD] [INFO] Captured GraphQL posts {"postId":"175569507"}
[2026-02-16 15:48:20] [AD] [INFO] Captured GraphQL comments {"postId":"175569507"}
[2026-02-16 15:48:21] [AD] [INFO] Captured GraphQL posts {"postId":"175569512"}
[2026-02-16 15:48:21] [AD] [INFO] Captured GraphQL comments {"postId":"175569512"}
[2026-02-16 15:48:22] [AD] [INFO] Opening contact modal {"postId":"175569507"}
[2026-02-16 15:48:22] [AD] [INFO] Opening contact modal {"postId":"175569512"}
[2026-02-16 15:48:23] [AD] [INFO] Contact extracted {"postId":"175569512","phone":"+966553745847","href":"tel:+966553745847"}
[2026-02-16 15:48:23] [AD] [INFO] Closing ad tab {"postId":"175569512"}
[2026-02-16 15:48:26] [AD] [INFO] Open ad (new tab) {"postId":"175569498","url":"https://haraj.com.sa/11175569498/%D8%B3%D9%88%D8%B2%D9%88%D9%83%D9%8A_%D8%AF%D9%8A%D8%B2%D8%A7%D9%8A%D8%B1_%D9%81%D9%84_%D9%83%D8%A7%D9%85%D9%84_2026_%D9%83%D8%A7%D8%B4_%D9%88%D8%AA%D9%82%D8%B3%D9%8A%D8%B7_%D8%A8%D8%A3%D9%81%D8%B6%D9%84_%D8%A7%D9%84%D8%B9%D8%B1%D9%88%D8%B6/"}
[2026-02-16 15:48:28] [AD] [INFO] Captured GraphQL posts {"postId":"175569498"}
[2026-02-16 15:48:29] [AD] [INFO] Captured GraphQL comments {"postId":"175569498"}
[2026-02-16 15:48:30] [AD] [INFO] Opening contact modal {"postId":"175569498"}
[2026-02-16 15:48:31] [AD] [INFO] Contact extracted {"postId":"175569498","phone":"+966539558954","href":"tel:+966539558954"}
[2026-02-16 15:48:31] [AD] [INFO] Closing ad tab {"postId":"175569498"}
[2026-02-16 15:48:35] [AD] [INFO] Open ad (new tab) {"postId":"175569497","url":"https://haraj.com.sa/11175569497/%D9%86%D9%8A%D8%B3%D8%A7%D9%86_%D8%A7%D9%83%D8%B3%D8%AA%D8%B1%D9%8A%D9%84_7_%D9%85%D9%82%D8%A7%D8%B9%D8%AF_%D8%A8%D8%A7%D9%84%D9%86%D9%82%D8%AF_%D9%88%D8%A7%D9%84%D8%AA%D9%82%D8%B3%D9%8A%D8%B7/"}
[2026-02-16 15:48:38] [AD] [INFO] Captured GraphQL posts {"postId":"175569497"}
[2026-02-16 15:48:38] [AD] [INFO] Captured GraphQL comments {"postId":"175569497"}
[2026-02-16 15:48:40] [AD] [INFO] Opening contact modal {"postId":"175569497"}
[2026-02-16 15:48:41] [AD] [INFO] Contact extracted {"postId":"175569497","phone":"+966550687550","href":"tel:+966550687550"}
[2026-02-16 15:48:41] [AD] [INFO] Closing ad tab {"postId":"175569497"}
[2026-02-16 15:48:47] [AD] [INFO] Open ad (new tab) {"postId":"175569494","url":"https://haraj.com.sa/11175569494/%D9%87%D8%A7%D9%8A%D9%84%D9%88%D9%83%D8%B3_2016_GLX_%D9%81%D9%84_%D9%83%D8%A7%D9%85%D9%84/"}
[2026-02-16 15:48:49] [AD] [INFO] Captured GraphQL posts {"postId":"175569494"}
[2026-02-16 15:48:49] [AD] [INFO] Captured GraphQL comments {"postId":"175569494"}
[2026-02-16 15:48:50] [AD] [INFO] Opening contact modal {"postId":"175569494"}
[2026-02-16 15:48:51] [AD] [INFO] Contact extracted {"postId":"175569494","phone":"+966552999782","href":"tel:+966552999782"}
[2026-02-16 15:48:51] [AD] [INFO] Closing ad tab {"postId":"175569494"}
[2026-02-16 15:48:56] [AD] [INFO] Open ad (new tab) {"postId":"175569490","url":"https://haraj.com.sa/11175569490/%D8%A7%D9%84%D9%86%D8%AA%D8%B1%D8%A7_2006%D8%B9%D9%84%D8%A7_%D8%A7%D9%84%D8%B4%D8%B1%D8%B7/"}
[2026-02-16 15:48:58] [AD] [INFO] Captured GraphQL posts {"postId":"175569490"}
[2026-02-16 15:48:59] [AD] [INFO] Captured GraphQL comments {"postId":"175569490"}
[2026-02-16 15:49:00] [AD] [INFO] Opening contact modal {"postId":"175569490"}
[2026-02-16 15:49:02] [AD] [INFO] Contact extracted {"postId":"175569490","phone":"+966563893002","href":"tel:+966563893002"}
[2026-02-16 15:49:02] [AD] [INFO] Closing ad tab {"postId":"175569490"}
[2026-02-16 15:49:08] [AD] [INFO] Open ad (new tab) {"postId":"175569486","url":"https://haraj.com.sa/11175569486/%D8%AF%D9%88%D8%AF%D8%AC_%D8%BA%D9%85%D8%A7%D8%B1%D8%AA%D9%8A%D9%86_2009_%D9%82%D9%8A%D8%B1_%D8%AA%D9%88%D9%85%D8%A7%D8%AA%D9%8A%D9%83_%D8%A8%D8%AF%D9%88%D9%86_%D8%AF%D8%A8%D9%84/"}
[2026-02-16 15:49:11] [AD] [INFO] Captured GraphQL posts {"postId":"175569486"}
[2026-02-16 15:49:11] [AD] [INFO] Captured GraphQL comments {"postId":"175569486"}
[2026-02-16 15:49:12] [AD] [INFO] Opening contact modal {"postId":"175569486"}
[2026-02-16 15:49:13] [AD] [INFO] Contact extracted {"postId":"175569486","phone":"+966538685119","href":"tel:+966538685119"}
[2026-02-16 15:49:13] [AD] [INFO] Closing ad tab {"postId":"175569486"}
[2026-02-16 15:49:17] [AD] [INFO] Open ad (new tab) {"postId":"175569475","url":"https://haraj.com.sa/11175569475/%D8%AC%D9%8A_%D8%A7%D9%8A_%D8%B3%D9%8A_2019_%D9%86%D8%B8%D9%8A%D9%81_%D8%AC%D8%A7%D9%83/"}
[2026-02-16 15:49:19] [AD] [WARN] Phone did not settle in time {"postId":"175569513"}
[2026-02-16 15:49:19] [AD] [INFO] Contact extracted {"postId":"175569513","phone":null,"href":"tel:"}
[2026-02-16 15:49:19] [AD] [INFO] Closing ad tab {"postId":"175569513"}
[2026-02-16 15:49:20] [AD] [INFO] Captured GraphQL posts {"postId":"175569475"}
[2026-02-16 15:49:20] [AD] [INFO] Captured GraphQL comments {"postId":"175569475"}
[2026-02-16 15:49:22] [AD] [INFO] Opening contact modal {"postId":"175569475"}
[2026-02-16 15:49:23] [AD] [INFO] Open ad (new tab) {"postId":"175569474","url":"https://haraj.com.sa/11175569474/%D8%B1%D8%A8%D8%B9_16_%D8%B4%D8%B1%D8%B7_%D9%84%D9%84%D8%A8%D9%8A%D8%B9/"}
[2026-02-16 15:49:23] [AD] [INFO] Contact extracted {"postId":"175569475","phone":"+966556988687","href":"tel:+966556988687"}
[2026-02-16 15:49:23] [AD] [INFO] Closing ad tab {"postId":"175569475"}
[2026-02-16 15:49:23] [AD] [WARN] Phone did not settle in time {"postId":"175569507"}
[2026-02-16 15:49:23] [AD] [INFO] Contact extracted {"postId":"175569507","phone":null,"href":"tel:"}
[2026-02-16 15:49:23] [AD] [INFO] Closing ad tab {"postId":"175569507"}
[2026-02-16 15:49:26] [AD] [INFO] Captured GraphQL posts {"postId":"175569474"}
[2026-02-16 15:49:27] [AD] [INFO] Captured GraphQL comments {"postId":"175569474"}
[2026-02-16 15:49:28] [AD] [INFO] Open ad (new tab) {"postId":"175569472","url":"https://haraj.com.sa/11175569472/%D9%8A%D8%A7%D9%8A%D8%A7%D8%AA_%D9%83%D9%86%D9%82_%D8%B3%D9%8A%D9%8A%D8%B1%D8%A7/"}
[2026-02-16 15:49:28] [AD] [INFO] Opening contact modal {"postId":"175569474"}
[2026-02-16 15:49:29] [AD] [INFO] Open ad (new tab) {"postId":"175569467","url":"https://haraj.com.sa/11175569467/%D9%83%D8%A7%D9%85%D8%B1%D9%8A_2016%D9%86%D8%B8%D9%8A%D9%81%D9%87/"}
[2026-02-16 15:49:29] [AD] [INFO] Contact extracted {"postId":"175569474","phone":"+966539302891","href":"tel:+966539302891"}
[2026-02-16 15:49:29] [AD] [INFO] Closing ad tab {"postId":"175569474"}
[2026-02-16 15:49:32] [AD] [INFO] Captured GraphQL posts {"postId":"175569472"}
[2026-02-16 15:49:32] [AD] [INFO] Captured GraphQL posts {"postId":"175569467"}
[2026-02-16 15:49:32] [AD] [INFO] Captured GraphQL comments {"postId":"175569472"}
[2026-02-16 15:49:32] [AD] [INFO] Captured GraphQL comments {"postId":"175569467"}
[2026-02-16 15:49:33] [AD] [INFO] Opening contact modal {"postId":"175569467"}
[2026-02-16 15:49:33] [AD] [INFO] Opening contact modal {"postId":"175569472"}
[2026-02-16 15:49:34] [AD] [INFO] Contact extracted {"postId":"175569467","phone":"+966594293404","href":"tel:+966594293404"}
[2026-02-16 15:49:34] [AD] [INFO] Closing ad tab {"postId":"175569467"}
[2026-02-16 15:49:34] [AD] [INFO] Open ad (new tab) {"postId":"175569464","url":"https://haraj.com.sa/11175569464/%D8%AC%D9%8A%D8%A8_%D8%A8%D8%AC%D9%8A%D8%B1%D9%88_%D9%85%D9%88%D8%AF%D9%8A%D9%84_2003/"}
[2026-02-16 15:49:36] [AD] [INFO] Contact extracted {"postId":"175569472","phone":"+966503075074","href":"tel:+966503075074"}
[2026-02-16 15:49:36] [AD] [INFO] Closing ad tab {"postId":"175569472"}
[2026-02-16 15:49:37] [AD] [INFO] Captured GraphQL posts {"postId":"175569464"}
[2026-02-16 15:49:37] [AD] [INFO] Captured GraphQL comments {"postId":"175569464"}
[2026-02-16 15:49:39] [AD] [INFO] Opening contact modal {"postId":"175569464"}
[2026-02-16 15:49:39] [AD] [INFO] Open ad (new tab) {"postId":"175569458","url":"https://haraj.com.sa/11175569458/%D8%B3%D9%88%D9%86%D8%A7%D8%AA%D8%A7/"}
[2026-02-16 15:49:41] [AD] [INFO] Open ad (new tab) {"postId":"175569457","url":"https://haraj.com.sa/11175569457/%D8%AC%D9%86%D8%B7_%D9%83%D8%A7%D8%A8%D8%B1%D8%B3_2013_%D9%88%D9%81%D9%88%D9%82_%D9%85%D9%82%D8%A7%D8%B3%D9%87_18_%D8%B4%D8%B1%D8%B7_%D9%85%D8%B9_%D9%83%D9%81%D8%B1%D9%87/"}
[2026-02-16 15:49:42] [AD] [INFO] Captured GraphQL posts {"postId":"175569458"}
[2026-02-16 15:49:42] [AD] [INFO] Captured GraphQL comments {"postId":"175569458"}
[2026-02-16 15:49:44] [AD] [INFO] Opening contact modal {"postId":"175569458"}
[2026-02-16 15:49:44] [AD] [INFO] Captured GraphQL posts {"postId":"175569457"}
[2026-02-16 15:49:44] [AD] [INFO] Captured GraphQL comments {"postId":"175569457"}
[2026-02-16 15:49:46] [AD] [INFO] Contact extracted {"postId":"175569458","phone":"+966568149094","href":"tel:+966568149094"}
[2026-02-16 15:49:46] [AD] [INFO] Closing ad tab {"postId":"175569458"}
[2026-02-16 15:49:46] [AD] [INFO] Opening contact modal {"postId":"175569457"}
[2026-02-16 15:49:48] [AD] [INFO] Contact extracted {"postId":"175569457","phone":"+966531116989","href":"tel:+966531116989"}
[2026-02-16 15:49:48] [AD] [INFO] Closing ad tab {"postId":"175569457"}
[2026-02-16 15:49:51] [AD] [INFO] Open ad (new tab) {"postId":"175569449","url":"https://haraj.com.sa/11175569449/%D9%84%D9%84%D8%A8%D9%8A%D8%B9_%D9%83%D8%A7%D9%85%D8%B1%D9%8A/"}
[2026-02-16 15:49:53] [AD] [INFO] Open ad (new tab) {"postId":"175569447","url":"https://haraj.com.sa/11175569447/%D8%B4%D9%81%D8%B1%D9%88%D9%84%D9%8A%D9%87_%D8%AA%D8%A7%D9%87%D9%88_2016_%D8%B3%D8%B9%D9%88%D8%AF%D9%8A_%D8%A8%D8%AF%D9%88%D9%86_%D8%AF%D8%A8%D9%84_XL/"}
[2026-02-16 15:49:54] [AD] [INFO] Captured GraphQL posts {"postId":"175569449"}
[2026-02-16 15:49:54] [AD] [INFO] Captured GraphQL comments {"postId":"175569449"}
[2026-02-16 15:49:56] [AD] [INFO] Opening contact modal {"postId":"175569449"}
[2026-02-16 15:49:56] [AD] [INFO] Captured GraphQL posts {"postId":"175569447"}
[2026-02-16 15:49:56] [AD] [INFO] Captured GraphQL comments {"postId":"175569447"}
[2026-02-16 15:49:57] [AD] [INFO] Opening contact modal {"postId":"175569447"}
[2026-02-16 15:49:57] [AD] [INFO] Contact extracted {"postId":"175569449","phone":"+966561844581","href":"tel:+966561844581"}
[2026-02-16 15:49:57] [AD] [INFO] Closing ad tab {"postId":"175569449"}
[2026-02-16 15:49:59] [AD] [INFO] Contact extracted {"postId":"175569447","phone":"+966551137446","href":"tel:+966551137446"}
[2026-02-16 15:49:59] [AD] [INFO] Closing ad tab {"postId":"175569447"}
[2026-02-16 15:50:02] [AD] [INFO] Open ad (new tab) {"postId":"175569446","url":"https://haraj.com.sa/11175569446/%D8%AA%D9%88%D9%8A%D9%88%D8%AA%D8%A7_%D8%A8%D8%B1%D8%A7%D8%AF%D9%88_2022_%D9%81%D9%84_%D9%83%D8%A7%D9%85%D9%84_VX/"}
[2026-02-16 15:50:02] [AD] [INFO] Open ad (new tab) {"postId":"175569660","url":"https://haraj.com.sa/11175569660/%D9%84%D9%84%D8%A8%D9%8A%D8%B9_%D9%84%D9%88%D8%AD%D9%87_%D8%AE%D8%B5%D9%88%D8%B5%D9%8A_%D9%85%D9%85%D9%8A%D8%B2%D9%87/"}
[2026-02-16 15:50:05] [AD] [INFO] Captured GraphQL posts {"postId":"175569446"}
[2026-02-16 15:50:05] [AD] [INFO] Captured GraphQL posts {"postId":"175569660"}
[2026-02-16 15:50:06] [AD] [INFO] Captured GraphQL comments {"postId":"175569660"}
[2026-02-16 15:50:06] [AD] [INFO] Captured GraphQL comments {"postId":"175569446"}
[2026-02-16 15:50:07] [AD] [INFO] Opening contact modal {"postId":"175569660"}
[2026-02-16 15:50:07] [AD] [INFO] Opening contact modal {"postId":"175569446"}
[2026-02-16 15:50:08] [AD] [INFO] Contact extracted {"postId":"175569660","phone":"+966532159820","href":"tel:+966532159820"}
[2026-02-16 15:50:08] [AD] [INFO] Closing ad tab {"postId":"175569660"}
[2026-02-16 15:50:10] [AD] [INFO] Contact extracted {"postId":"175569446","phone":"+966537925506","href":"tel:+966537925506"}
[2026-02-16 15:50:10] [AD] [INFO] Closing ad tab {"postId":"175569446"}
[2026-02-16 15:50:12] [AD] [INFO] Open ad (new tab) {"postId":"175569656","url":"https://haraj.com.sa/11175569656/%D9%81%D9%88%D8%B1%D8%AF_%D9%83%D8%B1%D8%A7%D9%88%D9%86_%D9%81%D9%83%D8%AA%D9%88%D8%B1%D9%8A%D8%A7_%D9%85%D8%AF%D9%8A%D9%84_2011_%D8%A7%D9%84%D8%AE%D8%B1%D8%AC/"}
[2026-02-16 15:50:14] [AD] [INFO] Captured GraphQL posts {"postId":"175569656"}
[2026-02-16 15:50:14] [AD] [INFO] Open ad (new tab) {"postId":"175569653","url":"https://haraj.com.sa/11175569653/%D8%AC%D9%8A%D8%AA%D9%88%D8%B1_X50_%D8%A8%D8%B1%D9%8A%D9%85%D9%8A%D9%88%D9%85_%D9%81%D9%84_%D9%83%D8%A7%D9%85%D9%84_%D8%B9%D8%B1%D8%B6_%D8%AE%D8%A7%D8%B5_%D9%84%D9%84%D9%83%D8%A7%D8%B4_%D9%88%D8%AA%D8%B3%D9%84%D9%8A%D9%85_%D9%81%D9%88%D8%B1%D9%8A/"}
[2026-02-16 15:50:14] [AD] [INFO] Captured GraphQL comments {"postId":"175569656"}
[2026-02-16 15:50:16] [AD] [INFO] Opening contact modal {"postId":"175569656"}
[2026-02-16 15:50:16] [AD] [INFO] Captured GraphQL posts {"postId":"175569653"}
[2026-02-16 15:50:17] [AD] [INFO] Captured GraphQL comments {"postId":"175569653"}
[2026-02-16 15:50:17] [AD] [INFO] Contact extracted {"postId":"175569656","phone":"+966500267443","href":"tel:+966500267443"}
[2026-02-16 15:50:17] [AD] [INFO] Closing ad tab {"postId":"175569656"}
[2026-02-16 15:50:18] [AD] [INFO] Opening contact modal {"postId":"175569653"}
[2026-02-16 15:50:20] [AD] [INFO] Contact extracted {"postId":"175569653","phone":"+966532837908","href":"tel:+966532837908"}
[2026-02-16 15:50:20] [AD] [INFO] Closing ad tab {"postId":"175569653"}
[2026-02-16 15:50:20] [AD] [INFO] Open ad (new tab) {"postId":"175569647","url":"https://haraj.com.sa/11175569647/%D9%85%D8%B7%D9%84%D9%88%D8%A8_%D8%B3%D9%8A%D8%A7%D8%B1%D8%A9_%D8%A7%D9%82%D8%B3%D8%A7%D8%B7/"}
[2026-02-16 15:50:23] [AD] [INFO] Open ad (new tab) {"postId":"175569644","url":"https://haraj.com.sa/11175569644/%D8%B4%D8%A8%D8%AD_94_%D8%AA%D8%B4%D9%84%D9%8A%D8%AD_320/"}
[2026-02-16 15:50:23] [AD] [INFO] Captured GraphQL posts {"postId":"175569647"}
[2026-02-16 15:50:24] [AD] [INFO] Captured GraphQL comments {"postId":"175569647"}
[2026-02-16 15:50:25] [AD] [INFO] Opening contact modal {"postId":"175569647"}
[2026-02-16 15:50:26] [AD] [INFO] Captured GraphQL posts {"postId":"175569644"}
[2026-02-16 15:50:26] [AD] [INFO] Captured GraphQL comments {"postId":"175569644"}
[2026-02-16 15:50:27] [AD] [INFO] Contact extracted {"postId":"175569647","phone":"+966509190265","href":"tel:+966509190265"}
[2026-02-16 15:50:27] [AD] [INFO] Closing ad tab {"postId":"175569647"}
[2026-02-16 15:50:28] [AD] [INFO] Opening contact modal {"postId":"175569644"}
[2026-02-16 15:50:29] [AD] [INFO] Contact extracted {"postId":"175569644","phone":"+966592088073","href":"tel:+966592088073"}
[2026-02-16 15:50:29] [AD] [INFO] Closing ad tab {"postId":"175569644"}
[2026-02-16 15:50:32] [AD] [INFO] Open ad (new tab) {"postId":"175569643","url":"https://haraj.com.sa/11175569643/%D8%B1%D9%86%D8%AC_%D8%B1%D9%88%D9%81%D8%B1_%D9%81%D9%88%D8%AC_%D8%A7%D9%88%D8%AA%D9%88%D8%A8%D8%AC%D8%B1%D8%A7%D9%81%D9%8A_2015_%D9%84%D8%A7_%D8%A7%D9%82%D8%A8%D9%84_%D8%A8%D8%AF%D9%84_%D8%A7%D9%88_%D8%A7%D9%82%D8%B3%D8%A7%D8%B7/"}
[2026-02-16 15:50:34] [AD] [INFO] Open ad (new tab) {"postId":"175569640","url":"https://haraj.com.sa/11175569640/%D9%84%D8%A7%D9%86%D8%AF%D9%83%D8%B1%D9%88%D8%B2%D8%B1_VXR_Z_%D9%81%D9%84_%D8%A7%D9%84%D9%81%D9%84_2026_%D8%A8%D8%B1%D9%8A%D9%85%D9%8A_%D8%A7%D9%82%D9%84_%D8%B3%D8%B9%D8%B1_%D8%A8%D8%A7%D9%84%D8%B3%D9%88%D9%82/"}
[2026-02-16 15:50:34] [AD] [INFO] Captured GraphQL posts {"postId":"175569643"}
[2026-02-16 15:50:34] [AD] [INFO] Captured GraphQL comments {"postId":"175569643"}
[2026-02-16 15:50:36] [AD] [INFO] Opening contact modal {"postId":"175569643"}
[2026-02-16 15:50:36] [AD] [INFO] Captured GraphQL posts {"postId":"175569640"}
[2026-02-16 15:50:37] [AD] [INFO] Captured GraphQL comments {"postId":"175569640"}
[2026-02-16 15:50:38] [AD] [INFO] Contact extracted {"postId":"175569643","phone":"+966570774472","href":"tel:+966570774472"}
[2026-02-16 15:50:38] [AD] [INFO] Closing ad tab {"postId":"175569643"}
[2026-02-16 15:50:38] [AD] [INFO] Opening contact modal {"postId":"175569640"}
[2026-02-16 15:50:39] [AD] [INFO] Contact extracted {"postId":"175569640","phone":"+966503486579","href":"tel:+966503486579"}
[2026-02-16 15:50:39] [AD] [INFO] Closing ad tab {"postId":"175569640"}
[2026-02-16 15:50:40] [AD] [WARN] Phone did not settle in time {"postId":"175569464"}
[2026-02-16 15:50:40] [AD] [INFO] Contact extracted {"postId":"175569464","phone":null,"href":"tel:"}
[2026-02-16 15:50:40] [AD] [INFO] Closing ad tab {"postId":"175569464"}
[2026-02-16 15:50:43] [AD] [INFO] Open ad (new tab) {"postId":"175569637","url":"https://haraj.com.sa/11175569637/%D8%AC%D9%8A_%D8%A7%D9%85_%D8%B3%D9%8A_1995/"}
[2026-02-16 15:50:43] [AD] [INFO] Open ad (new tab) {"postId":"175569634","url":"https://haraj.com.sa/11175569634/%D8%AC%D9%8A%D9%84%D9%8A_%D9%83%D9%88%D9%84_%D8%B1%D8%A7%D9%8A_%D8%B3%D8%AA%D8%A7%D9%86%D8%AF%D8%B1_2024/"}
[2026-02-16 15:50:46] [AD] [INFO] Open ad (new tab) {"postId":"175569630","url":"https://haraj.com.sa/11175569630/%D9%81%D8%AA%D9%83_%D8%B3%D9%88%D8%A8%D8%B1_%D8%B3%D9%81%D8%A7%D8%B1%D9%8A_2/"}
[2026-02-16 15:50:47] [AD] [INFO] Captured GraphQL posts {"postId":"175569634"}
[2026-02-16 15:50:47] [AD] [INFO] Captured GraphQL posts {"postId":"175569637"}
[2026-02-16 15:50:47] [AD] [INFO] Captured GraphQL comments {"postId":"175569637"}
[2026-02-16 15:50:47] [AD] [INFO] Captured GraphQL comments {"postId":"175569634"}
[2026-02-16 15:50:48] [AD] [INFO] Opening contact modal {"postId":"175569637"}
[2026-02-16 15:50:49] [AD] [INFO] Opening contact modal {"postId":"175569634"}
[2026-02-16 15:50:49] [AD] [INFO] Captured GraphQL posts {"postId":"175569630"}
[2026-02-16 15:50:49] [AD] [INFO] Captured GraphQL comments {"postId":"175569630"}
[2026-02-16 15:50:50] [AD] [INFO] Contact extracted {"postId":"175569634","phone":"+966599923263","href":"tel:+966599923263"}
[2026-02-16 15:50:50] [AD] [INFO] Closing ad tab {"postId":"175569634"}
[2026-02-16 15:50:51] [AD] [INFO] Contact extracted {"postId":"175569637","phone":"+966550496008","href":"tel:+966550496008"}
[2026-02-16 15:50:51] [AD] [INFO] Closing ad tab {"postId":"175569637"}
[2026-02-16 15:50:51] [AD] [INFO] Opening contact modal {"postId":"175569630"}
[2026-02-16 15:50:52] [AD] [INFO] Contact extracted {"postId":"175569630","phone":"+966556134880","href":"tel:+966556134880"}
[2026-02-16 15:50:52] [AD] [INFO] Closing ad tab {"postId":"175569630"}
[2026-02-16 15:50:54] [AD] [INFO] Open ad (new tab) {"postId":"175569628","url":"https://haraj.com.sa/11175569628/%D8%AC%D9%8A%D8%A8_%D9%82%D9%8A%D8%B1_%D8%B9%D8%A7%D8%AF%D9%8A/"}
[2026-02-16 15:50:54] [AD] [INFO] Open ad (new tab) {"postId":"175569627","url":"https://haraj.com.sa/11175569627/%D8%AC%D9%8A%D8%A8_%D8%B1%D8%A8%D8%B9/"}
[2026-02-16 15:50:57] [AD] [INFO] Captured GraphQL posts {"postId":"175569627"}
[2026-02-16 15:50:57] [AD] [INFO] Captured GraphQL comments {"postId":"175569627"}
[2026-02-16 15:50:57] [AD] [INFO] Open ad (new tab) {"postId":"175569626","url":"https://haraj.com.sa/11175569626/%D8%AA%D9%88%D9%8A%D9%88%D8%AA%D8%A7_%D9%81%D9%8A%D9%84%D9%88%D8%B2_2025_GLX_%D9%81%D9%84_%D9%83%D8%A7%D9%85%D9%84/"}
[2026-02-16 15:50:58] [AD] [INFO] Captured GraphQL posts {"postId":"175569628"}
[2026-02-16 15:50:58] [AD] [INFO] Opening contact modal {"postId":"175569627"}
[2026-02-16 15:50:59] [AD] [INFO] Captured GraphQL comments {"postId":"175569628"}
[2026-02-16 15:51:00] [AD] [INFO] Opening contact modal {"postId":"175569628"}
[2026-02-16 15:51:00] [AD] [INFO] Captured GraphQL posts {"postId":"175569626"}
[2026-02-16 15:51:00] [AD] [INFO] Captured GraphQL comments {"postId":"175569626"}
[2026-02-16 15:51:01] [AD] [INFO] Contact extracted {"postId":"175569627","phone":"+966550774448","href":"tel:+966550774448"}
[2026-02-16 15:51:01] [AD] [INFO] Closing ad tab {"postId":"175569627"}
[2026-02-16 15:51:01] [AD] [INFO] Opening contact modal {"postId":"175569626"}
[2026-02-16 15:51:02] [AD] [INFO] Contact extracted {"postId":"175569626","phone":"+966544150848","href":"tel:+966544150848"}
[2026-02-16 15:51:02] [AD] [INFO] Closing ad tab {"postId":"175569626"}
[2026-02-16 15:51:03] [AD] [INFO] Contact extracted {"postId":"175569628","phone":"+966539714336","href":"tel:+966539714336"}
[2026-02-16 15:51:03] [AD] [INFO] Closing ad tab {"postId":"175569628"}
[2026-02-16 15:51:06] [AD] [INFO] Open ad (new tab) {"postId":"175569624","url":"https://haraj.com.sa/11175569624/%D8%B1%D8%A8%D8%B9_%D8%A8%D9%88%D9%84%D9%8A%D8%B3%D9%8A_2016/"}
[2026-02-16 15:51:08] [AD] [INFO] Open ad (new tab) {"postId":"175569615","url":"https://haraj.com.sa/11175569615/%D8%AC%D9%86%D9%88%D8%B7_%D9%81%D9%88%D8%B1%D8%AF_%D8%A8%D9%88%D9%84%D9%8A%D8%B3%D9%8A/"}
[2026-02-16 15:51:08] [AD] [INFO] Open ad (new tab) {"postId":"175569622","url":"https://haraj.com.sa/11175569622/%D8%B9%D8%A7%D9%85/"}
[2026-02-16 15:51:09] [AD] [INFO] Captured GraphQL posts {"postId":"175569624"}
[2026-02-16 15:51:09] [AD] [INFO] Captured GraphQL comments {"postId":"175569624"}
[2026-02-16 15:51:10] [AD] [INFO] Opening contact modal {"postId":"175569624"}
[2026-02-16 15:51:11] [AD] [INFO] Captured GraphQL posts {"postId":"175569622"}
[2026-02-16 15:51:11] [AD] [INFO] Captured GraphQL posts {"postId":"175569615"}
[2026-02-16 15:51:11] [AD] [INFO] Captured GraphQL comments {"postId":"175569622"}
[2026-02-16 15:51:12] [AD] [INFO] Captured GraphQL comments {"postId":"175569615"}
[2026-02-16 15:51:12] [AD] [INFO] Contact extracted {"postId":"175569624","phone":"+966559122295","href":"tel:+966559122295"}
[2026-02-16 15:51:12] [AD] [INFO] Closing ad tab {"postId":"175569624"}
[2026-02-16 15:51:13] [AD] [INFO] Opening contact modal {"postId":"175569615"}
[2026-02-16 15:51:13] [AD] [INFO] Opening contact modal {"postId":"175569622"}
[2026-02-16 15:51:14] [AD] [INFO] Contact extracted {"postId":"175569615","phone":"+966582205981","href":"tel:+966582205981"}
[2026-02-16 15:51:14] [AD] [INFO] Closing ad tab {"postId":"175569615"}
[2026-02-16 15:51:15] [AD] [INFO] Contact extracted {"postId":"175569622","phone":"+966556193880","href":"tel:+966556193880"}
[2026-02-16 15:51:15] [AD] [INFO] Closing ad tab {"postId":"175569622"}
[2026-02-16 15:51:16] [AD] [INFO] Open ad (new tab) {"postId":"175569610","url":"https://haraj.com.sa/11175569610/%D8%AC%D9%86%D9%88%D8%B7_%D8%A8%D8%B1%D8%A7%D9%8A%D8%AF_%D9%88%D9%83%D9%81%D8%B1%D8%A7%D8%AA_%D9%85%D8%A7%D8%B1%D8%B4%D8%A7%D9%84/"}
[2026-02-16 15:51:18] [AD] [INFO] Open ad (new tab) {"postId":"175569608","url":"https://haraj.com.sa/11175569608/%D8%AF%D9%8A%D9%86%D9%87_%D8%AF%D9%86%D9%87_%D9%83%D8%B1%D9%8A%D9%86_%D9%88%D9%86%D8%B4_%D8%A7%D9%84%D8%AE%D8%A8%D8%B1_%D8%A7%D9%84%D8%AF%D9%85%D8%A7%D9%85/"}
[2026-02-16 15:51:19] [AD] [INFO] Open ad (new tab) {"postId":"175569600","url":"https://haraj.com.sa/11175569600/%D8%A8%D9%8A_%D8%A7%D9%85_%D8%AF%D8%A7%D8%A8%D9%84%D9%8A%D9%88%D8%A7_520im_2025/"}
[2026-02-16 15:51:19] [AD] [INFO] Captured GraphQL posts {"postId":"175569610"}
[2026-02-16 15:51:19] [AD] [INFO] Captured GraphQL comments {"postId":"175569610"}
[2026-02-16 15:51:21] [AD] [INFO] Opening contact modal {"postId":"175569610"}
[2026-02-16 15:51:21] [AD] [INFO] Captured GraphQL posts {"postId":"175569608"}
[2026-02-16 15:51:22] [AD] [INFO] Captured GraphQL comments {"postId":"175569608"}
[2026-02-16 15:51:22] [AD] [INFO] Captured GraphQL posts {"postId":"175569600"}
[2026-02-16 15:51:22] [AD] [INFO] Captured GraphQL comments {"postId":"175569600"}
[2026-02-16 15:51:23] [AD] [INFO] Opening contact modal {"postId":"175569608"}
[2026-02-16 15:51:24] [AD] [INFO] Opening contact modal {"postId":"175569600"}
[2026-02-16 15:51:25] [AD] [INFO] Contact extracted {"postId":"175569608","phone":"+966532523586","href":"tel:+966532523586"}
[2026-02-16 15:51:25] [AD] [INFO] Closing ad tab {"postId":"175569608"}
[2026-02-16 15:51:26] [AD] [INFO] Contact extracted {"postId":"175569600","phone":"+966535461559","href":"tel:+966535461559"}
[2026-02-16 15:51:26] [AD] [INFO] Closing ad tab {"postId":"175569600"}
[2026-02-16 15:51:29] [AD] [INFO] Open ad (new tab) {"postId":"175569593","url":"https://haraj.com.sa/11175569593/%D8%A8%D8%A7%D8%B5_%D9%87%D9%88%D9%86%D8%AF%D8%A7%D9%8A_30_%D8%B1%D8%A7%D9%83%D8%A8_3_%D9%83%D9%88%D8%AA%D9%86%D9%8A/"}
[2026-02-16 15:51:30] [AD] [INFO] Open ad (new tab) {"postId":"175569599","url":"https://haraj.com.sa/11175569599/%D9%84%D9%83%D8%B2%D8%B3_ES350_DD_%D9%81%D9%84_%D9%83%D8%A7%D9%85%D9%84_2025_%D8%AC%D9%85%D9%8A%D8%B9_%D8%A7%D9%84%D8%A7%D9%84%D9%88%D8%A7%D9%86/"}
[2026-02-16 15:51:32] [AD] [INFO] Captured GraphQL posts {"postId":"175569599"}
[2026-02-16 15:51:32] [AD] [INFO] Captured GraphQL comments {"postId":"175569599"}
[2026-02-16 15:51:33] [AD] [INFO] Captured GraphQL posts {"postId":"175569593"}
[2026-02-16 15:51:33] [AD] [INFO] Captured GraphQL comments {"postId":"175569593"}
[2026-02-16 15:51:33] [AD] [INFO] Opening contact modal {"postId":"175569599"}
[2026-02-16 15:51:34] [AD] [INFO] Opening contact modal {"postId":"175569593"}
[2026-02-16 15:51:34] [AD] [INFO] Contact extracted {"postId":"175569599","phone":"+966505123041","href":"tel:+966505123041"}
[2026-02-16 15:51:34] [AD] [INFO] Closing ad tab {"postId":"175569599"}
[2026-02-16 15:51:36] [AD] [INFO] Contact extracted {"postId":"175569593","phone":"+966580897741","href":"tel:+966580897741"}
[2026-02-16 15:51:36] [AD] [INFO] Closing ad tab {"postId":"175569593"}
[2026-02-16 15:51:38] [AD] [INFO] Open ad (new tab) {"postId":"175569743","url":"https://haraj.com.sa/11175569743/%D8%A7%D9%85_%D8%AC%D9%8A_2021_%D8%B2%D8%AF_%D8%A7%D8%B3_%D9%81%D9%84_%D8%A7%D9%84%D9%81%D9%84_%D8%A7%D8%B9%D9%84%D8%A7_%D9%81%D8%A6%D9%87/"}
[2026-02-16 15:51:39] [AD] [INFO] Open ad (new tab) {"postId":"175569742","url":"https://haraj.com.sa/11175569742/%D9%84%D9%88%D8%AD%D8%A9_%D8%B1%D9%82%D9%85_%D9%85%D9%85%D9%8A%D8%B2_505_%D8%AD%D8%B1%D9%88%D9%81_%D8%A3_%D8%AD_%D9%87_%D8%B9%D9%84%D9%89_%D8%A7%D9%84%D8%B3%D9%88%D9%85_%D8%B9%D8%A7%D9%85_%D8%A8%D8%B1%D9%82%D9%85_%D8%A7%D9%84%D8%AC%D9%88%D8%A7%D9%84/"}
[2026-02-16 15:52:23] [AD] [WARN] Phone did not settle in time {"postId":"175569610"}
[2026-02-16 15:52:23] [AD] [INFO] Contact extracted {"postId":"175569610","phone":null,"href":"tel:"}
[2026-02-16 15:52:23] [AD] [INFO] Closing ad tab {"postId":"175569610"}
[2026-02-16 15:52:27] [AD] [INFO] Open ad (new tab) {"postId":"175569741","url":"https://haraj.com.sa/11175569741/%D8%AF%D8%A7%D9%8A%D9%87%D8%A7%D8%AA%D8%B3%D9%88_%D9%81%D8%A7%D9%86_2014/"}
[2026-02-16 15:52:30] [AD] [INFO] Captured GraphQL posts {"postId":"175569741"}
[2026-02-16 15:52:30] [AD] [INFO] Captured GraphQL comments {"postId":"175569741"}
[2026-02-16 15:52:32] [AD] [INFO] Opening contact modal {"postId":"175569741"}
[2026-02-16 15:52:33] [AD] [INFO] Contact extracted {"postId":"175569741","phone":"+966550070417","href":"tel:+966550070417"}
[2026-02-16 15:52:33] [AD] [INFO] Closing ad tab {"postId":"175569741"}
[2026-02-16 15:52:38] [AD] [INFO] Open ad (new tab) {"postId":"175569733","url":"https://haraj.com.sa/11175569733/%D8%AA%D9%88%D9%8A%D9%88%D8%AA%D8%A7_%D9%83%D8%A7%D9%85%D8%B1%D9%8A_E_%D8%A8%D9%84%D8%B3_%D9%87%D8%A7%D9%8A%D8%A8%D8%B1%D8%AF_2025/"}
[2026-02-16 15:52:40] [AD] [WARN] post-contact not found {"postId":"175569743"}
[2026-02-16 15:52:41] [AD] [INFO] Captured GraphQL posts {"postId":"175569733"}
[2026-02-16 15:52:41] [AD] [INFO] Captured GraphQL comments {"postId":"175569733"}
[2026-02-16 15:52:41] [AD] [WARN] Contact button not visible {"postId":"175569743"}
[2026-02-16 15:52:41] [AD] [INFO] Closing ad tab {"postId":"175569743"}
[2026-02-16 15:52:42] [AD] [WARN] post-contact not found {"postId":"175569742"}
[2026-02-16 15:52:42] [AD] [INFO] Opening contact modal {"postId":"175569733"}
[2026-02-16 15:52:43] [AD] [WARN] Contact button not visible {"postId":"175569742"}
[2026-02-16 15:52:43] [AD] [INFO] Closing ad tab {"postId":"175569742"}
[2026-02-16 15:52:43] [AD] [INFO] Contact extracted {"postId":"175569733","phone":"+966539151543","href":"tel:+966539151543"}
[2026-02-16 15:52:43] [AD] [INFO] Closing ad tab {"postId":"175569733"}
[2026-02-16 15:52:46] [AD] [INFO] Open ad (new tab) {"postId":"175569732","url":"https://haraj.com.sa/11175569732/%D8%A7%D9%81_%D8%AC%D9%8A/"}
[2026-02-16 15:52:48] [AD] [INFO] Open ad (new tab) {"postId":"175569731","url":"https://haraj.com.sa/11175569731/%D9%84%D8%A7%D9%86%D8%AF%D9%83%D8%B1%D9%88%D8%B2%D8%B1_2026L4_%D8%A8%D9%86%D8%B2%D9%8A%D9%86_%D8%B3%D8%B9%D9%88%D8%AF%D9%8A_%D9%83%D8%A7%D8%B4_%D9%88%D8%A7%D9%82%D8%B5%D8%A7%D8%AF_%D8%A7%D9%84%D8%A8%D9%86%D9%88%D9%83/"}
[2026-02-16 15:52:48] [AD] [INFO] Open ad (new tab) {"postId":"175569725","url":"https://haraj.com.sa/11175569725/%D9%84%D9%84%D8%A8%D9%8A%D8%B9_%D9%87%D9%88%D9%86%D8%AF%D8%A7%D9%8A_%D8%A7%D9%86%D8%AA%D8%B1%D8%A7_N/"}
[2026-02-16 15:52:49] [AD] [INFO] Captured GraphQL posts {"postId":"175569732"}
[2026-02-16 15:52:49] [AD] [INFO] Captured GraphQL comments {"postId":"175569732"}
[2026-02-16 15:52:51] [AD] [INFO] Opening contact modal {"postId":"175569732"}
[2026-02-16 15:52:51] [AD] [INFO] Captured GraphQL posts {"postId":"175569725"}
[2026-02-16 15:52:52] [AD] [INFO] Captured GraphQL posts {"postId":"175569731"}
[2026-02-16 15:52:52] [AD] [INFO] Captured GraphQL comments {"postId":"175569725"}
[2026-02-16 15:52:52] [AD] [INFO] Captured GraphQL comments {"postId":"175569731"}
[2026-02-16 15:52:53] [AD] [INFO] Contact extracted {"postId":"175569732","phone":"+966508347476","href":"tel:+966508347476"}
[2026-02-16 15:52:53] [AD] [INFO] Closing ad tab {"postId":"175569732"}
[2026-02-16 15:52:53] [AD] [INFO] Opening contact modal {"postId":"175569731"}
[2026-02-16 15:52:53] [AD] [INFO] Opening contact modal {"postId":"175569725"}
[2026-02-16 15:52:54] [AD] [INFO] Contact extracted {"postId":"175569731","phone":"+966596482481","href":"tel:+966596482481"}
[2026-02-16 15:52:54] [AD] [INFO] Closing ad tab {"postId":"175569731"}
[2026-02-16 15:52:54] [AD] [INFO] Contact extracted {"postId":"175569725","phone":"+966502593931","href":"tel:+966502593931"}
[2026-02-16 15:52:54] [AD] [INFO] Closing ad tab {"postId":"175569725"}
[2026-02-16 15:52:57] [AD] [INFO] Open ad (new tab) {"postId":"175569723","url":"https://haraj.com.sa/11175569723/%D8%A7%D8%AD%D8%AA%D8%A7%D8%AC_%D8%B4%D9%82%D9%87_%D8%BA%D8%B1%D9%81%D8%AA%D9%8A%D9%86_%D8%A7%D9%88_%D8%AB%D9%84%D8%A7%D8%AB_%D8%BA%D8%B1%D9%81_%D9%84%D9%84%D8%B9%D8%B4%D8%B1_%D8%A7%D9%84%D8%A7%D9%88%D8%A7%D8%AE%D8%B1/"}
[2026-02-16 15:52:59] [AD] [INFO] Open ad (new tab) {"postId":"175569720","url":"https://haraj.com.sa/11175569720/%D8%B4%D8%A7%D8%B4%D9%87_24_%D8%A8%D9%88%D8%B5%D9%87_acer/"}
[2026-02-16 15:52:59] [AD] [INFO] Open ad (new tab) {"postId":"175569713","url":"https://haraj.com.sa/11175569713/%D9%87%D9%8A%D9%88%D9%86%D8%AF%D8%A7%D9%8A_%D8%B3%D9%88%D9%86%D8%A7%D8%AA%D8%A7_2026_%D8%A7%D9%82%D9%84_%D8%B3%D8%B9%D8%B1_%D8%B9%D8%B1%D9%88%D8%B6_%D8%B1%D9%85%D8%B6%D8%A7%D9%86/"}
[2026-02-16 15:52:59] [AD] [INFO] Captured GraphQL posts {"postId":"175569723"}
[2026-02-16 15:52:59] [AD] [INFO] Captured GraphQL comments {"postId":"175569723"}
[2026-02-16 15:53:01] [AD] [INFO] Opening contact modal {"postId":"175569723"}
[2026-02-16 15:53:02] [AD] [INFO] Captured GraphQL posts {"postId":"175569713"}
[2026-02-16 15:53:02] [AD] [INFO] Captured GraphQL posts {"postId":"175569720"}
[2026-02-16 15:53:02] [AD] [INFO] Captured GraphQL comments {"postId":"175569713"}
[2026-02-16 15:53:02] [AD] [INFO] Captured GraphQL comments {"postId":"175569720"}
[2026-02-16 15:53:03] [AD] [INFO] Opening contact modal {"postId":"175569713"}
[2026-02-16 15:53:04] [AD] [INFO] Opening contact modal {"postId":"175569720"}
[2026-02-16 15:53:04] [AD] [INFO] Contact extracted {"postId":"175569723","phone":"+966563010693","href":"tel:+966563010693"}
[2026-02-16 15:53:04] [AD] [INFO] Closing ad tab {"postId":"175569723"}
[2026-02-16 15:53:04] [AD] [INFO] Contact extracted {"postId":"175569713","phone":"+966545260423","href":"tel:+966545260423"}
[2026-02-16 15:53:04] [AD] [INFO] Closing ad tab {"postId":"175569713"}
[2026-02-16 15:53:06] [AD] [INFO] Contact extracted {"postId":"175569720","phone":"+966571234812","href":"tel:+966571234812"}
[2026-02-16 15:53:06] [AD] [INFO] Closing ad tab {"postId":"175569720"}
[2026-02-16 15:53:07] [AD] [INFO] Open ad (new tab) {"postId":"175569710","url":"https://haraj.com.sa/11175569710/%D9%83%D9%8A%D8%A7_K5_2026_%D8%A8%D8%AF%D9%88%D9%86_%D8%AF%D9%81%D8%B9%D8%A9_%D8%A7%D9%88%D9%84%D9%89_%D8%AD%D8%B1%D9%82_%D8%A7%D8%B3%D8%B9%D8%A7%D8%B1_%D9%84%D9%81%D8%AA%D8%B1%D8%A9_%D9%85%D8%AD%D8%AF%D9%88%D8%AF%D8%A9/"}
[2026-02-16 15:53:08] [AD] [INFO] Open ad (new tab) {"postId":"175569704","url":"https://haraj.com.sa/11175569704/%D8%A7%D9%83%D9%88%D8%B1%D8%AF_2017_%D9%84%D9%84%D8%A8%D9%8A%D8%B9_%D8%AA%D8%B4%D9%84%D9%8A%D8%AD/"}
[2026-02-16 15:53:10] [AD] [INFO] Captured GraphQL posts {"postId":"175569710"}
[2026-02-16 15:53:10] [AD] [INFO] Open ad (new tab) {"postId":"175569703","url":"https://haraj.com.sa/11175569703/%D8%B4%D8%A7%D8%B5_2013_%D9%88%D9%86%D8%B4_%D8%AF%D9%81%D9%84%D9%83/"}
[2026-02-16 15:53:12] [AD] [INFO] Captured GraphQL comments {"postId":"175569710"}
[2026-02-16 15:53:12] [AD] [INFO] Captured GraphQL posts {"postId":"175569703"}
[2026-02-16 15:53:12] [AD] [INFO] Captured GraphQL posts {"postId":"175569704"}
[2026-02-16 15:53:13] [AD] [INFO] Captured GraphQL comments {"postId":"175569703"}
[2026-02-16 15:53:13] [AD] [INFO] Opening contact modal {"postId":"175569710"}
[2026-02-16 15:53:13] [AD] [INFO] Captured GraphQL comments {"postId":"175569704"}
[2026-02-16 15:53:14] [AD] [INFO] Opening contact modal {"postId":"175569704"}
[2026-02-16 15:53:14] [AD] [INFO] Opening contact modal {"postId":"175569703"}
[2026-02-16 15:53:15] [AD] [INFO] Contact extracted {"postId":"175569710","phone":"+966550687550","href":"tel:+966550687550"}
[2026-02-16 15:53:15] [AD] [INFO] Closing ad tab {"postId":"175569710"}
[2026-02-16 15:53:15] [AD] [INFO] Contact extracted {"postId":"175569704","phone":"+966565052088","href":"tel:+966565052088"}
[2026-02-16 15:53:15] [AD] [INFO] Closing ad tab {"postId":"175569704"}
[2026-02-16 15:53:16] [AD] [INFO] Contact extracted {"postId":"175569703","phone":"+966553957236","href":"tel:+966553957236"}
[2026-02-16 15:53:16] [AD] [INFO] Closing ad tab {"postId":"175569703"}
[2026-02-16 15:53:20] [AD] [INFO] Open ad (new tab) {"postId":"175569695","url":"https://haraj.com.sa/11175569695/%D8%AF%D9%88%D8%AF%D8%AC_%D8%AA%D8%B4%D8%A7%D8%B1%D8%AC%D8%B1_2014_V8/"}
[2026-02-16 15:53:20] [AD] [INFO] Open ad (new tab) {"postId":"175569697","url":"https://haraj.com.sa/11175569697/%D8%A8%D9%8A_%D8%A7%D9%85_%D8%AF%D8%A8%D9%84%D9%8A%D9%88_2014_Li740_%D8%B3%D8%B9%D9%88%D8%AF%D9%8A_%D9%81%D9%84/"}
[2026-02-16 15:53:20] [AD] [INFO] Open ad (new tab) {"postId":"175569698","url":"https://haraj.com.sa/11175569698/%D8%B1%D8%A7%D9%86%D8%AC%D9%84%D8%B1/"}
[2026-02-16 15:53:23] [AD] [INFO] Captured GraphQL posts {"postId":"175569698"}
[2026-02-16 15:53:24] [AD] [INFO] Captured GraphQL posts {"postId":"175569695"}
[2026-02-16 15:53:24] [AD] [INFO] Captured GraphQL comments {"postId":"175569698"}
[2026-02-16 15:53:24] [AD] [INFO] Captured GraphQL posts {"postId":"175569697"}
[2026-02-16 15:53:24] [AD] [INFO] Captured GraphQL comments {"postId":"175569695"}
[2026-02-16 15:53:24] [AD] [INFO] Captured GraphQL comments {"postId":"175569697"}
[2026-02-16 15:53:25] [AD] [INFO] Opening contact modal {"postId":"175569698"}
[2026-02-16 15:53:25] [AD] [INFO] Opening contact modal {"postId":"175569695"}
[2026-02-16 15:53:25] [AD] [INFO] Opening contact modal {"postId":"175569697"}
[2026-02-16 15:53:26] [AD] [INFO] Contact extracted {"postId":"175569698","phone":"+966569088811","href":"tel:+966569088811"}
[2026-02-16 15:53:26] [AD] [INFO] Closing ad tab {"postId":"175569698"}
[2026-02-16 15:53:28] [AD] [INFO] Contact extracted {"postId":"175569697","phone":"+966551137446","href":"tel:+966551137446"}
[2026-02-16 15:53:28] [AD] [INFO] Closing ad tab {"postId":"175569697"}
[2026-02-16 15:53:29] [AD] [INFO] Open ad (new tab) {"postId":"175569691","url":"https://haraj.com.sa/11175569691/%D8%AA%D9%88%D9%8A%D9%88%D8%AA%D8%A7_%D9%87%D8%A7%D9%8A%D9%84%D9%88%D9%83%D8%B3_%D9%81%D9%84_%D9%83%D8%A7%D9%85%D9%84_%D8%A8%D9%86%D8%B2%D9%8A%D9%86_2026/"}
[2026-02-16 15:53:32] [AD] [INFO] Captured GraphQL posts {"postId":"175569691"}
[2026-02-16 15:53:32] [AD] [INFO] Captured GraphQL comments {"postId":"175569691"}
[2026-02-16 15:53:33] [AD] [INFO] Open ad (new tab) {"postId":"175569688","url":"https://haraj.com.sa/11175569688/%D9%84%D9%84%D8%A8%D9%8A%D8%B9_%D8%A8%D9%88%D8%B2_24_%D9%85%D8%AF%D9%8A%D9%84_82/"}
[2026-02-16 15:53:34] [AD] [INFO] Opening contact modal {"postId":"175569691"}
[2026-02-16 15:53:35] [AD] [INFO] Contact extracted {"postId":"175569691","phone":"+966507044316","href":"tel:+966507044316"}
[2026-02-16 15:53:35] [AD] [INFO] Closing ad tab {"postId":"175569691"}
[2026-02-16 15:53:36] [AD] [INFO] Captured GraphQL posts {"postId":"175569688"}
[2026-02-16 15:53:36] [AD] [INFO] Captured GraphQL comments {"postId":"175569688"}
[2026-02-16 15:53:38] [AD] [INFO] Opening contact modal {"postId":"175569688"}
[2026-02-16 15:53:38] [AD] [INFO] Contact extracted {"postId":"175569688","phone":"+966558161954","href":"tel:+966558161954"}
[2026-02-16 15:53:38] [AD] [INFO] Closing ad tab {"postId":"175569688"}
[2026-02-16 15:53:39] [AD] [INFO] Open ad (new tab) {"postId":"175569682","url":"https://haraj.com.sa/11175569682/%D9%81%D9%88%D8%B1%D9%83%D9%84%D9%81%D8%AA_3_%D8%B7%D9%86_%D8%B5%D9%8A%D9%86%D9%8A_%D9%84%D9%84%D8%A8%D9%8A%D8%B9_%D8%A7%D9%88_%D9%84%D9%84%D8%A7%D9%8A%D8%AC%D8%A7%D8%B1/"}
[2026-02-16 15:53:42] [AD] [INFO] Captured GraphQL posts {"postId":"175569682"}
[2026-02-16 15:53:42] [AD] [INFO] Open ad (new tab) {"postId":"175569681","url":"https://haraj.com.sa/11175569681/%D9%84%D9%84%D8%A8%D9%8A%D8%B9_%D8%A7%D8%B3%D9%86%D8%A7%D9%86_%D8%A8%D9%83%D8%AA_%D8%B4%D8%A8%D9%87_%D8%AC%D8%AF%D9%8A%D8%AF%D8%A9_%D8%B4%D9%8A%D9%88%D9%84_966F/"}
[2026-02-16 15:53:42] [AD] [INFO] Captured GraphQL comments {"postId":"175569682"}
[2026-02-16 15:53:43] [AD] [INFO] Opening contact modal {"postId":"175569682"}
[2026-02-16 15:53:45] [AD] [INFO] Captured GraphQL posts {"postId":"175569681"}
[2026-02-16 15:53:45] [AD] [INFO] Captured GraphQL comments {"postId":"175569681"}
[2026-02-16 15:53:47] [AD] [INFO] Opening contact modal {"postId":"175569681"}
[2026-02-16 15:53:48] [AD] [INFO] Contact extracted {"postId":"175569681","phone":"+966581901344","href":"tel:+966581901344"}
[2026-02-16 15:53:48] [AD] [INFO] Closing ad tab {"postId":"175569681"}
[2026-02-16 15:53:53] [AD] [INFO] Open ad (new tab) {"postId":"175569680","url":"https://haraj.com.sa/11175569680/%D8%B4%D9%85%D8%B9%D8%A9_altima_2011/"}
[2026-02-16 15:53:56] [AD] [INFO] Captured GraphQL posts {"postId":"175569680"}
[2026-02-16 15:53:56] [AD] [INFO] Captured GraphQL comments {"postId":"175569680"}
[2026-02-16 15:53:58] [AD] [INFO] Opening contact modal {"postId":"175569680"}
[2026-02-16 15:53:59] [AD] [INFO] Contact extracted {"postId":"175569680","phone":"+966504889281","href":"tel:+966504889281"}
[2026-02-16 15:53:59] [AD] [INFO] Closing ad tab {"postId":"175569680"}
[2026-02-16 15:54:02] [AD] [INFO] Open ad (new tab) {"postId":"175569804","url":"https://haraj.com.sa/11175569804/%D8%B4%D9%81%D8%B1%D9%88%D9%84%D9%8A%D9%87_%D8%B3%D9%88%D8%A8%D8%B1_%D8%A8%D8%A7%D9%86_Z71_%D9%85%D9%88%D8%AF%D9%8A%D9%84_2021/"}
[2026-02-16 15:54:05] [AD] [INFO] Captured GraphQL posts {"postId":"175569804"}
[2026-02-16 15:54:05] [AD] [INFO] Captured GraphQL comments {"postId":"175569804"}
[2026-02-16 15:54:07] [AD] [INFO] Opening contact modal {"postId":"175569804"}
[2026-02-16 15:54:09] [AD] [INFO] Contact extracted {"postId":"175569804","phone":"+966561275753","href":"tel:+966561275753"}
[2026-02-16 15:54:09] [AD] [INFO] Closing ad tab {"postId":"175569804"}
[2026-02-16 15:54:13] [AD] [INFO] Open ad (new tab) {"postId":"175569803","url":"https://haraj.com.sa/11175569803/%D9%85%D9%83%D8%A7%D9%8A%D9%86_%D9%86%D8%AD%D8%A7%D8%B1%D9%87_%D9%84%D9%84%D8%A8%D9%8A%D8%B9/"}
[2026-02-16 15:54:16] [AD] [INFO] Captured GraphQL posts {"postId":"175569803"}
[2026-02-16 15:54:16] [AD] [INFO] Captured GraphQL comments {"postId":"175569803"}
[2026-02-16 15:54:17] [AD] [INFO] Opening contact modal {"postId":"175569803"}
[2026-02-16 15:54:18] [AD] [INFO] Contact extracted {"postId":"175569803","phone":"+966566688203","href":"tel:+966566688203"}
[2026-02-16 15:54:18] [AD] [INFO] Closing ad tab {"postId":"175569803"}
[2026-02-16 15:54:23] [AD] [INFO] Open ad (new tab) {"postId":"175569799","url":"https://haraj.com.sa/11175569799/%D8%B1%D9%81%D8%AD%D8%A7%D8%A1/"}
[2026-02-16 15:54:25] [AD] [INFO] Captured GraphQL posts {"postId":"175569799"}
[2026-02-16 15:54:25] [AD] [INFO] Captured GraphQL comments {"postId":"175569799"}
[2026-02-16 15:54:26] [AD] [INFO] Opening contact modal {"postId":"175569799"}
[2026-02-16 15:54:27] [AD] [INFO] Contact extracted {"postId":"175569799","phone":"+966559478913","href":"tel:+966559478913"}
[2026-02-16 15:54:27] [AD] [INFO] Closing ad tab {"postId":"175569799"}
[2026-02-16 15:54:28] [AD] [WARN] Phone did not settle in time {"postId":"175569695"}
[2026-02-16 15:54:28] [AD] [INFO] Contact extracted {"postId":"175569695","phone":null,"href":"tel:"}
[2026-02-16 15:54:28] [AD] [INFO] Closing ad tab {"postId":"175569695"}
[2026-02-16 15:54:32] [AD] [INFO] Open ad (new tab) {"postId":"175569791","url":"https://haraj.com.sa/11175569791/%D9%84%D9%84%D8%A8%D9%8A%D8%B9_%D8%A7%D9%83%D8%B3%D9%86%D8%AA_%D8%AA%D8%B4%D9%84%D9%8A%D8%AD_%D8%A7%D9%88_%D8%A7%D8%B3%D8%AA%D8%AE%D8%AF%D8%A7%D9%85_2020/"}
[2026-02-16 15:54:33] [AD] [INFO] Open ad (new tab) {"postId":"175569790","url":"https://haraj.com.sa/11175569790/%D9%84%D9%84%D8%A8%D9%8A%D8%B9_%D8%B4%D8%A7%D8%B4%D9%87_%D9%82%D9%8A%D9%85%D9%86%D9%82_%D8%AC%D9%8A%D8%AF%D8%A7_%D8%AC%D8%AF%D8%A7/"}
[2026-02-16 15:54:35] [AD] [INFO] Captured GraphQL posts {"postId":"175569791"}
[2026-02-16 15:54:35] [AD] [INFO] Captured GraphQL comments {"postId":"175569791"}
[2026-02-16 15:54:36] [AD] [INFO] Captured GraphQL posts {"postId":"175569790"}
[2026-02-16 15:54:36] [AD] [INFO] Captured GraphQL comments {"postId":"175569790"}
[2026-02-16 15:54:36] [AD] [INFO] Opening contact modal {"postId":"175569791"}
[2026-02-16 15:54:37] [AD] [INFO] Opening contact modal {"postId":"175569790"}
[2026-02-16 15:54:39] [AD] [INFO] Contact extracted {"postId":"175569790","phone":"+966573811661","href":"tel:+966573811661"}
[2026-02-16 15:54:39] [AD] [INFO] Closing ad tab {"postId":"175569790"}
[2026-02-16 15:54:39] [AD] [INFO] Contact extracted {"postId":"175569791","phone":"+966530563393","href":"tel:+966530563393"}
[2026-02-16 15:54:39] [AD] [INFO] Closing ad tab {"postId":"175569791"}
[2026-02-16 15:54:43] [AD] [INFO] Open ad (new tab) {"postId":"175569789","url":"https://haraj.com.sa/11175569789/%D8%A8%D8%B1%D8%A7%D8%AF%D9%88_2010/"}
[2026-02-16 15:54:44] [AD] [INFO] Open ad (new tab) {"postId":"175569788","url":"https://haraj.com.sa/11175569788/%D8%AA%D9%88%D9%8A%D9%88%D8%AA%D8%A7_%D8%B1%D8%B4_%D9%88%D8%A7%D8%AC%D9%86_%D9%85%D8%AF%D9%8A%D9%84_2023_%D8%A7%D9%84%D8%AE%D8%B1%D8%AC/"}
[2026-02-16 15:54:45] [AD] [WARN] Phone did not settle in time {"postId":"175569682"}
[2026-02-16 15:54:45] [AD] [INFO] Contact extracted {"postId":"175569682","phone":null,"href":"tel:"}
[2026-02-16 15:54:45] [AD] [INFO] Closing ad tab {"postId":"175569682"}
[2026-02-16 15:54:46] [AD] [INFO] Captured GraphQL posts {"postId":"175569789"}
[2026-02-16 15:54:47] [AD] [INFO] Captured GraphQL comments {"postId":"175569789"}
[2026-02-16 15:54:47] [AD] [INFO] Captured GraphQL posts {"postId":"175569788"}
[2026-02-16 15:54:48] [AD] [INFO] Opening contact modal {"postId":"175569789"}
[2026-02-16 15:54:49] [AD] [INFO] Opening contact modal {"postId":"175569788"}
[2026-02-16 15:54:50] [AD] [INFO] Open ad (new tab) {"postId":"175569785","url":"https://haraj.com.sa/11175569785/%D8%AC%D8%A7%D9%83_JAC_2023_%D8%B3%D8%B9%D9%88%D8%AF%D9%8A_%D9%81%D9%84/"}
[2026-02-16 15:55:50] [AD] [INFO] Captured GraphQL comments {"postId":"175569788"}
[2026-02-16 15:55:50] [AD] [WARN] Phone did not settle in time {"postId":"175569789"}
[2026-02-16 15:55:50] [AD] [INFO] Contact extracted {"postId":"175569789","phone":null,"href":"tel:undefined"}
[2026-02-16 15:55:50] [AD] [INFO] Closing ad tab {"postId":"175569789"}
[2026-02-16 15:55:50] [AD] [WARN] Phone did not settle in time {"postId":"175569788"}
[2026-02-16 15:55:50] [AD] [INFO] Contact extracted {"postId":"175569788","phone":null,"href":"tel:undefined"}
[2026-02-16 15:55:50] [AD] [INFO] Closing ad tab {"postId":"175569788"}
[2026-02-16 15:55:53] [AD] [WARN] post-contact not found {"postId":"175569785"}
[2026-02-16 15:55:54] [AD] [WARN] Contact button not visible {"postId":"175569785"}
[2026-02-16 15:55:54] [AD] [INFO] Closing ad tab {"postId":"175569785"}
[2026-02-16 15:55:54] [AD] [INFO] Open ad (new tab) {"postId":"175569773","url":"https://haraj.com.sa/11175569773/%D8%A7%D8%B3%D8%B7%D8%A8%D8%A7%D8%AA_%D8%AC%D9%86%D8%B3%D8%B3_%D9%88%D9%83%D8%A7%D9%84%D9%87/"}
[2026-02-16 15:55:56] [AD] [INFO] Open ad (new tab) {"postId":"175569774","url":"https://haraj.com.sa/11175569774/Spark_2020/"}
[2026-02-16 15:55:58] [AD] [INFO] Captured GraphQL posts {"postId":"175569773"}
[2026-02-16 15:55:58] [AD] [INFO] Open ad (new tab) {"postId":"175569772","url":"https://haraj.com.sa/11175569772/%D9%85%D8%AA%D9%88%D9%81%D8%B1_%D8%AC%D9%85%D9%8A%D8%B9_%D8%A7%D9%86%D9%88%D8%A7%D8%B9_%D9%85%D9%83%D8%A7%D9%8A%D9%86_%D9%81%D9%88%D9%84%D9%81%D9%88_%D8%B1%D9%8A%D9%86%D9%88_%D9%85%D8%B1%D8%B3%D9%8A%D8%AF%D8%B3_%D9%85%D8%A7%D9%86/"}
[2026-02-16 15:55:58] [AD] [INFO] Captured GraphQL comments {"postId":"175569773"}
[2026-02-16 15:55:58] [AD] [INFO] Captured GraphQL posts {"postId":"175569774"}
[2026-02-16 15:55:59] [AD] [INFO] Captured GraphQL comments {"postId":"175569774"}
[2026-02-16 15:55:59] [AD] [INFO] Opening contact modal {"postId":"175569773"}
[2026-02-16 15:56:00] [AD] [INFO] Opening contact modal {"postId":"175569774"}
[2026-02-16 15:56:00] [AD] [INFO] Contact extracted {"postId":"175569773","phone":"+966578535341","href":"tel:+966578535341"}
[2026-02-16 15:56:00] [AD] [INFO] Closing ad tab {"postId":"175569773"}
[2026-02-16 15:56:01] [AD] [INFO] Captured GraphQL posts {"postId":"175569772"}
[2026-02-16 15:56:01] [AD] [INFO] Captured GraphQL comments {"postId":"175569772"}
[2026-02-16 15:56:01] [AD] [INFO] Contact extracted {"postId":"175569774","phone":"+966535132486","href":"tel:+966535132486"}
[2026-02-16 15:56:01] [AD] [INFO] Closing ad tab {"postId":"175569774"}
[2026-02-16 15:56:02] [AD] [INFO] Opening contact modal {"postId":"175569772"}
[2026-02-16 15:56:03] [AD] [INFO] Contact extracted {"postId":"175569772","phone":"+966555205068","href":"tel:+966555205068"}
[2026-02-16 15:56:03] [AD] [INFO] Closing ad tab {"postId":"175569772"}
[2026-02-16 15:56:05] [AD] [INFO] Open ad (new tab) {"postId":"175569769","url":"https://haraj.com.sa/11175569769/%D9%85%D8%B1%D8%B3%D9%8A%D8%AF%D8%B3_E200_2015/"}
[2026-02-16 15:56:07] [AD] [INFO] Open ad (new tab) {"postId":"175569768","url":"https://haraj.com.sa/11175569768/%D9%83%D9%88%D8%B1%D9%88%D9%84%D8%A7_2012/"}
[2026-02-16 15:56:07] [AD] [INFO] Captured GraphQL posts {"postId":"175569769"}
[2026-02-16 15:56:08] [AD] [INFO] Open ad (new tab) {"postId":"175569767","url":"https://haraj.com.sa/11175569767/%D8%AC%D9%8A%D8%AA%D9%88%D8%B1_X70_%D8%A8%D9%84%D8%B3_2025/"}
[2026-02-16 15:56:08] [AD] [INFO] Captured GraphQL comments {"postId":"175569769"}
[2026-02-16 15:56:10] [AD] [INFO] Opening contact modal {"postId":"175569769"}
[2026-02-16 15:56:10] [AD] [INFO] Captured GraphQL posts {"postId":"175569768"}
[2026-02-16 15:56:10] [AD] [INFO] Captured GraphQL posts {"postId":"175569767"}
[2026-02-16 15:56:11] [AD] [INFO] Captured GraphQL comments {"postId":"175569768"}
[2026-02-16 15:56:11] [AD] [INFO] Captured GraphQL comments {"postId":"175569767"}
[2026-02-16 15:56:12] [AD] [INFO] Opening contact modal {"postId":"175569768"}
[2026-02-16 15:56:13] [AD] [INFO] Contact extracted {"postId":"175569769","phone":"+966505608128","href":"tel:+966505608128"}
[2026-02-16 15:56:13] [AD] [INFO] Closing ad tab {"postId":"175569769"}
[2026-02-16 15:56:13] [AD] [INFO] Opening contact modal {"postId":"175569767"}
[2026-02-16 15:56:14] [AD] [INFO] Contact extracted {"postId":"175569767","phone":"+966561732602","href":"tel:+966561732602"}
[2026-02-16 15:56:14] [AD] [INFO] Closing ad tab {"postId":"175569767"}
[2026-02-16 15:56:14] [AD] [INFO] Contact extracted {"postId":"175569768","phone":"+966554119786","href":"tel:+966554119786"}
[2026-02-16 15:56:14] [AD] [INFO] Closing ad tab {"postId":"175569768"}
[2026-02-16 15:56:16] [AD] [INFO] Open ad (new tab) {"postId":"175569764","url":"https://haraj.com.sa/11175569764/%D8%AC%D8%A7%D9%83_%D8%A7%D9%85%D8%B2%D9%88%D9%85_%D9%81%D9%84_%D9%85%D9%88%D8%AF%D9%8A%D9%84_2025_%D9%83%D8%A7%D8%B4_%D9%88%D8%A3%D9%82%D8%B3%D8%A7%D8%B7/"}
[2026-02-16 15:56:18] [AD] [INFO] Open ad (new tab) {"postId":"175569760","url":"https://haraj.com.sa/11175569760/%D9%84%D9%84%D8%A8%D9%8A%D8%B9_%D8%B4%D8%B1%D9%8A%D8%AD%D8%A9_%D8%AF%D9%88%D8%AC_%D9%85%D8%B3%D8%AA%D8%AE%D8%AF%D9%85%D8%A9_%D8%A8%D8%AD%D8%A7%D9%84%D8%A9_%D8%A7%D9%84%D9%88%D9%83%D8%A7%D9%84%D8%A9/"}
[2026-02-16 15:56:19] [AD] [INFO] Open ad (new tab) {"postId":"175569756","url":"https://haraj.com.sa/11175569756/%D8%AC%D9%8A%D8%A8_2014/"}
[2026-02-16 15:56:19] [AD] [INFO] Captured GraphQL posts {"postId":"175569764"}
[2026-02-16 15:56:20] [AD] [INFO] Captured GraphQL comments {"postId":"175569764"}
[2026-02-16 15:56:20] [AD] [INFO] Captured GraphQL posts {"postId":"175569760"}
[2026-02-16 15:56:20] [AD] [INFO] Captured GraphQL comments {"postId":"175569760"}
[2026-02-16 15:56:21] [AD] [INFO] Opening contact modal {"postId":"175569764"}
[2026-02-16 15:56:22] [AD] [INFO] Opening contact modal {"postId":"175569760"}
[2026-02-16 15:56:22] [AD] [INFO] Captured GraphQL posts {"postId":"175569756"}
[2026-02-16 15:56:23] [AD] [INFO] Captured GraphQL comments {"postId":"175569756"}
[2026-02-16 15:56:23] [AD] [INFO] Contact extracted {"postId":"175569764","phone":"+966550090954","href":"tel:+966550090954"}
[2026-02-16 15:56:23] [AD] [INFO] Closing ad tab {"postId":"175569764"}
[2026-02-16 15:56:24] [AD] [INFO] Opening contact modal {"postId":"175569756"}
[2026-02-16 15:56:26] [AD] [INFO] Contact extracted {"postId":"175569756","phone":"+966538630095","href":"tel:+966538630095"}
[2026-02-16 15:56:26] [AD] [INFO] Closing ad tab {"postId":"175569756"}
[2026-02-16 15:56:29] [AD] [INFO] Open ad (new tab) {"postId":"175569753","url":"https://haraj.com.sa/11175569753/%D9%84%D9%88%D8%AD%D9%87_%D8%A8%D8%A7%D8%B3%D9%85_%D8%AF%D8%B1%D9%87/"}
[2026-02-16 15:56:30] [AD] [INFO] Open ad (new tab) {"postId":"175569750","url":"https://haraj.com.sa/11175569750/%D8%AA%D9%88%D9%8A%D9%88%D8%AA%D8%A7_%D8%B4%D8%A7%D8%B5_%D9%81%D9%84_%D8%AF%D9%8A%D8%B2%D9%84_%D9%85%D9%88%D8%AF%D9%8A%D9%84_2021/"}
[2026-02-16 15:56:31] [AD] [INFO] Captured GraphQL posts {"postId":"175569753"}
[2026-02-16 15:56:31] [AD] [INFO] Captured GraphQL comments {"postId":"175569753"}
[2026-02-16 15:56:32] [AD] [INFO] Opening contact modal {"postId":"175569753"}
[2026-02-16 15:56:33] [AD] [INFO] Captured GraphQL posts {"postId":"175569750"}
[2026-02-16 15:56:33] [AD] [INFO] Captured GraphQL comments {"postId":"175569750"}
[2026-02-16 15:56:34] [AD] [INFO] Contact extracted {"postId":"175569753","phone":"+966549559908","href":"tel:+966549559908"}
[2026-02-16 15:56:34] [AD] [INFO] Closing ad tab {"postId":"175569753"}
[2026-02-16 15:56:34] [AD] [INFO] Opening contact modal {"postId":"175569750"}
[2026-02-16 15:56:36] [AD] [INFO] Contact extracted {"postId":"175569750","phone":"+966503400900","href":"tel:+966503400900"}
[2026-02-16 15:56:36] [AD] [INFO] Closing ad tab {"postId":"175569750"}
[2026-02-16 15:56:39] [AD] [INFO] Open ad (new tab) {"postId":"175569745","url":"https://haraj.com.sa/11175569745/%D9%83%D9%8A%D8%A7_%D8%B3%D8%A8%D9%88%D8%B1%D8%AA%D8%A7%D8%AC_L_%D8%B3%D8%B9%D9%88%D8%AF%D9%8A_2026_%D9%83%D8%A7%D8%B4_%D8%A7%D9%82%D8%B3%D8%A7%D8%B7/"}
[2026-02-16 15:56:39] [AD] [INFO] Open ad (new tab) {"postId":"175569747","url":"https://haraj.com.sa/11175569747/%D8%A8%D9%8A%D8%B9_%D8%B1%D9%85%D9%84_%D8%AA%D9%8A%D9%85%D8%A7%D8%A1_%D8%B6%D8%A8%D8%A7%D8%A1_%D8%AA%D8%A8%D9%88%D9%83_%D9%88%D8%B6%D9%88%D8%A7%D8%AD%D9%8A%D9%87%D8%A7/"}
[2026-02-16 15:56:42] [AD] [INFO] Captured GraphQL posts {"postId":"175569747"}
[2026-02-16 15:56:42] [AD] [INFO] Captured GraphQL posts {"postId":"175569745"}
[2026-02-16 15:56:43] [AD] [INFO] Captured GraphQL comments {"postId":"175569747"}
[2026-02-16 15:56:43] [AD] [INFO] Captured GraphQL comments {"postId":"175569745"}
[2026-02-16 15:56:44] [AD] [INFO] Opening contact modal {"postId":"175569747"}
[2026-02-16 15:56:44] [AD] [INFO] Opening contact modal {"postId":"175569745"}
[2026-02-16 15:56:45] [AD] [INFO] Contact extracted {"postId":"175569747","phone":"+966539863233","href":"tel:+966539863233"}
[2026-02-16 15:56:45] [AD] [INFO] Closing ad tab {"postId":"175569747"}
[2026-02-16 15:56:47] [AD] [INFO] Contact extracted {"postId":"175569745","phone":"+966503233647","href":"tel:+966503233647"}
[2026-02-16 15:56:47] [AD] [INFO] Closing ad tab {"postId":"175569745"}
[2026-02-16 15:56:50] [AD] [INFO] Open ad (new tab) {"postId":"175569904","url":"https://haraj.com.sa/11175569904/%D8%AC%D9%8A%D8%A8_%D8%B1%D8%A8%D8%B9_2002_%D9%84%D9%84%D8%A8%D9%8A%D8%B9/"}
[2026-02-16 15:56:52] [AD] [INFO] Open ad (new tab) {"postId":"175569903","url":"https://haraj.com.sa/11175569903/%D8%B3%D9%8A%D8%B1%D8%A7_%D8%BA%D9%85%D8%A7%D8%B1%D9%87_2026_%D8%A7%D9%82%D9%84_%D8%B3%D8%B9%D8%B1/"}
[2026-02-16 15:56:52] [AD] [INFO] Captured GraphQL posts {"postId":"175569904"}
[2026-02-16 15:56:52] [AD] [INFO] Captured GraphQL comments {"postId":"175569904"}
[2026-02-16 15:56:53] [AD] [INFO] Opening contact modal {"postId":"175569904"}
[2026-02-16 15:56:54] [AD] [INFO] Captured GraphQL posts {"postId":"175569903"}
[2026-02-16 15:56:54] [AD] [INFO] Captured GraphQL comments {"postId":"175569903"}
[2026-02-16 15:56:55] [AD] [INFO] Opening contact modal {"postId":"175569903"}
[2026-02-16 15:56:56] [AD] [INFO] Contact extracted {"postId":"175569903","phone":"+966541143867","href":"tel:+966541143867"}
[2026-02-16 15:56:56] [AD] [INFO] Closing ad tab {"postId":"175569903"}
[2026-02-16 15:57:01] [AD] [INFO] Open ad (new tab) {"postId":"175569900","url":"https://haraj.com.sa/11175569900/%D8%A8%D8%A7%D8%AB%D9%81%D9%86%D8%AF%D8%B1_%D8%A7%D9%86%D9%81%D9%86%D8%AA%D9%8A_2001/"}
[2026-02-16 15:57:04] [AD] [INFO] Captured GraphQL posts {"postId":"175569900"}
[2026-02-16 15:57:04] [AD] [INFO] Captured GraphQL comments {"postId":"175569900"}
[2026-02-16 15:57:06] [AD] [INFO] Opening contact modal {"postId":"175569900"}
[2026-02-16 15:57:07] [AD] [INFO] Contact extracted {"postId":"175569900","phone":"+966563803746","href":"tel:+966563803746"}
[2026-02-16 15:57:07] [AD] [INFO] Closing ad tab {"postId":"175569900"}
[2026-02-16 15:57:11] [AD] [INFO] Open ad (new tab) {"postId":"175569899","url":"https://haraj.com.sa/11175569899/%D8%AC%D9%8A%D8%A8_%D9%84%D9%83%D8%B2%D8%B2_2026_BB_%D8%A7%D8%B3%D9%88%D8%AF_%D8%AF%D8%A7%D8%AE%D9%84_%D8%A7%D9%81_%D9%88%D8%A2%D9%8A%D8%AA_%D9%83%D8%A7%D8%B4_%D9%88%D8%A7%D9%82%D8%AA%D8%B5%D8%A7%D8%AF_%D8%A7%D9%84%D8%A8%D9%86%D9%88%D9%83/"}
[2026-02-16 15:57:13] [AD] [INFO] Captured GraphQL posts {"postId":"175569899"}
[2026-02-16 15:57:13] [AD] [INFO] Captured GraphQL comments {"postId":"175569899"}
[2026-02-16 15:57:15] [AD] [INFO] Opening contact modal {"postId":"175569899"}
[2026-02-16 15:57:16] [AD] [INFO] Contact extracted {"postId":"175569899","phone":"+966596482481","href":"tel:+966596482481"}
[2026-02-16 15:57:16] [AD] [INFO] Closing ad tab {"postId":"175569899"}
[2026-02-16 15:57:21] [AD] [INFO] Open ad (new tab) {"postId":"175569898","url":"https://haraj.com.sa/11175569898/%D8%AA%D9%88%D9%8A%D9%88%D8%AA%D8%A7_%D9%84%D8%A7%D9%86%D8%AF%D9%83%D8%B1%D9%88%D8%B2%D8%B1_%D9%81%D8%A6%D8%A9_%D8%A7%D9%84%D8%B3%D9%8A%D8%A7%D8%B1%D8%A9_GXR_4_%D8%A8%D9%86%D8%B2%D9%8A%D9%86_%D9%85%D9%88%D8%AF%D9%8A%D9%84_2026_%D8%A7%D9%82%D8%B3%D8%A7%D8%B7/"}
[2026-02-16 15:57:23] [AD] [INFO] Captured GraphQL posts {"postId":"175569898"}
[2026-02-16 15:57:23] [AD] [INFO] Captured GraphQL comments {"postId":"175569898"}
[2026-02-16 15:57:25] [AD] [WARN] Phone did not settle in time {"postId":"175569760"}
[2026-02-16 15:57:25] [AD] [INFO] Contact extracted {"postId":"175569760","phone":null,"href":"tel:"}
[2026-02-16 15:57:25] [AD] [INFO] Closing ad tab {"postId":"175569760"}
[2026-02-16 15:57:25] [AD] [INFO] Opening contact modal {"postId":"175569898"}
[2026-02-16 15:57:26] [AD] [INFO] Contact extracted {"postId":"175569898","phone":"+966561437693","href":"tel:+966561437693"}
[2026-02-16 15:57:26] [AD] [INFO] Closing ad tab {"postId":"175569898"}
[2026-02-16 15:57:29] [AD] [INFO] Open ad (new tab) {"postId":"175569894","url":"https://haraj.com.sa/11175569894/%D9%85%D8%B7%D9%84%D9%88%D8%A8_%D9%81%D9%88%D8%B1%D8%AF_%D8%A7%D9%83%D8%B3%D8%A8%D9%84%D9%88%D8%B1_%D9%84%D9%84%D8%A8%D9%8A%D8%B9/"}
[2026-02-16 15:57:31] [AD] [INFO] Open ad (new tab) {"postId":"175569887","url":"https://haraj.com.sa/11175569887/%D8%AC%D9%86%D8%A7%D8%AD_%D8%A7%D8%B2%D9%8A%D8%A7%D9%82_%D8%A7%D8%A8%D9%88%D8%A7%D8%A8_%D9%84%D8%A7%D9%86%D8%AF%D9%83%D8%B1%D9%88%D8%B2%D8%B1/"}
[2026-02-16 15:57:32] [AD] [INFO] Captured GraphQL posts {"postId":"175569894"}
[2026-02-16 15:57:32] [AD] [INFO] Captured GraphQL comments {"postId":"175569894"}
[2026-02-16 15:57:33] [AD] [INFO] Opening contact modal {"postId":"175569894"}
[2026-02-16 15:57:34] [AD] [INFO] Captured GraphQL posts {"postId":"175569887"}
[2026-02-16 15:57:35] [AD] [INFO] Captured GraphQL comments {"postId":"175569887"}
[2026-02-16 15:57:35] [AD] [INFO] Contact extracted {"postId":"175569894","phone":"+966569960661","href":"tel:+966569960661"}
[2026-02-16 15:57:35] [AD] [INFO] Closing ad tab {"postId":"175569894"}
[2026-02-16 15:57:36] [AD] [INFO] Opening contact modal {"postId":"175569887"}
[2026-02-16 15:57:37] [AD] [INFO] Contact extracted {"postId":"175569887","phone":"+966552875110","href":"tel:+966552875110"}
[2026-02-16 15:57:37] [AD] [INFO] Closing ad tab {"postId":"175569887"}
[2026-02-16 15:57:40] [AD] [INFO] Open ad (new tab) {"postId":"175569886","url":"https://haraj.com.sa/11175569886/%D9%87%D8%AF%D8%B1%D9%84%D9%83/"}
[2026-02-16 15:57:42] [AD] [INFO] Open ad (new tab) {"postId":"175569879","url":"https://haraj.com.sa/11175569879/%D9%87%D9%88%D9%86%D8%AF%D8%A7_H_RV_%D9%86%D8%B5_%D9%81%D9%84_2024_%D8%B3%D8%B9%D9%88%D8%AF%D9%8A_%D9%83%D8%A7%D8%B4_%D9%88%D9%82%D8%B3%D8%A7%D8%B7/"}
[2026-02-16 15:57:43] [AD] [INFO] Captured GraphQL posts {"postId":"175569886"}
[2026-02-16 15:57:43] [AD] [INFO] Captured GraphQL comments {"postId":"175569886"}
[2026-02-16 15:57:45] [AD] [INFO] Captured GraphQL posts {"postId":"175569879"}
[2026-02-16 15:57:45] [AD] [INFO] Captured GraphQL comments {"postId":"175569879"}
[2026-02-16 15:57:45] [AD] [INFO] Opening contact modal {"postId":"175569886"}
[2026-02-16 15:57:46] [AD] [INFO] Opening contact modal {"postId":"175569879"}
[2026-02-16 15:57:47] [AD] [INFO] Contact extracted {"postId":"175569879","phone":"+966550017491","href":"tel:+966550017491"}
[2026-02-16 15:57:47] [AD] [INFO] Closing ad tab {"postId":"175569879"}
[2026-02-16 15:57:47] [AD] [INFO] Contact extracted {"postId":"175569886","phone":"+966545363525","href":"tel:+966545363525"}
[2026-02-16 15:57:47] [AD] [INFO] Closing ad tab {"postId":"175569886"}
[2026-02-16 15:57:52] [AD] [INFO] Open ad (new tab) {"postId":"175569877","url":"https://haraj.com.sa/11175569877/%D8%B7%D8%B1%D9%85%D8%A8%D8%A9_%D8%A8%D9%86%D8%B2%D9%8A%D9%86_%D9%83%D8%A7%D8%AF%D9%8A%D9%86%D8%B2%D8%A7/"}
[2026-02-16 15:57:52] [AD] [INFO] Open ad (new tab) {"postId":"175569874","url":"https://haraj.com.sa/11175569874/%D9%83%D9%8A%D8%A7_%D9%83%D8%A7%D8%B1%D9%86%D9%81%D8%A7%D9%84_2015/"}
[2026-02-16 15:57:55] [AD] [INFO] Captured GraphQL posts {"postId":"175569874"}
[2026-02-16 15:57:55] [AD] [INFO] Captured GraphQL comments {"postId":"175569874"}
[2026-02-16 15:57:56] [AD] [INFO] Captured GraphQL posts {"postId":"175569877"}
[2026-02-16 15:57:56] [AD] [INFO] Captured GraphQL comments {"postId":"175569877"}
[2026-02-16 15:57:56] [AD] [WARN] Phone did not settle in time {"postId":"175569904"}
[2026-02-16 15:57:56] [AD] [INFO] Contact extracted {"postId":"175569904","phone":null,"href":"tel:"}
[2026-02-16 15:57:56] [AD] [INFO] Closing ad tab {"postId":"175569904"}
[2026-02-16 15:57:56] [AD] [INFO] Opening contact modal {"postId":"175569874"}
[2026-02-16 15:57:57] [AD] [INFO] Opening contact modal {"postId":"175569877"}
[2026-02-16 15:58:00] [AD] [INFO] Contact extracted {"postId":"175569877","phone":"+966548268780","href":"tel:+966548268780"}
[2026-02-16 15:58:00] [AD] [INFO] Closing ad tab {"postId":"175569877"}
[2026-02-16 15:58:01] [AD] [INFO] Open ad (new tab) {"postId":"175569873","url":"https://haraj.com.sa/11175569873/%D8%B4%D9%8A%D8%B1%D9%8A_%D8%A7%D8%B1%D9%8A%D8%B2%D9%88_5_%D9%83%D9%85%D9%81%D9%88%D8%B1%D8%AA_%D9%85%D9%88%D8%AF%D9%8A%D9%84_25_%D8%A8%D8%B3%D8%B9%D8%B1_%D8%AD%D8%B5%D8%B1%D9%8A_%D9%83%D8%A7%D8%B4_%D9%88%D8%AA%D9%85%D9%88%D9%8A%D9%84/"}
[2026-02-16 15:58:03] [AD] [INFO] Captured GraphQL posts {"postId":"175569873"}
[2026-02-16 15:58:03] [AD] [INFO] Captured GraphQL comments {"postId":"175569873"}
[2026-02-16 15:58:04] [AD] [INFO] Opening contact modal {"postId":"175569873"}
[2026-02-16 15:58:05] [AD] [INFO] Open ad (new tab) {"postId":"175569867","url":"https://haraj.com.sa/11175569867/%D9%84%D9%83%D8%B2%D8%B3_ES350_%D8%A8%D8%B1%D9%8A%D9%85%D9%8A_2023/"}
[2026-02-16 15:58:06] [AD] [INFO] Contact extracted {"postId":"175569873","phone":"+966547971681","href":"tel:+966547971681"}
[2026-02-16 15:58:06] [AD] [INFO] Closing ad tab {"postId":"175569873"}
[2026-02-16 15:58:08] [AD] [INFO] Captured GraphQL posts {"postId":"175569867"}
[2026-02-16 15:58:08] [AD] [INFO] Captured GraphQL comments {"postId":"175569867"}
[2026-02-16 15:58:10] [AD] [INFO] Opening contact modal {"postId":"175569867"}
[2026-02-16 15:58:11] [AD] [INFO] Open ad (new tab) {"postId":"175569866","url":"https://haraj.com.sa/11175569866/%D8%AC%D9%8A_%D8%A7%D9%83%D8%B3_2004_%D9%85%D8%AD%D9%88%D9%842007/"}
[2026-02-16 15:58:13] [AD] [INFO] Captured GraphQL posts {"postId":"175569866"}
[2026-02-16 15:58:13] [AD] [INFO] Captured GraphQL comments {"postId":"175569866"}
[2026-02-16 15:58:14] [AD] [INFO] Opening contact modal {"postId":"175569866"}
[2026-02-16 15:58:15] [AD] [INFO] Contact extracted {"postId":"175569866","phone":"+966593052990","href":"tel:+966593052990"}
[2026-02-16 15:58:15] [AD] [INFO] Closing ad tab {"postId":"175569866"}
[2026-02-16 15:58:20] [AD] [INFO] Open ad (new tab) {"postId":"175569865","url":"https://haraj.com.sa/11175569865/%D9%87%D9%88%D9%86%D8%AF%D8%A7%D9%8A_%D8%A7%D8%B2%D9%8A%D8%B1%D8%A7_2026_%D9%85%D8%AC%D8%AF%D9%88%D8%B9%D9%8A_%D9%83%D9%84%D8%A7%D8%B3%D9%8A%D9%83/"}
[2026-02-16 15:58:23] [AD] [INFO] Captured GraphQL posts {"postId":"175569865"}
[2026-02-16 15:58:23] [AD] [INFO] Captured GraphQL comments {"postId":"175569865"}
[2026-02-16 15:58:24] [AD] [INFO] Opening contact modal {"postId":"175569865"}
[2026-02-16 15:58:25] [AD] [INFO] Contact extracted {"postId":"175569865","phone":"+966560906515","href":"tel:+966560906515"}
[2026-02-16 15:58:25] [AD] [INFO] Closing ad tab {"postId":"175569865"}
[2026-02-16 15:58:29] [AD] [INFO] Open ad (new tab) {"postId":"175569861","url":"https://haraj.com.sa/11175569861/%D8%AA%D8%A7%D9%86%D9%83%D9%8A_%D8%B9%D8%A7%D9%8A%D8%AF%D9%8A_%D8%AC%D8%AF%D9%8A%D8%AF_%D9%84%D9%84%D8%A8%D9%8A%D8%B9_%D9%85%D8%B9_%D8%AF%D8%B1%D8%AC_%D8%B9%D8%AF%D8%A9/"}
[2026-02-16 15:58:31] [AD] [INFO] Captured GraphQL posts {"postId":"175569861"}
[2026-02-16 15:58:31] [AD] [INFO] Captured GraphQL comments {"postId":"175569861"}
[2026-02-16 15:58:32] [AD] [INFO] Opening contact modal {"postId":"175569861"}
[2026-02-16 15:58:34] [AD] [INFO] Contact extracted {"postId":"175569861","phone":"+966549818889","href":"tel:+966549818889"}
[2026-02-16 15:58:34] [AD] [INFO] Closing ad tab {"postId":"175569861"}
[2026-02-16 15:58:38] [AD] [INFO] Open ad (new tab) {"postId":"175569857","url":"https://haraj.com.sa/11175569857/%D8%AC%D9%8A%D9%84%D9%8A_%D8%A7%D9%85%D8%AC%D8%B1%D8%A7%D9%86%D8%AF_%D9%81%D9%84_%D9%83%D8%A7%D9%85%D9%84_%D8%AA%D8%B5%D9%81%D9%8A%D9%87_%D9%85%D9%88%D8%AF%D9%8A%D9%84_2024/"}
[2026-02-16 15:58:40] [AD] [INFO] Captured GraphQL posts {"postId":"175569857"}
[2026-02-16 15:58:40] [AD] [INFO] Captured GraphQL comments {"postId":"175569857"}
[2026-02-16 15:58:42] [AD] [INFO] Opening contact modal {"postId":"175569857"}
[2026-02-16 15:58:42] [AD] [INFO] Contact extracted {"postId":"175569857","phone":"+966599923263","href":"tel:+966599923263"}
[2026-02-16 15:58:42] [AD] [INFO] Closing ad tab {"postId":"175569857"}
[2026-02-16 15:58:47] [AD] [INFO] Open ad (new tab) {"postId":"175569856","url":"https://haraj.com.sa/11175569856/%D9%85%D9%84%D9%85%D8%B9_%D9%83%D9%81%D8%B1%D8%A7%D8%AA_%D8%B1%D9%8A%D8%AF%D9%83%D8%B3_%D8%A7%D9%84%D8%A7%D8%B5%D9%84%D9%8A/"}
[2026-02-16 15:58:49] [AD] [INFO] Captured GraphQL posts {"postId":"175569856"}
[2026-02-16 15:58:49] [AD] [INFO] Captured GraphQL comments {"postId":"175569856"}
[2026-02-16 15:58:52] [AD] [INFO] Opening contact modal {"postId":"175569856"}
[2026-02-16 15:58:58] [AD] [WARN] Phone did not settle in time {"postId":"175569874"}
[2026-02-16 15:58:58] [AD] [INFO] Contact extracted {"postId":"175569874","phone":null,"href":"tel:"}
[2026-02-16 15:58:58] [AD] [INFO] Closing ad tab {"postId":"175569874"}
[2026-02-16 15:59:02] [AD] [INFO] Open ad (new tab) {"postId":"175569853","url":"https://haraj.com.sa/11175569853/%D9%85%D8%B3%D9%88%D9%82_%D9%84%D9%84%D8%B4%D8%A7%D8%AD%D9%86%D8%A7%D8%AA_%D8%A7%D9%84%D8%B5%D9%8A%D9%86%D9%8A%D8%A9_%D9%88%D9%82%D8%B7%D8%B9_%D8%BA%D9%8A%D8%A7%D8%B1_%D8%A7%D9%84%D8%B4%D8%A7%D8%AD%D9%86%D8%A7%D8%AA/"}
[2026-02-16 15:59:05] [AD] [INFO] Captured GraphQL posts {"postId":"175569853"}
[2026-02-16 15:59:06] [AD] [INFO] Captured GraphQL comments {"postId":"175569853"}
[2026-02-16 15:59:08] [AD] [INFO] Opening contact modal {"postId":"175569853"}
[2026-02-16 15:59:09] [AD] [INFO] Contact extracted {"postId":"175569853","phone":"+966581674460","href":"tel:+966581674460"}
[2026-02-16 15:59:09] [AD] [INFO] Closing ad tab {"postId":"175569853"}
[2026-02-16 15:59:12] [AD] [WARN] Phone did not settle in time {"postId":"175569867"}
[2026-02-16 15:59:12] [AD] [INFO] Contact extracted {"postId":"175569867","phone":null,"href":"tel:"}
[2026-02-16 15:59:12] [AD] [INFO] Closing ad tab {"postId":"175569867"}
[2026-02-16 15:59:13] [AD] [INFO] Open ad (new tab) {"postId":"175569852","url":"https://haraj.com.sa/11175569852/%D8%A7%D8%A8%D9%8A_%D8%A8%D8%AF%D9%84_%D8%A8%D8%A7_%D9%83%D8%A7%D9%85%D8%B1%D9%8A_%D9%85%D9%88%D8%AF%D9%8A%D9%84_2012_%D9%88%D9%81%D9%88%D9%82_%D9%88%D8%B2%D9%8A%D8%AF%D9%87_%D8%A7%D8%B0%D8%A7_%D9%86%D8%B8%D9%8A%D9%81%D8%A9/"}
[2026-02-16 15:59:15] [AD] [INFO] Captured GraphQL posts {"postId":"175569852"}
[2026-02-16 15:59:15] [AD] [INFO] Captured GraphQL comments {"postId":"175569852"}
[2026-02-16 15:59:16] [AD] [INFO] Open ad (new tab) {"postId":"175569850","url":"https://haraj.com.sa/11175569850/%D9%84%D9%83%D8%B2%D8%B3_Lx_BB_%D8%B3%D8%B9%D9%88%D8%AF%D9%8A_%D8%B9%D8%AF%D8%A9%D8%A7%D9%84%D9%88%D8%A7%D9%86_25_%D9%83%D8%A7%D8%B4_%D8%A7%D9%82%D8%B3%D8%A7%D8%B7/"}
[2026-02-16 15:59:16] [AD] [INFO] Opening contact modal {"postId":"175569852"}
[2026-02-16 15:59:18] [AD] [INFO] Captured GraphQL posts {"postId":"175569850"}
[2026-02-16 15:59:18] [AD] [INFO] Captured GraphQL comments {"postId":"175569850"}
[2026-02-16 15:59:20] [AD] [INFO] Opening contact modal {"postId":"175569850"}
[2026-02-16 15:59:21] [AD] [INFO] Contact extracted {"postId":"175569850","phone":"+966552251160","href":"tel:+966552251160"}
[2026-02-16 15:59:21] [AD] [INFO] Closing ad tab {"postId":"175569850"}
[2026-02-16 15:59:25] [AD] [INFO] Open ad (new tab) {"postId":"175569849","url":"https://haraj.com.sa/11175569849/%D9%85%D8%B1%D8%B3%D9%8A%D8%AF%D8%B3_S450L_2022_%D8%A7%D8%B3%D8%AA%D9%8A%D8%B1%D8%A7%D8%AF_%D9%83%D9%88%D8%B1%D9%8A%D8%A7_%D9%85%D8%B9%D8%B1%D8%B6_%D8%A7%D9%84%D9%85%D9%8A%D9%85%D9%88%D9%86%D9%8A/"}
[2026-02-16 15:59:28] [AD] [INFO] Captured GraphQL posts {"postId":"175569849"}
[2026-02-16 15:59:28] [AD] [INFO] Captured GraphQL comments {"postId":"175569849"}
[2026-02-16 15:59:31] [AD] [INFO] Opening contact modal {"postId":"175569849"}
[2026-02-16 15:59:31] [AD] [INFO] Contact extracted {"postId":"175569849","phone":"+966500869404","href":"tel:+966500869404"}
[2026-02-16 15:59:31] [AD] [INFO] Closing ad tab {"postId":"175569849"}
[2026-02-16 15:59:35] [AD] [INFO] Open ad (new tab) {"postId":"175569847","url":"https://haraj.com.sa/11175569847/%D9%83%D9%8A%D8%A7_%D8%B3%D9%8A%D8%B1%D8%A7%D8%AA%D9%88_21_%D9%84%D9%84%D8%A8%D9%8A%D8%B9_%D8%A7%D9%88_%D9%84%D9%84%D8%A8%D8%AF%D9%84_%D9%85%D9%86%D8%A7%D8%B3%D8%A8/"}
[2026-02-16 15:59:37] [AD] [INFO] Captured GraphQL posts {"postId":"175569847"}
[2026-02-16 15:59:38] [AD] [INFO] Captured GraphQL comments {"postId":"175569847"}
[2026-02-16 15:59:39] [AD] [INFO] Opening contact modal {"postId":"175569847"}
[2026-02-16 15:59:53] [AD] [WARN] Phone did not settle in time {"postId":"175569856"}
[2026-02-16 15:59:53] [AD] [INFO] Contact extracted {"postId":"175569856","phone":null,"href":"tel:"}
[2026-02-16 15:59:53] [AD] [INFO] Closing ad tab {"postId":"175569856"}
[2026-02-16 15:59:57] [AD] [INFO] Open ad (new tab) {"postId":"175569845","url":"https://haraj.com.sa/11175569845/%D8%AC%D9%8A%D9%84%D9%8A_%D8%A7%D9%85%D8%AC%D8%B1%D8%A7%D9%86%D8%AF_2025_%D9%84%D8%A7_%D9%8A%D9%81%D9%88%D8%AA%D9%83_%D8%B9%D8%B1%D9%88%D8%B6_%D8%B1%D9%85%D8%B6%D8%A7%D9%86/"}
[2026-02-16 16:00:00] [AD] [INFO] Captured GraphQL posts {"postId":"175569845"}
[2026-02-16 16:00:00] [AD] [INFO] Captured GraphQL comments {"postId":"175569845"}
[2026-02-16 16:00:01] [AD] [INFO] Opening contact modal {"postId":"175569845"}
[2026-02-16 16:00:03] [AD] [INFO] Contact extracted {"postId":"175569845","phone":"+966535800700","href":"tel:+966535800700"}
[2026-02-16 16:00:03] [AD] [INFO] Closing ad tab {"postId":"175569845"}
[2026-02-16 16:00:08] [AD] [INFO] Open ad (new tab) {"postId":"175569843","url":"https://haraj.com.sa/11175569843/%D8%B1%D9%8A%D9%86%D9%88_%D8%AF%D9%88%D9%83%D8%B1_2017_%D9%85%D8%A8%D8%B1%D8%AF_%D8%AB%D9%84%D8%A7%D8%AC%D8%A9/"}
[2026-02-16 16:00:10] [AD] [INFO] Captured GraphQL posts {"postId":"175569843"}
[2026-02-16 16:00:10] [AD] [INFO] Captured GraphQL comments {"postId":"175569843"}
[2026-02-16 16:00:12] [AD] [INFO] Opening contact modal {"postId":"175569843"}
[2026-02-16 16:00:13] [AD] [INFO] Contact extracted {"postId":"175569843","phone":"+966550690745","href":"tel:+966550690745"}
[2026-02-16 16:00:13] [AD] [INFO] Closing ad tab {"postId":"175569843"}
[2026-02-16 16:00:17] [AD] [INFO] Open ad (new tab) {"postId":"175569842","url":"https://haraj.com.sa/11175569842/%D8%B1%D8%A7%D9%81%D8%B9%D9%87_%D8%B4%D9%88%D9%83%D9%8A%D9%87_%D9%84%D9%84%D8%A7%D9%8A%D8%AC%D8%A7%D8%B1/"}
[2026-02-16 16:00:18] [AD] [WARN] Phone did not settle in time {"postId":"175569852"}
[2026-02-16 16:00:18] [AD] [INFO] Contact extracted {"postId":"175569852","phone":null,"href":"tel:"}
[2026-02-16 16:00:18] [AD] [INFO] Closing ad tab {"postId":"175569852"}
[2026-02-16 16:00:20] [AD] [INFO] Captured GraphQL posts {"postId":"175569842"}
[2026-02-16 16:00:20] [AD] [INFO] Captured GraphQL comments {"postId":"175569842"}
[2026-02-16 16:00:21] [AD] [INFO] Opening contact modal {"postId":"175569842"}
[2026-02-16 16:00:22] [AD] [INFO] Contact extracted {"postId":"175569842","phone":"+966532584726","href":"tel:+966532584726"}
[2026-02-16 16:00:22] [AD] [INFO] Closing ad tab {"postId":"175569842"}
[2026-02-16 16:00:22] [AD] [INFO] Open ad (new tab) {"postId":"175569839","url":"https://haraj.com.sa/11175569839/%D8%B3%D9%88%D9%86%D8%A7%D8%AA%D8%A7_2020/"}
[2026-02-16 16:00:25] [AD] [INFO] Captured GraphQL posts {"postId":"175569839"}
[2026-02-16 16:00:25] [AD] [INFO] Captured GraphQL comments {"postId":"175569839"}
[2026-02-16 16:00:26] [AD] [INFO] Open ad (new tab) {"postId":"175569838","url":"https://haraj.com.sa/11175569838/%D9%87%D8%A7%D9%81%D8%A7%D9%84_V7_%D8%A8%D8%B1%D9%8A%D9%85%D9%8A%D9%88%D9%85_2026_%D9%88%D9%83%D8%A7%D9%84%D8%A9_%D8%A3%D9%82%D9%84_%D8%B3%D8%B9%D8%B1_%D8%A7%D9%84%D9%8A%D9%88%D9%85/"}
[2026-02-16 16:00:27] [AD] [INFO] Opening contact modal {"postId":"175569839"}
[2026-02-16 16:00:28] [AD] [INFO] Captured GraphQL posts {"postId":"175569838"}
[2026-02-16 16:00:28] [AD] [INFO] Captured GraphQL comments {"postId":"175569838"}
[2026-02-16 16:00:29] [AD] [INFO] Opening contact modal {"postId":"175569838"}
[2026-02-16 16:00:30] [AD] [INFO] Contact extracted {"postId":"175569838","phone":"+966115207250","href":"tel:+966115207250"}
[2026-02-16 16:00:30] [AD] [INFO] Closing ad tab {"postId":"175569838"}
[2026-02-16 16:00:35] [AD] [INFO] Open ad (new tab) {"postId":"175569835","url":"https://haraj.com.sa/11175569835/%D8%AA%D9%88%D9%8A%D9%88%D8%AA%D8%A7_%D9%83%D9%88%D8%B1%D9%88%D9%84%D8%A7_XLI_1_5_%D9%85%D8%B7%D9%88%D8%B1_2026/"}
[2026-02-16 16:00:38] [AD] [INFO] Captured GraphQL posts {"postId":"175569835"}
[2026-02-16 16:00:38] [AD] [INFO] Captured GraphQL comments {"postId":"175569835"}
[2026-02-16 16:00:40] [AD] [WARN] Phone did not settle in time {"postId":"175569847"}
[2026-02-16 16:00:40] [AD] [INFO] Contact extracted {"postId":"175569847","phone":null,"href":"tel:"}
[2026-02-16 16:00:40] [AD] [INFO] Closing ad tab {"postId":"175569847"}
[2026-02-16 16:00:40] [AD] [INFO] Opening contact modal {"postId":"175569835"}
[2026-02-16 16:00:41] [AD] [INFO] Contact extracted {"postId":"175569835","phone":"+966539151543","href":"tel:+966539151543"}
[2026-02-16 16:00:41] [AD] [INFO] Closing ad tab {"postId":"175569835"}
[2026-02-16 16:00:45] [AD] [INFO] Open ad (new tab) {"postId":"175569832","url":"https://haraj.com.sa/11175569832/%D8%AC%D9%8A%D8%A8_%D9%84%D9%83%D8%B2%D8%B3_2011/"}
[2026-02-16 16:00:45] [AD] [INFO] Open ad (new tab) {"postId":"175569833","url":"https://haraj.com.sa/11175569833/%D8%AA%D9%88%D9%8A%D9%88%D8%AA%D8%A7_%D8%A7%D9%88%D8%B1%D8%A8%D8%A7%D9%86_%D9%83%D8%B1%D9%88%D8%B2%D8%B1_%D9%81%D9%84_2026_%D9%88%D9%83%D8%A7%D9%84%D8%A9_%D8%A3%D9%82%D9%84_%D8%B3%D8%B9%D8%B1_%D8%A7%D9%84%D9%8A%D9%88%D9%85/"}
[2026-02-16 16:00:49] [AD] [INFO] Captured GraphQL posts {"postId":"175569832"}
[2026-02-16 16:00:49] [AD] [INFO] Captured GraphQL posts {"postId":"175569833"}
[2026-02-16 16:00:49] [AD] [INFO] Captured GraphQL comments {"postId":"175569832"}
[2026-02-16 16:00:49] [AD] [INFO] Captured GraphQL comments {"postId":"175569833"}
[2026-02-16 16:00:50] [AD] [INFO] Opening contact modal {"postId":"175569833"}
[2026-02-16 16:00:50] [AD] [INFO] Opening contact modal {"postId":"175569832"}
[2026-02-16 16:00:51] [AD] [INFO] Contact extracted {"postId":"175569833","phone":"+966115207250","href":"tel:+966115207250"}
[2026-02-16 16:00:51] [AD] [INFO] Closing ad tab {"postId":"175569833"}
[2026-02-16 16:00:56] [AD] [INFO] Open ad (new tab) {"postId":"175569831","url":"https://haraj.com.sa/11175569831/%D9%84%D9%84%D8%A8%D9%8A%D8%B9_%D9%83%D8%A7%D9%85%D8%B1%D9%8A_%D9%87%D8%A7%D9%8A%D8%A8%D8%B1%D8%AF_23/"}
[2026-02-16 16:01:30] [AD] [WARN] Phone did not settle in time {"postId":"175569839"}
[2026-02-16 16:01:30] [AD] [INFO] Contact extracted {"postId":"175569839","phone":null,"href":"tel:"}
[2026-02-16 16:01:30] [AD] [INFO] Closing ad tab {"postId":"175569839"}
[2026-02-16 16:01:33] [AD] [INFO] Open ad (new tab) {"postId":"175569828","url":"https://haraj.com.sa/11175569828/%D8%B5%D9%86%D9%8A_%D9%86%D9%8A%D8%B3%D8%A7%D9%86_%D8%A7%D8%B5%D9%81%D8%A7%D8%B1/"}
[2026-02-16 16:01:36] [AD] [INFO] Captured GraphQL posts {"postId":"175569828"}
[2026-02-16 16:01:36] [AD] [INFO] Captured GraphQL comments {"postId":"175569828"}
[2026-02-16 16:01:37] [AD] [INFO] Opening contact modal {"postId":"175569828"}
[2026-02-16 16:01:52] [AD] [WARN] Phone did not settle in time {"postId":"175569832"}
[2026-02-16 16:01:52] [AD] [INFO] Contact extracted {"postId":"175569832","phone":null,"href":"tel:"}
[2026-02-16 16:01:52] [AD] [INFO] Closing ad tab {"postId":"175569832"}
[2026-02-16 16:01:57] [AD] [INFO] Open ad (new tab) {"postId":"175569825","url":"https://haraj.com.sa/11175569825/%D8%B9%D9%84%D8%A8%D8%A9_%D9%81%D8%A7%D8%B6%D9%8A%D8%A9_%D9%88%D8%A8%D9%84%D8%A7%D8%B3%D8%AA%D9%8A%D9%83%D8%A7%D8%AA_%D8%A8%D8%B1%D9%8A%D8%A7%D9%84_%D8%A7%D9%84%D8%AD%D8%A8%D8%A9/"}
[2026-02-16 16:01:58] [AD] [WARN] post-contact not found {"postId":"175569831"}
[2026-02-16 16:01:59] [AD] [WARN] Contact button not visible {"postId":"175569831"}
[2026-02-16 16:01:59] [AD] [INFO] Closing ad tab {"postId":"175569831"}
[2026-02-16 16:02:00] [AD] [INFO] Captured GraphQL posts {"postId":"175569825"}
[2026-02-16 16:02:00] [AD] [INFO] Captured GraphQL comments {"postId":"175569825"}
[2026-02-16 16:02:02] [AD] [INFO] Opening contact modal {"postId":"175569825"}
[2026-02-16 16:02:03] [AD] [INFO] Contact extracted {"postId":"175569825","phone":"+966533623448","href":"tel:+966533623448"}
[2026-02-16 16:02:03] [AD] [INFO] Closing ad tab {"postId":"175569825"}
[2026-02-16 16:02:03] [AD] [INFO] Open ad (new tab) {"postId":"175569824","url":"https://haraj.com.sa/11175569824/%D9%85%D8%B7%D9%84%D9%88%D8%A8_%D9%8A%D8%A7%D9%8A%D8%A7%D8%AA_%D9%81%D9%88%D9%82%D8%AA%D9%84%D8%A7%D9%86%D8%AF_%D9%83%D8%B1%D8%A7%D9%8A%D8%B3%D9%84%D8%B1/"}
[2026-02-16 16:02:06] [AD] [INFO] Captured GraphQL posts {"postId":"175569824"}
[2026-02-16 16:02:06] [AD] [INFO] Captured GraphQL comments {"postId":"175569824"}
[2026-02-16 16:02:07] [AD] [INFO] Opening contact modal {"postId":"175569824"}
[2026-02-16 16:02:07] [AD] [INFO] Open ad (new tab) {"postId":"175569822","url":"https://haraj.com.sa/11175569822/%D8%A7%D9%83%D8%B3%D9%86%D8%AA_%D9%88%D9%83%D8%A7%D9%84%D9%87_%D8%A7%D8%AE%D8%AA_%D8%A7%D9%84%D8%AC%D8%AF%D9%8A%D8%AF%D9%87/"}
[2026-02-16 16:02:08] [AD] [INFO] Contact extracted {"postId":"175569824","phone":"+966530078050","href":"tel:+966530078050"}
[2026-02-16 16:02:08] [AD] [INFO] Closing ad tab {"postId":"175569824"}
[2026-02-16 16:02:10] [AD] [INFO] Captured GraphQL posts {"postId":"175569822"}
[2026-02-16 16:02:10] [AD] [INFO] Captured GraphQL comments {"postId":"175569822"}
[2026-02-16 16:02:11] [AD] [INFO] Opening contact modal {"postId":"175569822"}
[2026-02-16 16:02:12] [AD] [INFO] Contact extracted {"postId":"175569822","phone":"+966541159900","href":"tel:+966541159900"}
[2026-02-16 16:02:12] [AD] [INFO] Closing ad tab {"postId":"175569822"}
[2026-02-16 16:02:13] [AD] [INFO] Open ad (new tab) {"postId":"175569820","url":"https://haraj.com.sa/11175569820/%D8%AA%D9%88%D9%8A%D9%88%D8%AA%D8%A7_%D9%87%D8%A7%D9%8A%D8%B3_%D8%B1%D9%83%D8%A7%D8%A8_%D8%AF%D9%8A%D8%B2%D9%84_%D8%AC%D9%8A%D8%B1_%D8%B9%D8%A7%D8%AF%D9%892026_/"}
[2026-02-16 16:02:15] [AD] [INFO] Captured GraphQL posts {"postId":"175569820"}
[2026-02-16 16:02:15] [AD] [INFO] Captured GraphQL comments {"postId":"175569820"}
[2026-02-16 16:02:17] [AD] [INFO] Opening contact modal {"postId":"175569820"}
[2026-02-16 16:02:17] [AD] [INFO] Open ad (new tab) {"postId":"175570076","url":"https://haraj.com.sa/11175570076/%D8%A8%D8%B1%D8%A7%D8%AF%D9%88_%D9%85%D9%88%D8%AF%D9%8A%D9%84_2009_%D9%81%D9%84_%D9%83%D8%A7%D9%85%D9%84/"}
[2026-02-16 16:02:18] [AD] [INFO] Contact extracted {"postId":"175569820","phone":"+966506052219","href":"tel:+966506052219"}
[2026-02-16 16:02:18] [AD] [INFO] Closing ad tab {"postId":"175569820"}
[2026-02-16 16:02:20] [AD] [INFO] Captured GraphQL posts {"postId":"175570076"}
[2026-02-16 16:02:20] [AD] [INFO] Captured GraphQL comments {"postId":"175570076"}
[2026-02-16 16:02:22] [AD] [INFO] Opening contact modal {"postId":"175570076"}
[2026-02-16 16:02:22] [AD] [INFO] Open ad (new tab) {"postId":"175570075","url":"https://haraj.com.sa/11175570075/%D8%AA%D9%88%D9%8A%D9%88%D8%AA%D8%A7_%D9%8A%D8%A7%D8%B1%D8%B3_%D8%A7%D8%B3%D8%AA%D8%A7%D9%86%D8%AF%D8%B1_1_5_%D8%A8%D8%B1%D9%8A%D9%85%D9%8A_2026_%D8%A7%D9%84%D9%84%D9%88%D9%86_%D8%A7%D8%A8%D9%8A%D8%B6/"}
[2026-02-16 16:02:25] [AD] [INFO] Captured GraphQL posts {"postId":"175570075"}
[2026-02-16 16:02:26] [AD] [INFO] Captured GraphQL comments {"postId":"175570075"}
[2026-02-16 16:02:27] [AD] [INFO] Opening contact modal {"postId":"175570075"}
[2026-02-16 16:02:28] [AD] [INFO] Contact extracted {"postId":"175570075","phone":"+966509828647","href":"tel:+966509828647"}
[2026-02-16 16:02:28] [AD] [INFO] Closing ad tab {"postId":"175570075"}
[2026-02-16 16:02:33] [AD] [INFO] Open ad (new tab) {"postId":"175570070","url":"https://haraj.com.sa/11175570070/%D9%85%D8%A7%D8%B2%D8%AF%D8%A7_cx3_%D9%85%D8%B5%D8%AF%D9%88%D9%85_%D9%81%D9%88%D9%84_%D8%A7%D8%A8%D8%B4%D9%86/"}
[2026-02-16 16:02:36] [AD] [INFO] Captured GraphQL posts {"postId":"175570070"}
[2026-02-16 16:02:37] [AD] [INFO] Captured GraphQL comments {"postId":"175570070"}
[2026-02-16 16:02:38] [AD] [INFO] Opening contact modal {"postId":"175570070"}
[2026-02-16 16:02:39] [AD] [WARN] Phone did not settle in time {"postId":"175569828"}
[2026-02-16 16:02:39] [AD] [INFO] Contact extracted {"postId":"175569828","phone":null,"href":"tel:"}
[2026-02-16 16:02:39] [AD] [INFO] Closing ad tab {"postId":"175569828"}
[2026-02-16 16:02:40] [AD] [INFO] Contact extracted {"postId":"175570070","phone":"+966549846683","href":"tel:+966549846683"}
[2026-02-16 16:02:40] [AD] [INFO] Closing ad tab {"postId":"175570070"}
[2026-02-16 16:02:44] [AD] [INFO] Open ad (new tab) {"postId":"175570069","url":"https://haraj.com.sa/11175570069/%D9%85%D9%8A%D8%AA%D8%B3%D9%88%D8%A8%D9%8A%D8%B4%D9%8A_%D8%A7%D9%88%D8%AA%D9%84%D8%A7%D9%86%D8%AF%D8%B1_%D8%A8%D8%B1%D9%8A%D9%85%D9%8A%D9%88%D9%86_%D9%81%D9%84_%D9%83%D8%A7%D9%85%D9%84_2025/"}
[2026-02-16 16:02:45] [AD] [INFO] Open ad (new tab) {"postId":"175570068","url":"https://haraj.com.sa/11175570068/%D8%AA%D9%88%D9%8A%D9%88%D8%AA%D8%A7_%D9%84%D8%A7%D9%86%D8%AF%D9%83%D8%B1%D9%88%D8%B2%D8%B1_%D8%A8%D8%B1%D8%A7%D8%AF%D9%88_VX_2021/"}
[2026-02-16 16:02:46] [AD] [INFO] Captured GraphQL posts {"postId":"175570069"}
[2026-02-16 16:02:46] [AD] [INFO] Captured GraphQL comments {"postId":"175570069"}
[2026-02-16 16:02:48] [AD] [INFO] Captured GraphQL posts {"postId":"175570068"}
[2026-02-16 16:02:48] [AD] [INFO] Captured GraphQL comments {"postId":"175570068"}
[2026-02-16 16:02:48] [AD] [INFO] Opening contact modal {"postId":"175570069"}
[2026-02-16 16:02:49] [AD] [INFO] Opening contact modal {"postId":"175570068"}
[2026-02-16 16:02:51] [AD] [INFO] Contact extracted {"postId":"175570068","phone":"+966555471053","href":"tel:+966555471053"}
[2026-02-16 16:02:51] [AD] [INFO] Closing ad tab {"postId":"175570068"}
[2026-02-16 16:02:51] [AD] [INFO] Contact extracted {"postId":"175570069","phone":"+966597419848","href":"tel:+966597419848"}
[2026-02-16 16:02:51] [AD] [INFO] Closing ad tab {"postId":"175570069"}
[2026-02-16 16:02:56] [AD] [INFO] Open ad (new tab) {"postId":"175570067","url":"https://haraj.com.sa/11175570067/%D8%A7%D9%84%D9%86%D8%AA%D8%B1%D8%A7_2_0_%D9%88_1_5_%D8%B3%D8%B9%D9%88%D8%AF%D9%8A_2026_%D9%83%D8%A7%D8%B4_%D8%A7%D9%82%D8%B3%D8%A7%D8%B7/"}
[2026-02-16 16:02:56] [AD] [INFO] Open ad (new tab) {"postId":"175570066","url":"https://haraj.com.sa/11175570066/BMW_X6_M_POWER_2017/"}
[2026-02-16 16:03:00] [AD] [INFO] Captured GraphQL posts {"postId":"175570066"}
[2026-02-16 16:03:00] [AD] [INFO] Captured GraphQL posts {"postId":"175570067"}
[2026-02-16 16:03:00] [AD] [INFO] Captured GraphQL comments {"postId":"175570066"}
[2026-02-16 16:03:00] [AD] [INFO] Captured GraphQL comments {"postId":"175570067"}
[2026-02-16 16:03:01] [AD] [INFO] Opening contact modal {"postId":"175570066"}
[2026-02-16 16:03:01] [AD] [INFO] Opening contact modal {"postId":"175570067"}
[2026-02-16 16:03:05] [AD] [INFO] Contact extracted {"postId":"175570067","phone":"+966503233647","href":"tel:+966503233647"}
[2026-02-16 16:03:05] [AD] [INFO] Closing ad tab {"postId":"175570067"}
[2026-02-16 16:03:08] [AD] [INFO] Open ad (new tab) {"postId":"175570059","url":"https://haraj.com.sa/11175570059/%D9%87%D8%A7%D9%81%D8%A7%D9%84_H6_GT_%D8%AC%D9%8A_%D8%AA%D9%8A_2025_%D8%AF%D9%81%D8%B9_%D8%B1%D8%A8%D8%A7%D8%B9%D9%8A/"}
[2026-02-16 16:03:11] [AD] [INFO] Captured GraphQL posts {"postId":"175570059"}
[2026-02-16 16:03:11] [AD] [INFO] Captured GraphQL comments {"postId":"175570059"}
[2026-02-16 16:03:12] [AD] [INFO] Opening contact modal {"postId":"175570059"}
[2026-02-16 16:03:13] [AD] [INFO] Contact extracted {"postId":"175570059","phone":"+966502297893","href":"tel:+966502297893"}
[2026-02-16 16:03:13] [AD] [INFO] Closing ad tab {"postId":"175570059"}
[2026-02-16 16:03:17] [AD] [INFO] Open ad (new tab) {"postId":"175570058","url":"https://haraj.com.sa/11175570058/%D8%AC%D9%8A_%D8%A7%D9%83%D8%B3_%D8%A7%D8%B1_2005/"}
[2026-02-16 16:03:20] [AD] [INFO] Captured GraphQL posts {"postId":"175570058"}
[2026-02-16 16:03:20] [AD] [INFO] Captured GraphQL comments {"postId":"175570058"}
[2026-02-16 16:03:21] [AD] [INFO] Opening contact modal {"postId":"175570058"}
[2026-02-16 16:03:22] [AD] [INFO] Contact extracted {"postId":"175570058","phone":"+966503793179","href":"tel:+966503793179"}
[2026-02-16 16:03:22] [AD] [INFO] Closing ad tab {"postId":"175570058"}
[2026-02-16 16:03:24] [AD] [WARN] Phone did not settle in time {"postId":"175570076"}
[2026-02-16 16:03:24] [AD] [INFO] Contact extracted {"postId":"175570076","phone":null,"href":"tel:"}
[2026-02-16 16:03:24] [AD] [INFO] Closing ad tab {"postId":"175570076"}
[2026-02-16 16:03:27] [AD] [INFO] Open ad (new tab) {"postId":"175570056","url":"https://haraj.com.sa/11175570056/%D8%AA%D9%88%D9%8A%D9%88%D8%AA%D8%A7_%D8%A7%D9%88%D8%B1%D8%A8%D8%A7%D9%86_%D9%83%D8%B1%D9%88%D8%B2%D8%B1_2026_%D9%81%D9%84_%D9%83%D8%A7%D9%85%D9%84_%D8%B3%D8%B9%D9%88%D8%AF%D9%8A/"}
[2026-02-16 16:03:28] [AD] [INFO] Open ad (new tab) {"postId":"175570055","url":"https://haraj.com.sa/11175570055/%D8%A7%D9%86%D9%81%D9%8A%D9%86%D8%AA%D9%8A_QX80_2024/"}
[2026-02-16 16:03:30] [AD] [INFO] Captured GraphQL posts {"postId":"175570056"}
[2026-02-16 16:03:30] [AD] [INFO] Captured GraphQL posts {"postId":"175570055"}
[2026-02-16 16:03:30] [AD] [INFO] Captured GraphQL comments {"postId":"175570055"}
[2026-02-16 16:03:31] [AD] [INFO] Captured GraphQL comments {"postId":"175570056"}
[2026-02-16 16:03:32] [AD] [INFO] Opening contact modal {"postId":"175570055"}
[2026-02-16 16:03:32] [AD] [INFO] Opening contact modal {"postId":"175570056"}
[2026-02-16 16:03:33] [AD] [INFO] Contact extracted {"postId":"175570056","phone":"+966544746019","href":"tel:+966544746019"}
[2026-02-16 16:03:33] [AD] [INFO] Closing ad tab {"postId":"175570056"}
[2026-02-16 16:03:33] [AD] [INFO] Contact extracted {"postId":"175570055","phone":"+966920012133","href":"tel:+966920012133"}
[2026-02-16 16:03:33] [AD] [INFO] Closing ad tab {"postId":"175570055"}
[2026-02-16 16:03:37] [AD] [INFO] Open ad (new tab) {"postId":"175570053","url":"https://haraj.com.sa/11175570053/%D8%AA%D9%88%D9%8A%D9%88%D8%AA%D8%A7_%D9%83%D9%88%D8%B1%D9%88%D9%84%D8%A7_2025_%D8%A7%D8%B3%D8%AA%D8%A7%D9%86%D8%AF%D8%B1_%D9%85%D8%AD%D8%B1%D9%83_2_0_%D8%B9%D8%A8%D8%AF%D8%A7%D9%84%D9%84%D8%B7%D9%8A%D9%81_%D8%AC%D9%85%D9%8A%D9%84/"}
[2026-02-16 16:03:38] [AD] [INFO] Open ad (new tab) {"postId":"175570054","url":"https://haraj.com.sa/11175570054/%D9%86%D9%8A%D8%B3%D8%A7%D9%86_%D8%A7%D9%83%D8%B3%D8%AA%D8%B1%D9%8A%D9%84_%D8%B3%D8%AA%D8%A7%D9%86%D8%AF%D8%B1_%D8%A8%D8%AF%D9%88%D9%86_%D8%AF%D8%A8%D9%84_2026/"}
[2026-02-16 16:03:39] [AD] [INFO] Captured GraphQL posts {"postId":"175570053"}
[2026-02-16 16:03:40] [AD] [INFO] Captured GraphQL comments {"postId":"175570053"}
[2026-02-16 16:03:41] [AD] [INFO] Opening contact modal {"postId":"175570053"}
[2026-02-16 16:03:41] [AD] [INFO] Captured GraphQL posts {"postId":"175570054"}
[2026-02-16 16:03:41] [AD] [INFO] Captured GraphQL comments {"postId":"175570054"}
[2026-02-16 16:03:43] [AD] [INFO] Contact extracted {"postId":"175570053","phone":"+966536395881","href":"tel:+966536395881"}
[2026-02-16 16:03:43] [AD] [INFO] Closing ad tab {"postId":"175570053"}
[2026-02-16 16:03:43] [AD] [INFO] Opening contact modal {"postId":"175570054"}
[2026-02-16 16:03:45] [AD] [INFO] Contact extracted {"postId":"175570054","phone":"+966557775349","href":"tel:+966557775349"}
[2026-02-16 16:03:45] [AD] [INFO] Closing ad tab {"postId":"175570054"}
[2026-02-16 16:03:47] [AD] [INFO] Open ad (new tab) {"postId":"175570050","url":"https://haraj.com.sa/11175570050/%D9%85%D8%B1%D8%A7%D9%88%D8%AD_%D9%86%D9%8A%D8%B3%D8%A7%D9%86_%D8%A7%D9%84%D8%AA%D9%8A%D9%85%D8%A7_2018/"}
[2026-02-16 16:03:49] [AD] [INFO] Open ad (new tab) {"postId":"175570047","url":"https://haraj.com.sa/11175570047/%D8%AA%D9%88%D9%8A%D9%88%D8%AA%D8%A7_%D8%B1%D8%A7%D9%8A%D8%B2_2026_%D8%B3%D8%AA%D8%A7%D9%86%D8%AF%D8%B1_%D8%B3%D8%B9%D9%88%D8%AF%D9%8A/"}
[2026-02-16 16:03:50] [AD] [INFO] Captured GraphQL posts {"postId":"175570050"}
[2026-02-16 16:03:50] [AD] [INFO] Captured GraphQL comments {"postId":"175570050"}
[2026-02-16 16:03:52] [AD] [INFO] Opening contact modal {"postId":"175570050"}
[2026-02-16 16:03:52] [AD] [INFO] Captured GraphQL posts {"postId":"175570047"}
[2026-02-16 16:03:53] [AD] [INFO] Captured GraphQL comments {"postId":"175570047"}
[2026-02-16 16:03:54] [AD] [INFO] Opening contact modal {"postId":"175570047"}
[2026-02-16 16:03:55] [AD] [INFO] Contact extracted {"postId":"175570047","phone":"+966544746019","href":"tel:+966544746019"}
[2026-02-16 16:03:55] [AD] [INFO] Closing ad tab {"postId":"175570047"}
[2026-02-16 16:03:59] [AD] [INFO] Open ad (new tab) {"postId":"175570044","url":"https://haraj.com.sa/11175570044/%D8%AA%D8%A7%D9%87%D9%88/"}
[2026-02-16 16:04:02] [AD] [INFO] Captured GraphQL posts {"postId":"175570044"}
[2026-02-16 16:04:02] [AD] [INFO] Captured GraphQL comments {"postId":"175570044"}
[2026-02-16 16:04:02] [AD] [WARN] Phone did not settle in time {"postId":"175570066"}
[2026-02-16 16:04:02] [AD] [INFO] Contact extracted {"postId":"175570066","phone":null,"href":"tel:"}
[2026-02-16 16:04:02] [AD] [INFO] Closing ad tab {"postId":"175570066"}
[2026-02-16 16:04:04] [AD] [INFO] Opening contact modal {"postId":"175570044"}
[2026-02-16 16:04:05] [AD] [INFO] Contact extracted {"postId":"175570044","phone":"+966536660800","href":"tel:+966536660800"}
[2026-02-16 16:04:05] [AD] [INFO] Closing ad tab {"postId":"175570044"}
[2026-02-16 16:04:06] [AD] [INFO] Open ad (new tab) {"postId":"175570041","url":"https://haraj.com.sa/11175570041/%D8%AC%D9%8A%D8%AA%D9%88%D8%B1_T1_%D9%84%D8%A7%D9%83%D8%AC%D9%8A%D8%B1%D9%8A_2025_%D9%83%D8%A7%D8%B4_%D8%AA%D9%82%D8%B3%D9%8A%D8%B7_%D8%A8%D8%A7%D9%82%D9%84_%D8%A7%D9%84%D8%A7%D8%B3%D8%B9%D8%A7%D8%B1/"}
[2026-02-16 16:04:09] [AD] [INFO] Open ad (new tab) {"postId":"175570039","url":"https://haraj.com.sa/11175570039/%D8%A7%D8%B3%D9%84%D8%A7%D9%85_%D8%B9%D9%84%D9%8A%D9%83%D9%85_%D9%88%D8%B1%D8%AD%D9%85%D9%87_%D8%A7%D9%84%D9%84%D9%87_%D9%88%D8%A8%D8%B1%D9%83%D8%A7%D8%AA%D9%87_%D9%83%D9%81%D8%B1%D8%A7%D8%AA_%D8%B4%D8%A7%D9%87%D9%8A%D9%86_%D8%B4%D8%A7%D8%B5/"}
[2026-02-16 16:04:09] [AD] [INFO] Captured GraphQL posts {"postId":"175570041"}
[2026-02-16 16:04:10] [AD] [INFO] Captured GraphQL comments {"postId":"175570041"}
[2026-02-16 16:04:11] [AD] [INFO] Opening contact modal {"postId":"175570041"}
[2026-02-16 16:04:12] [AD] [INFO] Captured GraphQL posts {"postId":"175570039"}
[2026-02-16 16:04:12] [AD] [INFO] Captured GraphQL comments {"postId":"175570039"}
[2026-02-16 16:04:13] [AD] [INFO] Contact extracted {"postId":"175570041","phone":"+966536511024","href":"tel:+966536511024"}
[2026-02-16 16:04:13] [AD] [INFO] Closing ad tab {"postId":"175570041"}
[2026-02-16 16:04:13] [AD] [INFO] Opening contact modal {"postId":"175570039"}
[2026-02-16 16:04:14] [AD] [INFO] Contact extracted {"postId":"175570039","phone":"+966507194098","href":"tel:+966507194098"}
[2026-02-16 16:04:14] [AD] [INFO] Closing ad tab {"postId":"175570039"}
[2026-02-16 16:04:17] [AD] [INFO] Open ad (new tab) {"postId":"175570038","url":"https://haraj.com.sa/11175570038/GXR_2022_%D8%AF%D9%8A%D8%B2%D9%84%D8%A7%D9%84%D8%A8%D9%8A%D8%B9_165000/"}
[2026-02-16 16:04:17] [AD] [INFO] Open ad (new tab) {"postId":"175570035","url":"https://haraj.com.sa/11175570035/%D8%AF%D8%A8%D8%A7%D8%A8_%D8%B3%D9%88%D9%8A%D8%AF%D9%8A_%D8%AA%D8%A7%D9%8A%D9%88%D8%A7%D9%86_%D9%85%D9%82%D8%A7%D8%B3_100_%D9%86%D8%B6%D9%8A%D9%81_%D8%A7%D8%B3%D8%AA%D8%AE%D8%AF%D8%A7%D9%85%D9%87_%D8%AE%D9%81%D9%8A%D9%81_%D9%85%D9%88%D8%AF%D9%8A%D9%84_2025/"}
[2026-02-16 16:04:21] [AD] [INFO] Captured GraphQL posts {"postId":"175570035"}
[2026-02-16 16:04:21] [AD] [INFO] Captured GraphQL comments {"postId":"175570035"}
[2026-02-16 16:04:21] [AD] [INFO] Captured GraphQL posts {"postId":"175570038"}
[2026-02-16 16:04:22] [AD] [INFO] Captured GraphQL comments {"postId":"175570038"}
[2026-02-16 16:04:23] [AD] [INFO] Opening contact modal {"postId":"175570038"}
[2026-02-16 16:04:23] [AD] [INFO] Opening contact modal {"postId":"175570035"}
[2026-02-16 16:04:24] [AD] [INFO] Contact extracted {"postId":"175570035","phone":"+966501601860","href":"tel:+966501601860"}
[2026-02-16 16:04:24] [AD] [INFO] Closing ad tab {"postId":"175570035"}
[2026-02-16 16:04:25] [AD] [INFO] Contact extracted {"postId":"175570038","phone":"+966535507772","href":"tel:+966535507772"}
[2026-02-16 16:04:25] [AD] [INFO] Closing ad tab {"postId":"175570038"}
[2026-02-16 16:04:28] [AD] [INFO] Open ad (new tab) {"postId":"175570300","url":"https://haraj.com.sa/11175570300/%D9%84%D9%8A%D9%86%D9%83_%D8%A7%D9%86%D8%AF_%D9%83%D9%88_LYNK_CO_03_2024_%D8%B9%D8%B1%D8%B6_%D8%AE%D8%A7%D8%B5_%D8%A7%D9%84%D8%A7%D9%82%D9%84_%D8%B3%D8%B9%D8%B1%D8%A7/"}
[2026-02-16 16:04:29] [AD] [INFO] Open ad (new tab) {"postId":"175570301","url":"https://haraj.com.sa/11175570301/%D8%A8%D9%8A_%D8%A7%D9%85_%D8%AF%D8%A8%D9%84%D9%8A%D9%88_2019_Li730/"}
[2026-02-16 16:04:31] [AD] [INFO] Captured GraphQL posts {"postId":"175570300"}
[2026-02-16 16:04:32] [AD] [INFO] Captured GraphQL comments {"postId":"175570300"}
[2026-02-16 16:04:32] [AD] [INFO] Captured GraphQL posts {"postId":"175570301"}
[2026-02-16 16:04:32] [AD] [INFO] Captured GraphQL comments {"postId":"175570301"}
[2026-02-16 16:04:33] [AD] [INFO] Opening contact modal {"postId":"175570300"}
[2026-02-16 16:04:34] [AD] [INFO] Opening contact modal {"postId":"175570301"}
[2026-02-16 16:04:35] [AD] [INFO] Contact extracted {"postId":"175570301","phone":"+966502991773","href":"tel:+966502991773"}
[2026-02-16 16:04:35] [AD] [INFO] Closing ad tab {"postId":"175570301"}
[2026-02-16 16:04:35] [AD] [INFO] Contact extracted {"postId":"175570300","phone":"+966539966103","href":"tel:+966539966103"}
[2026-02-16 16:04:35] [AD] [INFO] Closing ad tab {"postId":"175570300"}
[2026-02-16 16:04:40] [AD] [INFO] Open ad (new tab) {"postId":"175570287","url":"https://haraj.com.sa/11175570287/%D9%88%D8%A7%D9%8A_%D8%A8%D8%A7%D9%8A%D8%A8_%D8%AC%D9%85%D8%B3_%D8%B3%D9%8A%D9%8A%D8%B1%D8%A7_2007_2013/"}
[2026-02-16 16:04:41] [AD] [INFO] Open ad (new tab) {"postId":"175570296","url":"https://haraj.com.sa/11175570296/%D9%84%D9%83%D8%B2%D8%B3_400_LS/"}
[2026-02-16 16:04:42] [AD] [INFO] Captured GraphQL posts {"postId":"175570287"}
[2026-02-16 16:04:43] [AD] [INFO] Captured GraphQL comments {"postId":"175570287"}
[2026-02-16 16:04:44] [AD] [INFO] Captured GraphQL posts {"postId":"175570296"}
[2026-02-16 16:04:44] [AD] [INFO] Captured GraphQL comments {"postId":"175570296"}
[2026-02-16 16:04:45] [AD] [INFO] Opening contact modal {"postId":"175570287"}
[2026-02-16 16:04:46] [AD] [INFO] Opening contact modal {"postId":"175570296"}
[2026-02-16 16:04:47] [AD] [INFO] Contact extracted {"postId":"175570296","phone":"+966566535009","href":"tel:+966566535009"}
[2026-02-16 16:04:47] [AD] [INFO] Closing ad tab {"postId":"175570296"}
[2026-02-16 16:04:48] [AD] [INFO] Contact extracted {"postId":"175570287","phone":"+966556373334","href":"tel:+966556373334"}
[2026-02-16 16:04:48] [AD] [INFO] Closing ad tab {"postId":"175570287"}
[2026-02-16 16:04:51] [AD] [INFO] Open ad (new tab) {"postId":"175570285","url":"https://haraj.com.sa/11175570285/%D9%84%D9%83%D8%B2%D8%B3_LX_600_2026_BB_%D8%A8%D9%86%D8%B2%D9%8A%D9%86_%D9%88%D8%A7%D8%B1%D8%AF_%D8%A7%D9%84%D8%B3%D8%A7%D9%8A%D8%B1/"}
[2026-02-16 16:04:53] [AD] [INFO] Open ad (new tab) {"postId":"175570282","url":"https://haraj.com.sa/11175570282/%D8%B4%D9%8A%D8%B1%D9%8A_%D8%A3%D8%B1%D9%8A%D8%B2%D9%88_5_%D9%85%D9%88%D8%AF%D9%8A%D9%84_2026/"}
[2026-02-16 16:04:54] [AD] [INFO] Captured GraphQL posts {"postId":"175570285"}
[2026-02-16 16:04:55] [AD] [INFO] Captured GraphQL comments {"postId":"175570285"}
[2026-02-16 16:04:55] [AD] [WARN] Phone did not settle in time {"postId":"175570050"}
[2026-02-16 16:04:55] [AD] [INFO] Contact extracted {"postId":"175570050","phone":null,"href":"tel:"}
[2026-02-16 16:04:55] [AD] [INFO] Closing ad tab {"postId":"175570050"}
[2026-02-16 16:04:56] [AD] [INFO] Captured GraphQL posts {"postId":"175570282"}
[2026-02-16 16:04:56] [AD] [INFO] Opening contact modal {"postId":"175570285"}
[2026-02-16 16:04:56] [AD] [INFO] Captured GraphQL comments {"postId":"175570282"}
[2026-02-16 16:04:57] [AD] [INFO] Opening contact modal {"postId":"175570282"}
[2026-02-16 16:04:59] [AD] [INFO] Contact extracted {"postId":"175570285","phone":"+966530990711","href":"tel:+966530990711"}
[2026-02-16 16:04:59] [AD] [INFO] Closing ad tab {"postId":"175570285"}
[2026-02-16 16:04:59] [AD] [INFO] Contact extracted {"postId":"175570282","phone":"+966570656310","href":"tel:+966570656310"}
[2026-02-16 16:04:59] [AD] [INFO] Closing ad tab {"postId":"175570282"}
[2026-02-16 16:05:00] [AD] [INFO] Open ad (new tab) {"postId":"175570281","url":"https://haraj.com.sa/11175570281/%D8%B3%D9%88%D9%86%D8%A7%D8%AA%D8%A7_2020_%D8%A8%D8%AF%D9%8A_%D9%88%D9%83%D8%A7%D9%84%D9%87/"}
[2026-02-16 16:05:03] [AD] [INFO] Captured GraphQL posts {"postId":"175570281"}
[2026-02-16 16:05:03] [AD] [INFO] Captured GraphQL comments {"postId":"175570281"}
[2026-02-16 16:05:03] [AD] [INFO] Open ad (new tab) {"postId":"175570272","url":"https://haraj.com.sa/11175570272/%D8%AC%D9%83%D8%B3%D8%A7%D8%B1_2014_8_%D8%B3%D9%84%D9%86%D8%AF%D8%B1/"}
[2026-02-16 16:05:04] [AD] [INFO] Open ad (new tab) {"postId":"175570263","url":"https://haraj.com.sa/11175570263/%D8%B1%D9%8A%D9%86%D9%88_%D8%AF%D9%88%D9%83%D8%B1_%D9%81%D8%A7%D9%86_%D9%85%D9%88%D8%AF%D9%8A%D9%84_2022/"}
[2026-02-16 16:05:04] [AD] [INFO] Opening contact modal {"postId":"175570281"}
[2026-02-16 16:05:06] [AD] [INFO] Contact extracted {"postId":"175570281","phone":"+966501888404","href":"tel:+966501888404"}
[2026-02-16 16:05:06] [AD] [INFO] Closing ad tab {"postId":"175570281"}
[2026-02-16 16:05:06] [AD] [INFO] Captured GraphQL posts {"postId":"175570263"}
[2026-02-16 16:05:07] [AD] [INFO] Captured GraphQL comments {"postId":"175570263"}
[2026-02-16 16:05:07] [AD] [INFO] Captured GraphQL posts {"postId":"175570272"}
[2026-02-16 16:05:08] [AD] [INFO] Captured GraphQL comments {"postId":"175570272"}
[2026-02-16 16:05:09] [AD] [INFO] Opening contact modal {"postId":"175570272"}
[2026-02-16 16:05:09] [AD] [INFO] Opening contact modal {"postId":"175570263"}
[2026-02-16 16:05:10] [AD] [INFO] Contact extracted {"postId":"175570263","phone":"+966569445868","href":"tel:+966569445868"}
[2026-02-16 16:05:10] [AD] [INFO] Closing ad tab {"postId":"175570263"}
[2026-02-16 16:05:11] [AD] [INFO] Open ad (new tab) {"postId":"175570260","url":"https://haraj.com.sa/11175570260/%D9%84%D9%83%D8%B2%D8%B3_RX350_CC_2026_%D9%81%D9%84_%D9%83%D8%A7%D9%85%D9%84/"}
[2026-02-16 16:05:14] [AD] [INFO] Captured GraphQL posts {"postId":"175570260"}
[2026-02-16 16:05:14] [AD] [INFO] Captured GraphQL comments {"postId":"175570260"}
[2026-02-16 16:05:15] [AD] [INFO] Opening contact modal {"postId":"175570260"}
[2026-02-16 16:05:16] [AD] [INFO] Open ad (new tab) {"postId":"175570251","url":"https://haraj.com.sa/11175570251/%D9%84%D9%83%D8%B2%D8%B3_Rx_BB_BH_%D8%B3%D8%B9%D9%88%D8%AF%D9%8A_2025_%D9%83%D8%A7%D8%B4_%D8%A7%D9%82%D8%B3%D8%A7%D8%B7/"}
[2026-02-16 16:05:16] [AD] [INFO] Contact extracted {"postId":"175570260","phone":"+966506381950","href":"tel:+966506381950"}
[2026-02-16 16:05:16] [AD] [INFO] Closing ad tab {"postId":"175570260"}
[2026-02-16 16:05:18] [AD] [INFO] Captured GraphQL posts {"postId":"175570251"}
[2026-02-16 16:05:19] [AD] [INFO] Captured GraphQL comments {"postId":"175570251"}
[2026-02-16 16:05:20] [AD] [INFO] Opening contact modal {"postId":"175570251"}
[2026-02-16 16:05:21] [AD] [INFO] Contact extracted {"postId":"175570251","phone":"+966503233647","href":"tel:+966503233647"}
[2026-02-16 16:05:21] [AD] [INFO] Closing ad tab {"postId":"175570251"}
[2026-02-16 16:05:22] [AD] [INFO] Open ad (new tab) {"postId":"175570250","url":"https://haraj.com.sa/11175570250/2025_BMW_X4_xDrive_30i_M_2_0T_GCC_0Km/"}
[2026-02-16 16:05:24] [AD] [INFO] Captured GraphQL posts {"postId":"175570250"}
[2026-02-16 16:05:25] [AD] [INFO] Captured GraphQL comments {"postId":"175570250"}
[2026-02-16 16:05:26] [AD] [INFO] Open ad (new tab) {"postId":"175570244","url":"https://haraj.com.sa/11175570244/%D8%AC%D9%8A%D8%A8_%D8%AC%D8%B1%D8%A7%D9%86%D8%AF_%D8%B4%D9%8A%D8%B1%D9%88%D9%83%D9%8A_%D9%85%D9%88%D8%AF%D9%8A%D9%84_2021/"}
[2026-02-16 16:05:26] [AD] [INFO] Opening contact modal {"postId":"175570250"}
[2026-02-16 16:05:28] [AD] [INFO] Contact extracted {"postId":"175570250","phone":"+966533077000","href":"tel:+966533077000"}
[2026-02-16 16:05:28] [AD] [INFO] Closing ad tab {"postId":"175570250"}
[2026-02-16 16:05:29] [AD] [INFO] Captured GraphQL posts {"postId":"175570244"}
[2026-02-16 16:05:30] [AD] [INFO] Captured GraphQL comments {"postId":"175570244"}
[2026-02-16 16:05:31] [AD] [INFO] Opening contact modal {"postId":"175570244"}
[2026-02-16 16:05:32] [AD] [INFO] Open ad (new tab) {"postId":"175570242","url":"https://haraj.com.sa/11175570242/%D9%84%D8%A7%D9%86%D8%AF_%D8%B1%D9%88%D9%81%D8%B1_%D8%AF%D9%8A%D9%81%D9%86%D8%AF%D8%B1_2026_HSE_110_%D9%81%D9%84_%D8%B3%D8%B9%D9%88%D8%AF%D9%8A_%D9%88%D8%A7%D8%B1%D8%AF_%D8%A7%D9%84%D9%86%D8%A7%D8%BA%D9%8A/"}
[2026-02-16 16:05:32] [AD] [INFO] Contact extracted {"postId":"175570244","phone":"+966504251693","href":"tel:+966504251693"}
[2026-02-16 16:05:32] [AD] [INFO] Closing ad tab {"postId":"175570244"}
[2026-02-16 16:05:35] [AD] [INFO] Captured GraphQL posts {"postId":"175570242"}
[2026-02-16 16:05:35] [AD] [INFO] Captured GraphQL comments {"postId":"175570242"}
[2026-02-16 16:05:36] [AD] [INFO] Opening contact modal {"postId":"175570242"}
[2026-02-16 16:05:38] [AD] [INFO] Contact extracted {"postId":"175570242","phone":"+966537137883","href":"tel:+966537137883"}
[2026-02-16 16:05:38] [AD] [INFO] Closing ad tab {"postId":"175570242"}
[2026-02-16 16:05:38] [AD] [INFO] Open ad (new tab) {"postId":"175570238","url":"https://haraj.com.sa/11175570238/%D8%AC%D9%86%D8%B3%D8%B3_g80_%D8%A8%D8%B1%D8%B3%D8%AA%D9%8A%D8%AC_%D9%85%D8%AF%D9%8A%D9%84_2026_%D9%86%D8%A7%D8%BA%D9%8A/"}
[2026-02-16 16:05:41] [AD] [INFO] Captured GraphQL posts {"postId":"175570238"}
[2026-02-16 16:05:41] [AD] [INFO] Captured GraphQL comments {"postId":"175570238"}
[2026-02-16 16:05:42] [AD] [INFO] Open ad (new tab) {"postId":"175570235","url":"https://haraj.com.sa/11175570235/%D9%87%D9%8A%D9%88%D9%86%D8%AF%D8%A7%D9%8A_%D8%A3%D9%83%D8%B3%D9%86%D8%AA_2026_%D8%A8%D8%A3%D9%81%D8%B6%D9%84_%D8%B3%D8%B9%D8%B1_%D9%81%D9%8A_%D8%A7%D9%84%D8%B3%D9%88%D9%82/"}
[2026-02-16 16:05:43] [AD] [INFO] Opening contact modal {"postId":"175570238"}
[2026-02-16 16:05:44] [AD] [INFO] Contact extracted {"postId":"175570238","phone":"+966582000006","href":"tel:+966582000006"}
[2026-02-16 16:05:44] [AD] [INFO] Closing ad tab {"postId":"175570238"}
[2026-02-16 16:05:45] [AD] [INFO] Captured GraphQL posts {"postId":"175570235"}
[2026-02-16 16:05:45] [AD] [INFO] Captured GraphQL comments {"postId":"175570235"}
[2026-02-16 16:05:46] [AD] [INFO] Opening contact modal {"postId":"175570235"}
[2026-02-16 16:05:48] [AD] [INFO] Contact extracted {"postId":"175570235","phone":"+966570021995","href":"tel:+966570021995"}
[2026-02-16 16:05:48] [AD] [INFO] Closing ad tab {"postId":"175570235"}
[2026-02-16 16:05:49] [AD] [INFO] Open ad (new tab) {"postId":"175570233","url":"https://haraj.com.sa/11175570233/%D8%AC%D9%86%D9%88%D8%B7_%D9%83%D8%A7%D9%85%D8%B1%D9%8A_2014/"}
[2026-02-16 16:05:51] [AD] [INFO] Captured GraphQL posts {"postId":"175570233"}
[2026-02-16 16:05:51] [AD] [INFO] Captured GraphQL comments {"postId":"175570233"}
[2026-02-16 16:05:52] [AD] [INFO] Opening contact modal {"postId":"175570233"}
[2026-02-16 16:05:52] [AD] [INFO] Open ad (new tab) {"postId":"175570232","url":"https://haraj.com.sa/11175570232/%D9%86%D9%8A%D8%B3%D8%A7%D9%86_%D8%A8%D8%A7%D8%AA%D8%B1%D9%88%D9%84_SE2_%D9%85%D9%88%D8%AF%D9%8A%D9%84_2026_%D8%B3%D8%B9%D9%88%D8%AF%D9%8A_%D8%AA%D9%86%D9%81%D8%B3_%D8%B7%D8%A8%D9%8A%D8%B9%D9%8A/"}
[2026-02-16 16:05:53] [AD] [INFO] Contact extracted {"postId":"175570233","phone":"+966590181086","href":"tel:+966590181086"}
[2026-02-16 16:05:53] [AD] [INFO] Closing ad tab {"postId":"175570233"}
[2026-02-16 16:05:55] [AD] [INFO] Captured GraphQL posts {"postId":"175570232"}
[2026-02-16 16:05:56] [AD] [INFO] Captured GraphQL comments {"postId":"175570232"}
[2026-02-16 16:05:57] [AD] [INFO] Opening contact modal {"postId":"175570232"}
[2026-02-16 16:05:58] [AD] [INFO] Contact extracted {"postId":"175570232","phone":"+966575098410","href":"tel:+966575098410"}
[2026-02-16 16:05:58] [AD] [INFO] Closing ad tab {"postId":"175570232"}
[2026-02-16 16:05:59] [AD] [INFO] Open ad (new tab) {"postId":"175570229","url":"https://haraj.com.sa/11175570229/%D9%87%D9%88%D9%86%D8%AF%D8%A7%D9%8A_%D8%AA%D9%88%D8%B3%D8%A7%D9%86_%D8%B3%D9%85%D8%A7%D8%B1%D8%AA_%D8%AE%D9%84%D9%8A%D8%AC%D9%8A_2025_%D9%85%D9%83%D9%8A%D9%86%D9%87_2500cc/"}
[2026-02-16 16:06:02] [AD] [INFO] Captured GraphQL posts {"postId":"175570229"}
[2026-02-16 16:06:02] [AD] [INFO] Captured GraphQL comments {"postId":"175570229"}
[2026-02-16 16:06:03] [AD] [INFO] Open ad (new tab) {"postId":"175570228","url":"https://haraj.com.sa/11175570228/%D8%B3%D9%88%D9%86%D8%A7%D8%AA%D8%A7_2018_%D8%B3%D8%AA%D8%A7%D9%86%D8%AF%D8%B1_%D9%84%D9%84%D8%A8%D9%8A%D8%B9/"}
[2026-02-16 16:06:03] [AD] [INFO] Opening contact modal {"postId":"175570229"}
[2026-02-16 16:06:04] [AD] [INFO] Contact extracted {"postId":"175570229","phone":"+966559105680","href":"tel:+966559105680"}
[2026-02-16 16:06:04] [AD] [INFO] Closing ad tab {"postId":"175570229"}
[2026-02-16 16:06:06] [AD] [INFO] Captured GraphQL posts {"postId":"175570228"}
[2026-02-16 16:06:06] [AD] [INFO] Captured GraphQL comments {"postId":"175570228"}
[2026-02-16 16:06:07] [AD] [INFO] Opening contact modal {"postId":"175570228"}
[2026-02-16 16:06:08] [AD] [INFO] Contact extracted {"postId":"175570228","phone":"+966535489158","href":"tel:+966535489158"}
[2026-02-16 16:06:08] [AD] [INFO] Closing ad tab {"postId":"175570228"}
[2026-02-16 16:06:09] [AD] [INFO] Open ad (new tab) {"postId":"175570289","url":"https://haraj.com.sa/11175570289/%D8%A8%D8%A7%D9%88%D8%B1_%D9%81%D9%84_%D9%83%D8%A7%D9%85%D9%84_2025_%D8%B9%D8%B1%D9%88%D8%B6_%D8%AE%D8%A7%D8%B5%D9%87_%D8%B9%D9%84%D9%89_%D8%A7%D9%84%D9%83%D8%A7%D8%B4_%D9%88%D8%A7%D9%84%D8%AA%D9%85%D9%88%D9%8A%D9%84/"}
[2026-02-16 16:06:10] [AD] [WARN] Phone did not settle in time {"postId":"175570272"}
[2026-02-16 16:06:10] [AD] [INFO] Contact extracted {"postId":"175570272","phone":null,"href":"tel:"}
[2026-02-16 16:06:10] [AD] [INFO] Closing ad tab {"postId":"175570272"}
[2026-02-16 16:06:11] [AD] [INFO] Open ad (new tab) {"postId":"175570227","url":"https://haraj.com.sa/11175570227/%D9%85%D8%B7%D9%84%D9%88%D8%A8_%D8%AA%D9%88%D8%B1%D8%B3_2025/"}
[2026-02-16 16:06:11] [AD] [INFO] Captured GraphQL posts {"postId":"175570289"}
[2026-02-16 16:06:12] [AD] [INFO] Captured GraphQL comments {"postId":"175570289"}
[2026-02-16 16:06:13] [AD] [INFO] Opening contact modal {"postId":"175570289"}
[2026-02-16 16:06:14] [AD] [INFO] Captured GraphQL posts {"postId":"175570227"}
[2026-02-16 16:06:14] [AD] [INFO] Captured GraphQL comments {"postId":"175570227"}
[2026-02-16 16:06:15] [AD] [INFO] Contact extracted {"postId":"175570289","phone":"+966568065787","href":"tel:+966568065787"}
[2026-02-16 16:06:15] [AD] [INFO] Closing ad tab {"postId":"175570289"}
[2026-02-16 16:06:16] [AD] [INFO] Open ad (new tab) {"postId":"175570223","url":"https://haraj.com.sa/11175570223/%D8%B1%D8%A7%D9%81%D8%B9%D8%A9_%D8%B4%D9%88%D9%83%D9%8A%D8%A9_%D9%81%D9%88%D8%B1%D9%83%D9%84%D9%81%D8%AA_%D9%84%D9%84%D8%A7%D9%8A%D8%AC%D8%A7%D8%B1/"}
[2026-02-16 16:06:16] [AD] [INFO] Opening contact modal {"postId":"175570227"}
[2026-02-16 16:06:18] [AD] [INFO] Open ad (new tab) {"postId":"175570218","url":"https://haraj.com.sa/11175570218/%D9%83%D8%A7%D9%85%D8%B1%D9%8A_2009/"}
[2026-02-16 16:06:19] [AD] [INFO] Captured GraphQL posts {"postId":"175570223"}
[2026-02-16 16:06:19] [AD] [INFO] Captured GraphQL comments {"postId":"175570223"}
[2026-02-16 16:06:21] [AD] [INFO] Captured GraphQL posts {"postId":"175570218"}
[2026-02-16 16:06:21] [AD] [INFO] Captured GraphQL comments {"postId":"175570218"}
[2026-02-16 16:06:21] [AD] [INFO] Opening contact modal {"postId":"175570223"}
[2026-02-16 16:06:22] [AD] [INFO] Opening contact modal {"postId":"175570218"}
[2026-02-16 16:06:23] [AD] [INFO] Contact extracted {"postId":"175570218","phone":"+966560351860","href":"tel:+966560351860"}
[2026-02-16 16:06:23] [AD] [INFO] Closing ad tab {"postId":"175570218"}
[2026-02-16 16:06:24] [AD] [INFO] Contact extracted {"postId":"175570223","phone":"+966556354585","href":"tel:+966556354585"}
[2026-02-16 16:06:24] [AD] [INFO] Closing ad tab {"postId":"175570223"}
[2026-02-16 16:06:28] [AD] [INFO] Open ad (new tab) {"postId":"175570216","url":"https://haraj.com.sa/11175570216/%D9%86%D9%8A%D8%B3%D8%A7%D9%86_%D8%B5%D9%86%D9%8A_2018_%D9%84%D9%84%D8%A8%D9%8A%D8%B9/"}
[2026-02-16 16:06:29] [AD] [INFO] Open ad (new tab) {"postId":"175570213","url":"https://haraj.com.sa/11175570213/%D9%81%D9%88%D8%B1%D8%AF_1999/"}
[2026-02-16 16:06:31] [AD] [INFO] Captured GraphQL posts {"postId":"175570213"}
[2026-02-16 16:06:31] [AD] [INFO] Captured GraphQL posts {"postId":"175570216"}
[2026-02-16 16:06:32] [AD] [INFO] Captured GraphQL comments {"postId":"175570213"}
[2026-02-16 16:06:32] [AD] [INFO] Captured GraphQL comments {"postId":"175570216"}
[2026-02-16 16:06:33] [AD] [INFO] Opening contact modal {"postId":"175570213"}
[2026-02-16 16:06:33] [AD] [INFO] Opening contact modal {"postId":"175570216"}
[2026-02-16 16:06:33] [AD] [INFO] Contact extracted {"postId":"175570213","phone":"+966555312335","href":"tel:+966555312335"}
[2026-02-16 16:06:33] [AD] [INFO] Closing ad tab {"postId":"175570213"}
[2026-02-16 16:06:36] [AD] [INFO] Contact extracted {"postId":"175570216","phone":"+966555011068","href":"tel:+966555011068"}
[2026-02-16 16:06:36] [AD] [INFO] Closing ad tab {"postId":"175570216"}
[2026-02-16 16:06:37] [AD] [INFO] Open ad (new tab) {"postId":"175570211","url":"https://haraj.com.sa/11175570211/%D9%85%D8%B1%D8%B3%D9%8A%D8%AF%D8%B3_c300_%D9%83%D9%88%D8%A8%D9%8A%D9%87/"}
[2026-02-16 16:06:40] [AD] [INFO] Captured GraphQL posts {"postId":"175570211"}
[2026-02-16 16:06:40] [AD] [INFO] Captured GraphQL comments {"postId":"175570211"}
[2026-02-16 16:06:41] [AD] [INFO] Open ad (new tab) {"postId":"175570210","url":"https://haraj.com.sa/11175570210/%D8%B4%D9%85%D8%B9%D8%A7%D8%AA_%D9%83%D9%8A%D8%A7_K5_%D9%85%D9%88%D8%AF%D9%8A%D9%84_2025/"}
[2026-02-16 16:06:42] [AD] [INFO] Opening contact modal {"postId":"175570211"}
[2026-02-16 16:06:43] [AD] [INFO] Contact extracted {"postId":"175570211","phone":"+966542468001","href":"tel:+966542468001"}
[2026-02-16 16:06:43] [AD] [INFO] Closing ad tab {"postId":"175570211"}
[2026-02-16 16:06:44] [AD] [INFO] Captured GraphQL posts {"postId":"175570210"}
[2026-02-16 16:06:44] [AD] [INFO] Captured GraphQL comments {"postId":"175570210"}
[2026-02-16 16:06:46] [AD] [INFO] Opening contact modal {"postId":"175570210"}
[2026-02-16 16:06:47] [AD] [INFO] Open ad (new tab) {"postId":"175570200","url":"https://haraj.com.sa/11175570200/%D9%87%D9%8A%D9%88%D9%86%D8%AF%D8%A7%D9%8A_%D8%B3%D9%88%D9%86%D8%A7%D8%AA%D8%A7_2_5_2026/"}
[2026-02-16 16:06:48] [AD] [INFO] Contact extracted {"postId":"175570210","phone":"+966540380137","href":"tel:+966540380137"}
[2026-02-16 16:06:48] [AD] [INFO] Closing ad tab {"postId":"175570210"}
[2026-02-16 16:06:52] [AD] [INFO] Open ad (new tab) {"postId":"175570195","url":"https://haraj.com.sa/11175570195/%D8%A7%D9%83%D8%B3%D9%86%D8%AA_%D9%85%D9%88%D8%AF%D9%8A%D9%84_2022/"}
[2026-02-16 16:07:17] [AD] [WARN] Phone did not settle in time {"postId":"175570227"}
[2026-02-16 16:07:17] [AD] [INFO] Contact extracted {"postId":"175570227","phone":null,"href":"tel:"}
[2026-02-16 16:07:17] [AD] [INFO] Closing ad tab {"postId":"175570227"}
[2026-02-16 16:07:22] [AD] [INFO] Open ad (new tab) {"postId":"175570194","url":"https://haraj.com.sa/11175570194/%D9%86%D9%8A%D8%B3%D8%A7%D9%86_%D8%A7%D9%88%D8%B1%D9%81%D8%A7%D9%86_13_%D8%B1%D8%A7%D9%83%D8%A8_%D8%A8%D9%86%D8%B2%D9%8A%D9%86_%D9%85%D9%88%D8%AF%D9%8A%D9%84_2019/"}
[2026-02-16 16:07:25] [AD] [INFO] Captured GraphQL posts {"postId":"175570194"}
[2026-02-16 16:07:25] [AD] [INFO] Captured GraphQL comments {"postId":"175570194"}
[2026-02-16 16:07:27] [AD] [INFO] Opening contact modal {"postId":"175570194"}
[2026-02-16 16:07:28] [AD] [INFO] Contact extracted {"postId":"175570194","phone":"+966594263747","href":"tel:+966594263747"}
[2026-02-16 16:07:28] [AD] [INFO] Closing ad tab {"postId":"175570194"}
[2026-02-16 16:07:33] [AD] [INFO] Open ad (new tab) {"postId":"175570188","url":"https://haraj.com.sa/11175570188/%D9%8A%D8%A7%D8%B1%D8%B3_2015%D8%A7%D9%88%D8%AA%D9%88%D9%85%D8%A7%D8%AA%D9%8A%D9%83/"}
[2026-02-16 16:07:33] [AD] [INFO] Captured GraphQL posts {"postId":"175570195"}
[2026-02-16 16:07:34] [AD] [INFO] Captured GraphQL comments {"postId":"175570195"}
[2026-02-16 16:07:34] [AD] [INFO] Opening contact modal {"postId":"175570195"}
[2026-02-16 16:07:36] [AD] [INFO] Captured GraphQL posts {"postId":"175570200"}
[2026-02-16 16:07:36] [AD] [INFO] Contact extracted {"postId":"175570195","phone":"+966548811616","href":"tel:+966548811616"}
[2026-02-16 16:07:36] [AD] [INFO] Closing ad tab {"postId":"175570195"}
[2026-02-16 16:07:36] [AD] [INFO] Captured GraphQL comments {"postId":"175570200"}
[2026-02-16 16:07:37] [AD] [INFO] Captured GraphQL posts {"postId":"175570188"}
[2026-02-16 16:07:37] [AD] [INFO] Captured GraphQL comments {"postId":"175570188"}
[2026-02-16 16:07:37] [AD] [INFO] Opening contact modal {"postId":"175570200"}
[2026-02-16 16:07:38] [AD] [INFO] Opening contact modal {"postId":"175570188"}
[2026-02-16 16:07:39] [AD] [INFO] Contact extracted {"postId":"175570200","phone":"+966920012133","href":"tel:+966920012133"}
[2026-02-16 16:07:39] [AD] [INFO] Closing ad tab {"postId":"175570200"}
[2026-02-16 16:07:41] [AD] [INFO] Open ad (new tab) {"postId":"175570186","url":"https://haraj.com.sa/11175570186/%D8%A8%D8%A7%D8%AA%D8%B1%D9%88%D9%84_2026_%D8%A8%D9%84%D8%A7%D8%AA%D9%8A%D9%86%D9%88%D9%85_%D9%81%D9%84_%D9%83%D8%A7%D9%85%D9%84_%D8%AA%D9%86%D9%81%D8%B3_%D8%B7%D8%A8%D9%8A%D8%B9%D9%8A_%D9%85%D8%AA%D9%88%D9%81%D8%B1_%D8%A7%D9%84%D9%88%D8%A7%D9%86/"}
[2026-02-16 16:07:41] [AD] [INFO] Contact extracted {"postId":"175570188","phone":"+966508046097","href":"tel:+966508046097"}
[2026-02-16 16:07:41] [AD] [INFO] Closing ad tab {"postId":"175570188"}
[2026-02-16 16:07:43] [AD] [INFO] Captured GraphQL posts {"postId":"175570186"}
[2026-02-16 16:07:43] [AD] [INFO] Open ad (new tab) {"postId":"175570184","url":"https://haraj.com.sa/11175570184/%D9%85%D9%83%D9%8A%D9%86%D9%87_%D9%87%D9%8A%D9%84%D9%83%D8%B3_2016_%D9%86%D8%B8%D9%8A%D9%81%D9%87_%D8%B9%D8%A7%D9%84%D8%B4%D8%B1%D8%B7/"}
[2026-02-16 16:07:43] [AD] [INFO] Captured GraphQL comments {"postId":"175570186"}
[2026-02-16 16:07:45] [AD] [INFO] Opening contact modal {"postId":"175570186"}
[2026-02-16 16:07:46] [AD] [INFO] Captured GraphQL posts {"postId":"175570184"}
[2026-02-16 16:07:47] [AD] [INFO] Contact extracted {"postId":"175570186","phone":"+966572696020","href":"tel:+966572696020"}
[2026-02-16 16:07:47] [AD] [INFO] Closing ad tab {"postId":"175570186"}
[2026-02-16 16:07:47] [AD] [INFO] Open ad (new tab) {"postId":"175570183","url":"https://haraj.com.sa/11175570183/%D8%AC%D9%8A%D9%84%D9%8A_%D9%83%D9%88%D9%84%D8%B1%D8%A7%D9%8A_2023_%D9%81%D9%84_%D9%83%D8%A7%D9%85%D9%84_%D8%B4%D8%A8%D9%87_%D8%A7%D9%84%D8%AC%D8%AF%D9%8A%D8%AF/"}
[2026-02-16 16:07:47] [AD] [INFO] Captured GraphQL comments {"postId":"175570184"}
[2026-02-16 16:07:48] [AD] [INFO] Opening contact modal {"postId":"175570184"}
[2026-02-16 16:07:49] [AD] [INFO] Captured GraphQL posts {"postId":"175570183"}
[2026-02-16 16:07:50] [AD] [INFO] Captured GraphQL comments {"postId":"175570183"}
[2026-02-16 16:07:50] [AD] [INFO] Contact extracted {"postId":"175570184","phone":"+966545877965","href":"tel:+966545877965"}
[2026-02-16 16:07:50] [AD] [INFO] Closing ad tab {"postId":"175570184"}
[2026-02-16 16:07:51] [AD] [INFO] Opening contact modal {"postId":"175570183"}
[2026-02-16 16:07:52] [AD] [INFO] Contact extracted {"postId":"175570183","phone":"+966500001515","href":"tel:+966500001515"}
[2026-02-16 16:07:52] [AD] [INFO] Closing ad tab {"postId":"175570183"}
[2026-02-16 16:07:52] [AD] [INFO] Open ad (new tab) {"postId":"175570182","url":"https://haraj.com.sa/11175570182/%D9%83%D9%8A%D8%A7_5_%D9%86%D8%B5_%D9%81%D9%84_%D9%85%D9%88%D8%AF%D9%8A%D9%84_2026_%D8%AA%D9%82%D8%B3%D9%8A%D8%B7_%D9%88%D9%86%D9%82%D8%AF/"}
[2026-02-16 16:07:54] [AD] [INFO] Captured GraphQL posts {"postId":"175570182"}
[2026-02-16 16:07:55] [AD] [INFO] Captured GraphQL comments {"postId":"175570182"}
[2026-02-16 16:07:56] [AD] [INFO] Opening contact modal {"postId":"175570182"}
[2026-02-16 16:07:56] [AD] [INFO] Open ad (new tab) {"postId":"175570181","url":"https://haraj.com.sa/11175570181/%D8%AC%D9%85%D8%B3_SLT_%D9%85%D9%88%D8%AF%D9%8A%D9%84_2016/"}
[2026-02-16 16:07:57] [AD] [INFO] Contact extracted {"postId":"175570182","phone":"+966557775349","href":"tel:+966557775349"}
[2026-02-16 16:07:57] [AD] [INFO] Closing ad tab {"postId":"175570182"}
[2026-02-16 16:07:57] [AD] [INFO] Open ad (new tab) {"postId":"175570180","url":"https://haraj.com.sa/11175570180/%D9%86%D9%8A%D8%B3%D8%A7%D9%86_%D8%A8%D8%A7%D8%AA%D8%B1%D9%88%D9%84_SE_2026%D8%AA%D9%86%D9%81%D8%B3_%D8%B7%D8%A8%D9%8A%D8%B9%D9%8A_%D8%AE%D9%84%D9%8A%D8%AC%D9%8A_%D8%A7%D9%82%D9%84_%D8%B3%D8%B9%D8%B1/"}
[2026-02-16 16:08:00] [AD] [INFO] Captured GraphQL posts {"postId":"175570180"}
[2026-02-16 16:08:00] [AD] [INFO] Captured GraphQL posts {"postId":"175570181"}
[2026-02-16 16:08:00] [AD] [INFO] Captured GraphQL comments {"postId":"175570180"}
[2026-02-16 16:08:00] [AD] [INFO] Captured GraphQL comments {"postId":"175570181"}
[2026-02-16 16:08:01] [AD] [INFO] Open ad (new tab) {"postId":"175570178","url":"https://haraj.com.sa/11175570178/2024_Mercedes_Benz_E_class_E350/"}
[2026-02-16 16:08:01] [AD] [INFO] Opening contact modal {"postId":"175570180"}
[2026-02-16 16:08:01] [AD] [INFO] Opening contact modal {"postId":"175570181"}
[2026-02-16 16:08:02] [AD] [INFO] Contact extracted {"postId":"175570180","phone":"+966550009328","href":"tel:+966550009328"}
[2026-02-16 16:08:02] [AD] [INFO] Closing ad tab {"postId":"175570180"}
[2026-02-16 16:08:03] [AD] [INFO] Captured GraphQL posts {"postId":"175570178"}
[2026-02-16 16:08:03] [AD] [INFO] Captured GraphQL comments {"postId":"175570178"}
[2026-02-16 16:08:04] [AD] [INFO] Contact extracted {"postId":"175570181","phone":"+966500048224","href":"tel:+966500048224"}
[2026-02-16 16:08:04] [AD] [INFO] Closing ad tab {"postId":"175570181"}
[2026-02-16 16:08:05] [AD] [INFO] Opening contact modal {"postId":"175570178"}
[2026-02-16 16:08:06] [AD] [INFO] Contact extracted {"postId":"175570178","phone":"+966555127631","href":"tel:+966555127631"}
[2026-02-16 16:08:06] [AD] [INFO] Closing ad tab {"postId":"175570178"}
[2026-02-16 16:08:06] [AD] [INFO] Open ad (new tab) {"postId":"175570171","url":"https://haraj.com.sa/11175570171/%D9%87%D9%88%D9%86%D8%AF%D8%A7%D9%8A_%D8%A7%D9%84%D9%86%D8%AA%D8%B1%D8%A7_1_6_%D9%85%D9%88%D8%AF%D9%8A%D9%84_2021/"}
[2026-02-16 16:08:09] [AD] [INFO] Open ad (new tab) {"postId":"175570169","url":"https://haraj.com.sa/11175570169/BMW/"}
[2026-02-16 16:08:09] [AD] [INFO] Captured GraphQL posts {"postId":"175570171"}
[2026-02-16 16:08:09] [AD] [INFO] Captured GraphQL comments {"postId":"175570171"}
[2026-02-16 16:08:10] [AD] [INFO] Open ad (new tab) {"postId":"175570167","url":"https://haraj.com.sa/11175570167/%D9%84%D9%88%D8%AD%D8%A9_%D9%84%D9%84%D8%A8%D9%8A%D8%B9/"}
[2026-02-16 16:08:11] [AD] [INFO] Opening contact modal {"postId":"175570171"}
[2026-02-16 16:08:12] [AD] [INFO] Contact extracted {"postId":"175570171","phone":"+966570656310","href":"tel:+966570656310"}
[2026-02-16 16:08:12] [AD] [INFO] Closing ad tab {"postId":"175570171"}
[2026-02-16 16:08:13] [AD] [INFO] Captured GraphQL posts {"postId":"175570167"}
[2026-02-16 16:08:13] [AD] [INFO] Captured GraphQL posts {"postId":"175570169"}
[2026-02-16 16:08:13] [AD] [INFO] Captured GraphQL comments {"postId":"175570167"}
[2026-02-16 16:08:13] [AD] [INFO] Captured GraphQL comments {"postId":"175570169"}
[2026-02-16 16:08:14] [AD] [INFO] Opening contact modal {"postId":"175570167"}
[2026-02-16 16:08:15] [AD] [INFO] Opening contact modal {"postId":"175570169"}
[2026-02-16 16:08:15] [AD] [INFO] Contact extracted {"postId":"175570167","phone":"+966500335098","href":"tel:+966500335098"}
[2026-02-16 16:08:15] [AD] [INFO] Closing ad tab {"postId":"175570167"}
[2026-02-16 16:08:17] [AD] [INFO] Open ad (new tab) {"postId":"175570164","url":"https://haraj.com.sa/11175570164/%D9%81%D9%88%D8%B1%D8%AF_%D9%81%D9%8A%D9%82%D9%88_2015_%D8%AA%D8%B4%D9%84%D9%8A%D8%AD_%D9%82%D8%B7%D8%B9_%D8%BA%D9%8A%D8%A7%D8%B1/"}
[2026-02-16 16:08:17] [AD] [INFO] Contact extracted {"postId":"175570169","phone":"+966549293439","href":"tel:+966549293439"}
[2026-02-16 16:08:17] [AD] [INFO] Closing ad tab {"postId":"175570169"}
[2026-02-16 16:08:20] [AD] [INFO] Open ad (new tab) {"postId":"175570163","url":"https://haraj.com.sa/11175570163/%D8%AA%D9%88%D9%8A%D9%88%D8%AA%D8%A7_%D8%B4%D8%A7%D8%B5_%D8%B3%D9%84%D9%82_2025_%D8%A8%D9%86%D8%B2%D9%8A%D9%86_%D9%82%D9%8A%D8%B1_%D8%B9%D8%A7%D8%AF%D9%8A_%D9%88%D9%86%D8%B4/"}
[2026-02-16 16:08:20] [AD] [INFO] Captured GraphQL posts {"postId":"175570164"}
[2026-02-16 16:08:20] [AD] [INFO] Captured GraphQL comments {"postId":"175570164"}
[2026-02-16 16:08:21] [AD] [INFO] Opening contact modal {"postId":"175570164"}
[2026-02-16 16:08:22] [AD] [INFO] Open ad (new tab) {"postId":"175570162","url":"https://haraj.com.sa/11175570162/%D8%AA%D9%88%D9%8A%D9%88%D8%AA%D8%A7_%D9%87%D8%A7%D9%8A%D9%84%D9%88%D9%83%D8%B3_%D8%AA%D9%85%D8%AA%D9%8A%D9%83_2018/"}
[2026-02-16 16:08:22] [AD] [INFO] Captured GraphQL posts {"postId":"175570163"}
[2026-02-16 16:08:23] [AD] [INFO] Captured GraphQL comments {"postId":"175570163"}
[2026-02-16 16:08:23] [AD] [INFO] Opening contact modal {"postId":"175570163"}
[2026-02-16 16:08:25] [AD] [INFO] Contact extracted {"postId":"175570163","phone":"+966530990711","href":"tel:+966530990711"}
[2026-02-16 16:08:25] [AD] [INFO] Closing ad tab {"postId":"175570163"}
[2026-02-16 16:08:25] [AD] [INFO] Contact extracted {"postId":"175570164","phone":"+966554621192","href":"tel:+966554621192"}
[2026-02-16 16:08:25] [AD] [INFO] Closing ad tab {"postId":"175570164"}
[2026-02-16 16:08:25] [AD] [INFO] Captured GraphQL posts {"postId":"175570162"}
[2026-02-16 16:08:26] [AD] [INFO] Captured GraphQL comments {"postId":"175570162"}
[2026-02-16 16:08:28] [AD] [INFO] Opening contact modal {"postId":"175570162"}
[2026-02-16 16:08:30] [AD] [INFO] Open ad (new tab) {"postId":"175570159","url":"https://haraj.com.sa/11175570159/%D8%A8%D9%8A_%D8%A7%D9%85_%D8%AF%D8%A8%D9%84%D9%8A%D9%88_%D8%A7%D9%84%D9%81%D8%A6%D8%A9_%D8%A7%D9%84%D8%AE%D8%A7%D9%85%D8%B3%D8%A9/"}
[2026-02-16 16:08:30] [AD] [INFO] Open ad (new tab) {"postId":"175570152","url":"https://haraj.com.sa/11175570152/%D9%83%D8%B1%D9%8A%D8%AA%D8%A7_%D9%83%D9%85%D9%81%D9%88%D8%B1%D8%AA_2025_%D8%A7%D9%82%D9%84_%D8%B3%D8%B9%D8%B1/"}
[2026-02-16 16:09:27] [AD] [INFO] Captured GraphQL posts {"postId":"175570152"}
[2026-02-16 16:09:27] [AD] [INFO] Captured GraphQL comments {"postId":"175570152"}
[2026-02-16 16:09:28] [AD] [INFO] Opening contact modal {"postId":"175570152"}
[2026-02-16 16:09:29] [AD] [WARN] Phone did not settle in time {"postId":"175570162"}
[2026-02-16 16:09:29] [AD] [INFO] Contact extracted {"postId":"175570162","phone":null,"href":"tel:undefined"}
[2026-02-16 16:09:29] [AD] [INFO] Closing ad tab {"postId":"175570162"}
[2026-02-16 16:09:30] [AD] [INFO] Contact extracted {"postId":"175570152","phone":"+966541143867","href":"tel:+966541143867"}
[2026-02-16 16:09:30] [AD] [INFO] Closing ad tab {"postId":"175570152"}
[2026-02-16 16:09:30] [AD] [INFO] Captured GraphQL posts {"postId":"175570159"}
[2026-02-16 16:09:30] [AD] [INFO] Captured GraphQL comments {"postId":"175570159"}
[2026-02-16 16:09:31] [AD] [INFO] Opening contact modal {"postId":"175570159"}
[2026-02-16 16:09:32] [AD] [INFO] Contact extracted {"postId":"175570159","phone":"+966561960168","href":"tel:+966561960168"}
[2026-02-16 16:09:32] [AD] [INFO] Closing ad tab {"postId":"175570159"}
[2026-02-16 16:09:34] [AD] [INFO] Open ad (new tab) {"postId":"175570140","url":"https://haraj.com.sa/11175570140/%D8%A7%D8%B3%D8%AA%D9%85%D8%A7%D8%B1%D9%87_%D9%84%D9%84%D8%A8%D9%8A%D8%B9_%D9%85%D8%B3%D9%82%D8%B7%D9%87_%D8%A8%D8%AF%D9%88%D9%86_%D9%85%D9%88%D8%AA%D8%B1%D9%84%D9%86%D9%82%D9%84_%D9%84%D9%88%D8%AD%D8%A7%D8%AA_/"}
[2026-02-16 16:09:35] [AD] [INFO] Open ad (new tab) {"postId":"175570143","url":"https://haraj.com.sa/11175570143/%D9%84%D9%84%D8%A8%D9%8A%D8%B9_%D8%A7%D9%81%D8%AC%D9%8A_2008_%D9%81%D9%84_%D9%83%D8%A7%D9%85%D9%84/"}
[2026-02-16 16:09:36] [AD] [INFO] Open ad (new tab) {"postId":"175570139","url":"https://haraj.com.sa/11175570139/%D9%85%D8%B7%D9%84%D9%88%D8%A8_%D9%87%D8%A7%D9%8A%D9%84%D9%88%D9%83%D8%B3/"}
[2026-02-16 16:09:36] [AD] [INFO] Captured GraphQL posts {"postId":"175570140"}
[2026-02-16 16:09:38] [AD] [INFO] Captured GraphQL posts {"postId":"175570139"}
[2026-02-16 16:09:39] [AD] [INFO] Captured GraphQL comments {"postId":"175570139"}
[2026-02-16 16:09:39] [AD] [INFO] Captured GraphQL posts {"postId":"175570143"}
[2026-02-16 16:09:39] [AD] [INFO] Captured GraphQL comments {"postId":"175570143"}
[2026-02-16 16:09:40] [AD] [INFO] Opening contact modal {"postId":"175570139"}
[2026-02-16 16:09:40] [AD] [INFO] Opening contact modal {"postId":"175570143"}
[2026-02-16 16:09:41] [AD] [INFO] Contact extracted {"postId":"175570139","phone":"+966579541675","href":"tel:+966579541675"}
[2026-02-16 16:09:41] [AD] [INFO] Closing ad tab {"postId":"175570139"}
[2026-02-16 16:09:42] [AD] [INFO] Contact extracted {"postId":"175570143","phone":"+966546392922","href":"tel:+966546392922"}
[2026-02-16 16:09:42] [AD] [INFO] Closing ad tab {"postId":"175570143"}
[2026-02-16 16:09:47] [AD] [INFO] Open ad (new tab) {"postId":"175570138","url":"https://haraj.com.sa/11175570138/%D9%83%D8%A7%D9%85%D8%B1%D9%8A_2010/"}
[2026-02-16 16:09:47] [AD] [INFO] Open ad (new tab) {"postId":"175570137","url":"https://haraj.com.sa/11175570137/%D9%83%D8%A7%D9%85%D8%B1%D9%8A_2026_%D8%A7%D8%B5%D9%81%D8%A7%D8%B1/"}
[2026-02-16 16:09:50] [AD] [INFO] Captured GraphQL posts {"postId":"175570138"}
[2026-02-16 16:09:51] [AD] [INFO] Captured GraphQL posts {"postId":"175570137"}
[2026-02-16 16:09:51] [AD] [INFO] Captured GraphQL comments {"postId":"175570138"}
[2026-02-16 16:09:51] [AD] [INFO] Captured GraphQL comments {"postId":"175570137"}
[2026-02-16 16:09:52] [AD] [INFO] Opening contact modal {"postId":"175570138"}
[2026-02-16 16:09:52] [AD] [INFO] Opening contact modal {"postId":"175570137"}
[2026-02-16 16:09:53] [AD] [INFO] Contact extracted {"postId":"175570137","phone":"+966504900249","href":"tel:+966504900249"}
[2026-02-16 16:09:53] [AD] [INFO] Closing ad tab {"postId":"175570137"}
[2026-02-16 16:09:54] [AD] [INFO] Contact extracted {"postId":"175570138","phone":"+966583377502","href":"tel:+966583377502"}
[2026-02-16 16:09:54] [AD] [INFO] Closing ad tab {"postId":"175570138"}
[2026-02-16 16:09:56] [AD] [INFO] Open ad (new tab) {"postId":"175570135","url":"https://haraj.com.sa/11175570135/%D9%81%D9%88%D8%B1%D8%AF_%D9%81%D9%8A%D9%88%D8%AC%D9%86_2011_%D9%85%D8%AD%D8%B1%D9%83%D8%A7%D8%AA_%D8%B4%D8%A7%D8%B5_%D8%B4%D8%B1%D8%B7/"}
[2026-02-16 16:09:57] [AD] [INFO] Open ad (new tab) {"postId":"175570133","url":"https://haraj.com.sa/11175570133/%D8%AA%D9%88%D9%8A%D9%88%D8%AA%D8%A7_%D9%83%D9%88%D8%B1%D9%88%D9%84%D8%A7_%D9%81%D8%AA%D8%AD%D8%A9_%D8%B3%D9%82%D9%81_2026_%D9%83%D8%A7%D8%B4_%D9%88_%D8%A7%D9%82%D8%B3%D8%A7%D8%B7/"}
[2026-02-16 16:10:00] [AD] [INFO] Captured GraphQL posts {"postId":"175570135"}
[2026-02-16 16:10:00] [AD] [INFO] Captured GraphQL comments {"postId":"175570135"}
[2026-02-16 16:10:00] [AD] [INFO] Captured GraphQL posts {"postId":"175570133"}
[2026-02-16 16:10:01] [AD] [INFO] Captured GraphQL comments {"postId":"175570133"}
[2026-02-16 16:10:01] [AD] [INFO] Opening contact modal {"postId":"175570135"}
[2026-02-16 16:10:01] [AD] [INFO] Opening contact modal {"postId":"175570133"}
[2026-02-16 16:10:03] [AD] [INFO] Contact extracted {"postId":"175570133","phone":"+966561437693","href":"tel:+966561437693"}
[2026-02-16 16:10:03] [AD] [INFO] Closing ad tab {"postId":"175570133"}
[2026-02-16 16:10:03] [AD] [INFO] Contact extracted {"postId":"175570135","phone":"+966559855227","href":"tel:+966559855227"}
[2026-02-16 16:10:03] [AD] [INFO] Closing ad tab {"postId":"175570135"}
[2026-02-16 16:10:07] [AD] [INFO] Open ad (new tab) {"postId":"175570131","url":"https://haraj.com.sa/11175570131/%D8%A7%D8%B4%D9%88%D9%83_%D9%84%D9%8A%D9%84%D8%A7%D9%86%D8%AF_26%D8%B1%D8%A7%D9%83%D8%A8_2026/"}
[2026-02-16 16:10:09] [AD] [INFO] Open ad (new tab) {"postId":"175570130","url":"https://haraj.com.sa/11175570130/%D9%84%D9%83%D8%B2%D8%B3_RX350_%D8%A8%D8%B1%D8%A7%D9%8A%D9%85_2025%D8%B9%D8%B1%D9%88%D9%88%D8%B6/"}
[2026-02-16 16:10:09] [AD] [INFO] Captured GraphQL posts {"postId":"175570131"}
[2026-02-16 16:10:09] [AD] [INFO] Captured GraphQL comments {"postId":"175570131"}
[2026-02-16 16:10:11] [AD] [INFO] Opening contact modal {"postId":"175570131"}
[2026-02-16 16:10:12] [AD] [INFO] Captured GraphQL posts {"postId":"175570130"}
[2026-02-16 16:10:12] [AD] [INFO] Captured GraphQL comments {"postId":"175570130"}
[2026-02-16 16:10:13] [AD] [INFO] Contact extracted {"postId":"175570131","phone":"+966506052219","href":"tel:+966506052219"}
[2026-02-16 16:10:13] [AD] [INFO] Closing ad tab {"postId":"175570131"}
[2026-02-16 16:10:14] [AD] [INFO] Opening contact modal {"postId":"175570130"}
[2026-02-16 16:10:15] [AD] [INFO] Contact extracted {"postId":"175570130","phone":"+966506381950","href":"tel:+966506381950"}
[2026-02-16 16:10:15] [AD] [INFO] Closing ad tab {"postId":"175570130"}
[2026-02-16 16:10:18] [AD] [INFO] Open ad (new tab) {"postId":"175570125","url":"https://haraj.com.sa/11175570125/%D8%AA%D9%88%D9%8A%D9%88%D8%AA%D8%A7_%D9%8A%D8%A7%D8%B1%D8%B3_2019/"}
[2026-02-16 16:10:20] [AD] [INFO] Open ad (new tab) {"postId":"175570123","url":"https://haraj.com.sa/11175570123/%D9%84%D9%83%D8%B2%D8%B3_ES2502025_%D9%86%D8%B5_%D9%81%D9%84_%D8%B9%D8%B1%D9%88%D9%88%D8%B6/"}
[2026-02-16 16:10:21] [AD] [INFO] Captured GraphQL posts {"postId":"175570125"}
[2026-02-16 16:10:22] [AD] [INFO] Captured GraphQL comments {"postId":"175570125"}
[2026-02-16 16:10:22] [AD] [INFO] Captured GraphQL posts {"postId":"175570123"}
[2026-02-16 16:10:22] [AD] [INFO] Captured GraphQL comments {"postId":"175570123"}
[2026-02-16 16:10:22] [AD] [INFO] Opening contact modal {"postId":"175570125"}
[2026-02-16 16:10:23] [AD] [INFO] Opening contact modal {"postId":"175570123"}
[2026-02-16 16:10:25] [AD] [INFO] Contact extracted {"postId":"175570123","phone":"+966506381950","href":"tel:+966506381950"}
[2026-02-16 16:10:25] [AD] [INFO] Closing ad tab {"postId":"175570123"}
[2026-02-16 16:10:25] [AD] [INFO] Contact extracted {"postId":"175570125","phone":"+966554604987","href":"tel:+966554604987"}
[2026-02-16 16:10:25] [AD] [INFO] Closing ad tab {"postId":"175570125"}
[2026-02-16 16:10:30] [AD] [INFO] Open ad (new tab) {"postId":"175570121","url":"https://haraj.com.sa/11175570121/EMZOOM_GS3_%D9%86%D8%B5_%D9%81%D9%84_GL_%D9%85%D9%88%D8%AF%D9%8A%D9%84_2026_%D9%83%D8%A7%D8%B4_%D9%88_%D8%A7%D9%82%D8%B3%D8%A7%D8%B7_%D8%B9%D8%B1%D8%B6_%D8%AE%D8%A7%D8%B5_%D8%A7%D9%82%D9%84_%D8%B3%D8%B9%D8%B1/"}
[2026-02-16 16:10:30] [AD] [INFO] Open ad (new tab) {"postId":"175570118","url":"https://haraj.com.sa/11175570118/%D8%A7%D9%88%D8%A8%D8%AA%D8%B1%D8%A7_2010_%D8%A7%D8%AA%D9%88%D9%85%D8%A7%D8%AA%D9%8A%D9%83/"}
[2026-02-16 16:10:33] [AD] [INFO] Captured GraphQL posts {"postId":"175570118"}
[2026-02-16 16:10:33] [AD] [INFO] Captured GraphQL comments {"postId":"175570118"}
[2026-02-16 16:10:34] [AD] [INFO] Captured GraphQL posts {"postId":"175570121"}
[2026-02-16 16:10:34] [AD] [INFO] Captured GraphQL comments {"postId":"175570121"}
[2026-02-16 16:10:34] [AD] [INFO] Opening contact modal {"postId":"175570118"}
[2026-02-16 16:10:35] [AD] [INFO] Contact extracted {"postId":"175570118","phone":"+966564122642","href":"tel:+966564122642"}
[2026-02-16 16:10:35] [AD] [INFO] Closing ad tab {"postId":"175570118"}
[2026-02-16 16:10:35] [AD] [INFO] Opening contact modal {"postId":"175570121"}
[2026-02-16 16:10:37] [AD] [INFO] Contact extracted {"postId":"175570121","phone":"+966561432769","href":"tel:+966561432769"}
[2026-02-16 16:10:37] [AD] [INFO] Closing ad tab {"postId":"175570121"}
[2026-02-16 16:10:37] [AD] [WARN] post-contact not found {"postId":"175570140"}
[2026-02-16 16:10:38] [AD] [WARN] Contact button not visible {"postId":"175570140"}
[2026-02-16 16:10:38] [AD] [INFO] Closing ad tab {"postId":"175570140"}
[2026-02-16 16:10:40] [AD] [INFO] Open ad (new tab) {"postId":"175570116","url":"https://haraj.com.sa/11175570116/%D8%B5%D9%86%D8%AF%D9%88%D9%82_%D9%82%D9%84%D8%A7%D8%A8_%D9%82%D8%A7%D8%B9%D8%AF%D9%87_16_%D8%B9%D8%B4%D8%B1%D9%87_%D9%85%D8%B3%D9%85%D8%A7%D8%B1/"}
[2026-02-16 16:10:43] [AD] [INFO] Captured GraphQL posts {"postId":"175570116"}
[2026-02-16 16:10:43] [AD] [INFO] Captured GraphQL comments {"postId":"175570116"}
[2026-02-16 16:10:44] [AD] [INFO] Opening contact modal {"postId":"175570116"}
[2026-02-16 16:10:46] [AD] [INFO] Contact extracted {"postId":"175570116","phone":"+966507750453","href":"tel:+966507750453"}
[2026-02-16 16:10:46] [AD] [INFO] Closing ad tab {"postId":"175570116"}
[2026-02-16 16:11:00] [AD] [INFO] Open ad (new tab) {"postId":"175570654","url":"https://haraj.com.sa/11175570654/%D9%86%D9%8A%D8%B3%D8%A7%D9%86_%D8%A8%D8%A7%D8%AA%D8%B1%D9%88%D9%84_%D8%A8%D9%84%D8%A7%D8%AA%D9%86%D9%8A%D9%88%D9%85_%D8%AA%D9%88%D9%86_%D8%AA%D9%8A%D8%B1%D8%A8%D9%88_2026_%D9%88%D8%A7%D8%B1%D8%AF_%D8%A7%D9%84%D8%A8%D8%A7%D8%A8%D8%B7%D9%8A%D9%86/"}
[2026-02-16 16:11:00] [AD] [INFO] Open ad (new tab) {"postId":"175570651","url":"https://haraj.com.sa/11175570651/%D8%B3%D9%88%D9%86%D8%A7%D8%AA%D8%A72012/"}
[2026-02-16 16:11:01] [AD] [INFO] Open ad (new tab) {"postId":"175570648","url":"https://haraj.com.sa/11175570648/%D8%AC%D9%8A%D8%AA%D9%88%D8%B1_T2_2026/"}
[2026-02-16 16:11:03] [AD] [INFO] Captured GraphQL posts {"postId":"175570648"}
[2026-02-16 16:11:04] [AD] [INFO] Captured GraphQL posts {"postId":"175570654"}
[2026-02-16 16:11:04] [AD] [INFO] Captured GraphQL comments {"postId":"175570648"}
[2026-02-16 16:11:04] [AD] [INFO] Captured GraphQL posts {"postId":"175570651"}
[2026-02-16 16:11:04] [AD] [INFO] Captured GraphQL comments {"postId":"175570654"}
[2026-02-16 16:11:04] [AD] [INFO] Captured GraphQL comments {"postId":"175570651"}
[2026-02-16 16:11:05] [AD] [INFO] Opening contact modal {"postId":"175570654"}
[2026-02-16 16:11:05] [AD] [INFO] Opening contact modal {"postId":"175570651"}
[2026-02-16 16:11:06] [AD] [INFO] Opening contact modal {"postId":"175570648"}
[2026-02-16 16:11:06] [AD] [INFO] Contact extracted {"postId":"175570648","phone":"+966920012133","href":"tel:+966920012133"}
[2026-02-16 16:11:06] [AD] [INFO] Closing ad tab {"postId":"175570648"}
[2026-02-16 16:11:07] [AD] [INFO] Contact extracted {"postId":"175570654","phone":"+966559105680","href":"tel:+966559105680"}
[2026-02-16 16:11:07] [AD] [INFO] Closing ad tab {"postId":"175570654"}
[2026-02-16 16:11:07] [AD] [INFO] Contact extracted {"postId":"175570651","phone":"+966560386131","href":"tel:+966560386131"}
[2026-02-16 16:11:07] [AD] [INFO] Closing ad tab {"postId":"175570651"}
[2026-02-16 16:11:11] [AD] [INFO] Open ad (new tab) {"postId":"175570645","url":"https://haraj.com.sa/11175570645/%D8%A7%D8%BA%D8%B1%D8%A7%D8%B6_%D9%87%D8%A7%D9%8A%D9%84%D9%88%D9%83%D8%B3_%D8%B3%D8%B3%D8%AA_%D8%AC%D9%86%D9%88%D8%B7_%D9%8A%D8%A7%D9%8A_%D8%B5%D8%A7%D8%AC%D9%87_%D8%A7%D9%84%D8%AF%D8%B1%D8%B9_%D8%A7%D9%84%D8%B5%D9%84%D8%A8_%D9%85%D8%B3%D8%A7%D8%B9%D8%AF%D8%A7%D8%AA/"}
[2026-02-16 16:11:11] [AD] [INFO] Open ad (new tab) {"postId":"175570644","url":"https://haraj.com.sa/11175570644/%D9%88%D9%8A%D9%86%D8%AC%D9%84_7_%D8%AF%D8%A8%D9%84_%D8%AF%D9%8A%D8%B2%D9%84_%D8%AC%D9%8A%D8%B1_%D8%B9%D8%A7%D8%AF%D9%8A_2025_%D8%B9%D8%B1%D9%88%D8%B6_%D8%AE%D8%A7%D8%B5%D9%87_%D8%B9%D9%84%D9%89_%D8%A7%D9%84%D9%83%D8%A7%D8%B4_%D9%88%D8%A7%D9%84%D8%AA%D9%85%D9%88%D9%8A%D9%84/"}
[2026-02-16 16:11:11] [AD] [INFO] Open ad (new tab) {"postId":"175570643","url":"https://haraj.com.sa/11175570643/%D8%B4%D9%8A%D8%B1%D9%8A_%D8%A7%D8%B1%D9%8A%D8%B2%D9%88_5_2023_%D8%B3%D8%B9%D9%88%D8%AF%D9%8A/"}
[2026-02-16 16:11:13] [AD] [INFO] Captured GraphQL posts {"postId":"175570645"}
[2026-02-16 16:11:15] [AD] [INFO] Captured GraphQL comments {"postId":"175570645"}
[2026-02-16 16:11:15] [AD] [INFO] Opening contact modal {"postId":"175570645"}
[2026-02-16 16:11:15] [AD] [INFO] Captured GraphQL posts {"postId":"175570643"}
[2026-02-16 16:11:15] [AD] [INFO] Captured GraphQL posts {"postId":"175570644"}
[2026-02-16 16:11:15] [AD] [INFO] Captured GraphQL comments {"postId":"175570643"}
[2026-02-16 16:11:16] [AD] [INFO] Captured GraphQL comments {"postId":"175570644"}
[2026-02-16 16:11:17] [AD] [INFO] Opening contact modal {"postId":"175570644"}
[2026-02-16 16:11:17] [AD] [INFO] Opening contact modal {"postId":"175570643"}
[2026-02-16 16:11:18] [AD] [INFO] Contact extracted {"postId":"175570643","phone":"+966535020890","href":"tel:+966535020890"}
[2026-02-16 16:11:18] [AD] [INFO] Closing ad tab {"postId":"175570643"}
[2026-02-16 16:11:20] [AD] [INFO] Contact extracted {"postId":"175570644","phone":"+966568065787","href":"tel:+966568065787"}
[2026-02-16 16:11:20] [AD] [INFO] Closing ad tab {"postId":"175570644"}
[2026-02-16 16:11:23] [AD] [INFO] Open ad (new tab) {"postId":"175570636","url":"https://haraj.com.sa/11175570636/%D9%86%D9%8A%D8%B3%D8%A7%D9%86_%D8%A8%D8%A7%D8%AA%D8%B1%D9%88%D9%84_%D8%AA%D9%8A%D8%AA%D8%A7%D9%86%D9%8A%D9%88%D9%85_2023_%D9%81%D9%84/"}
[2026-02-16 16:11:25] [AD] [INFO] Open ad (new tab) {"postId":"175570635","url":"https://haraj.com.sa/11175570635/%D9%87%D8%A7%D9%8A%D9%84%D9%83%D8%B3_2022_GLX_%D9%86%D8%B8%D9%8A%D9%81/"}
[2026-02-16 16:11:26] [AD] [INFO] Captured GraphQL posts {"postId":"175570636"}
[2026-02-16 16:11:26] [AD] [INFO] Captured GraphQL comments {"postId":"175570636"}
[2026-02-16 16:11:27] [AD] [INFO] Opening contact modal {"postId":"175570636"}
[2026-02-16 16:11:29] [AD] [INFO] Captured GraphQL posts {"postId":"175570635"}
[2026-02-16 16:11:29] [AD] [INFO] Captured GraphQL comments {"postId":"175570635"}
[2026-02-16 16:11:30] [AD] [INFO] Opening contact modal {"postId":"175570635"}
[2026-02-16 16:11:30] [AD] [INFO] Contact extracted {"postId":"175570636","phone":"+966502329995","href":"tel:+966502329995"}
[2026-02-16 16:11:30] [AD] [INFO] Closing ad tab {"postId":"175570636"}
[2026-02-16 16:11:31] [AD] [INFO] Contact extracted {"postId":"175570635","phone":"+966501095999","href":"tel:+966501095999"}
[2026-02-16 16:11:31] [AD] [INFO] Closing ad tab {"postId":"175570635"}
[2026-02-16 16:11:36] [AD] [INFO] Open ad (new tab) {"postId":"175570630","url":"https://haraj.com.sa/11175570630/%D9%8A%D9%88%D9%83%D9%86_%D9%85%D8%AE%D8%B2%D9%86_%D8%B4%D8%B1%D8%B72009/"}
[2026-02-16 16:11:36] [AD] [INFO] Open ad (new tab) {"postId":"175570633","url":"https://haraj.com.sa/11175570633/%D9%87%D9%88%D9%86%D8%AF%D8%A7%D9%8A_%D8%A7%D9%84%D9%86%D8%AA%D8%B1%D8%A7_2018_%D9%85%D8%AE%D8%B2%D9%86/"}
[2026-02-16 16:11:40] [AD] [INFO] Captured GraphQL posts {"postId":"175570633"}
[2026-02-16 16:11:40] [AD] [INFO] Captured GraphQL posts {"postId":"175570630"}
[2026-02-16 16:11:40] [AD] [INFO] Captured GraphQL comments {"postId":"175570633"}
[2026-02-16 16:11:40] [AD] [INFO] Captured GraphQL comments {"postId":"175570630"}
[2026-02-16 16:11:41] [AD] [INFO] Opening contact modal {"postId":"175570633"}
[2026-02-16 16:11:41] [AD] [INFO] Opening contact modal {"postId":"175570630"}
[2026-02-16 16:11:43] [AD] [INFO] Contact extracted {"postId":"175570633","phone":"+966534660287","href":"tel:+966534660287"}
[2026-02-16 16:11:43] [AD] [INFO] Closing ad tab {"postId":"175570633"}
[2026-02-16 16:11:44] [AD] [INFO] Contact extracted {"postId":"175570630","phone":"+966550611554","href":"tel:+966550611554"}
[2026-02-16 16:11:44] [AD] [INFO] Closing ad tab {"postId":"175570630"}
[2026-02-16 16:11:48] [AD] [INFO] Open ad (new tab) {"postId":"175570629","url":"https://haraj.com.sa/11175570629/%D8%B9%D8%B1%D8%B6_%D8%A7%D9%84%D9%8A%D9%88%D9%85_%D8%B9%D9%84%D9%8A_%D9%87%D9%8A%D9%88%D9%86%D8%AF%D8%A7%D9%8A_%D8%A7%D9%84%D9%86%D8%AA%D8%B1%D8%A7_2025_1_5_%D8%B3%D9%85%D8%A7%D8%B1%D8%AA_%D9%88%D8%B3%D9%85%D8%A7%D8%AA_%D8%A8%D9%84%D8%B3/"}
[2026-02-16 16:11:48] [AD] [INFO] Open ad (new tab) {"postId":"175570623","url":"https://haraj.com.sa/11175570623/%D9%84%D9%84%D9%88%D8%AD%D8%A9_%D9%85%D9%85%D9%8A%D8%B2%D8%A9_%D9%84%D9%84%D8%A8%D9%8A%D8%B9/"}
[2026-02-16 16:11:51] [AD] [INFO] Captured GraphQL posts {"postId":"175570623"}
[2026-02-16 16:11:51] [AD] [INFO] Captured GraphQL comments {"postId":"175570623"}
[2026-02-16 16:11:52] [AD] [INFO] Captured GraphQL posts {"postId":"175570629"}
[2026-02-16 16:11:52] [AD] [INFO] Captured GraphQL comments {"postId":"175570629"}
[2026-02-16 16:11:53] [AD] [INFO] Opening contact modal {"postId":"175570623"}
[2026-02-16 16:11:53] [AD] [INFO] Opening contact modal {"postId":"175570629"}
[2026-02-16 16:11:54] [AD] [INFO] Contact extracted {"postId":"175570623","phone":"+966532088710","href":"tel:+966532088710"}
[2026-02-16 16:11:54] [AD] [INFO] Closing ad tab {"postId":"175570623"}
[2026-02-16 16:11:54] [AD] [INFO] Contact extracted {"postId":"175570629","phone":"+966542227736","href":"tel:+966542227736"}
[2026-02-16 16:11:54] [AD] [INFO] Closing ad tab {"postId":"175570629"}
[2026-02-16 16:11:59] [AD] [INFO] Open ad (new tab) {"postId":"175570618","url":"https://haraj.com.sa/11175570618/%D9%86%D9%8A%D8%B3%D8%A7%D9%86_%D8%A7%D9%83%D8%B3%D8%AA%D8%B1%D9%8A%D9%84_%D8%B3%D8%AA%D8%A7%D9%86%D8%AF%D8%B1_%D8%AF%D9%81%D8%B9_%D8%A7%D9%85%D8%A7%D9%85%D9%8A_5_%D8%B1%D8%A7%D9%83%D8%A8_%D9%85%D9%88%D8%AF%D9%8A%D9%84_2026_%D9%84%D9%88%D9%86_%D8%B0%D9%87%D8%A8%D9%8A/"}
[2026-02-16 16:11:59] [AD] [INFO] Open ad (new tab) {"postId":"175570617","url":"https://haraj.com.sa/11175570617/%D9%84%D9%83%D8%B2%D8%B3_LX_600_BB_2026/"}
[2026-02-16 16:12:02] [AD] [INFO] Captured GraphQL posts {"postId":"175570617"}
[2026-02-16 16:12:02] [AD] [INFO] Captured GraphQL posts {"postId":"175570618"}
[2026-02-16 16:12:02] [AD] [INFO] Captured GraphQL comments {"postId":"175570617"}
[2026-02-16 16:12:03] [AD] [INFO] Captured GraphQL comments {"postId":"175570618"}
[2026-02-16 16:12:03] [AD] [INFO] Opening contact modal {"postId":"175570617"}
[2026-02-16 16:12:04] [AD] [INFO] Opening contact modal {"postId":"175570618"}
[2026-02-16 16:12:05] [AD] [INFO] Contact extracted {"postId":"175570617","phone":"+966537620567","href":"tel:+966537620567"}
[2026-02-16 16:12:05] [AD] [INFO] Closing ad tab {"postId":"175570617"}
[2026-02-16 16:12:05] [AD] [INFO] Contact extracted {"postId":"175570618","phone":"+966578130069","href":"tel:+966578130069"}
[2026-02-16 16:12:05] [AD] [INFO] Closing ad tab {"postId":"175570618"}
[2026-02-16 16:12:10] [AD] [INFO] Open ad (new tab) {"postId":"175570615","url":"https://haraj.com.sa/11175570615/%D9%83%D8%A7%D9%85%D8%B1%D9%89_LE_%D8%A8%D9%86%D8%B2%D9%8A%D9%86_2026%D9%83%D8%A7%D8%B4_%D9%88%D8%A7%D9%82%D8%B3%D8%A7%D8%B7_%D8%A7%D8%B3%D9%88%D8%AF_%D8%A7%D8%A8%D9%8A%D8%B6_%D8%AA%D9%8A%D8%AA%D8%A7%D9%86%D9%8A%D9%88%D9%85_%D9%81%D8%B6%D9%89/"}
[2026-02-16 16:12:11] [AD] [INFO] Open ad (new tab) {"postId":"175570609","url":"https://haraj.com.sa/11175570609/%D8%B1_%D9%82_%D8%A73000/"}
[2026-02-16 16:12:14] [AD] [INFO] Captured GraphQL posts {"postId":"175570615"}
[2026-02-16 16:12:14] [AD] [INFO] Captured GraphQL posts {"postId":"175570609"}
[2026-02-16 16:12:14] [AD] [INFO] Captured GraphQL comments {"postId":"175570609"}
[2026-02-16 16:12:14] [AD] [INFO] Captured GraphQL comments {"postId":"175570615"}
[2026-02-16 16:12:15] [AD] [INFO] Opening contact modal {"postId":"175570609"}
[2026-02-16 16:12:15] [AD] [INFO] Opening contact modal {"postId":"175570615"}
[2026-02-16 16:12:16] [AD] [WARN] Phone did not settle in time {"postId":"175570645"}
[2026-02-16 16:12:16] [AD] [INFO] Contact extracted {"postId":"175570645","phone":null,"href":"tel:"}
[2026-02-16 16:12:16] [AD] [INFO] Closing ad tab {"postId":"175570645"}
[2026-02-16 16:12:16] [AD] [INFO] Contact extracted {"postId":"175570615","phone":"+966500724962","href":"tel:+966500724962"}
[2026-02-16 16:12:16] [AD] [INFO] Closing ad tab {"postId":"175570615"}
[2026-02-16 16:12:17] [AD] [INFO] Contact extracted {"postId":"175570609","phone":"+966500444638","href":"tel:+966500444638"}
[2026-02-16 16:12:17] [AD] [INFO] Closing ad tab {"postId":"175570609"}
[2026-02-16 16:12:20] [AD] [INFO] Open ad (new tab) {"postId":"175570607","url":"https://haraj.com.sa/11175570607/%D8%B1%D8%A7%D9%86%D8%AC_%D8%B1%D9%88%D9%81%D8%B1_%D8%B3%D8%A8%D9%88%D8%B1%D8%AA_2025_%D9%81%D9%84_%D9%83%D8%A7%D9%85%D9%84_%D9%85%D9%88%D8%A7%D8%B5%D9%81%D8%A7%D8%AA_%D8%AE%D9%84%D9%8A%D8%AC%D9%8A%D8%A9/"}
[2026-02-16 16:12:20] [AD] [INFO] Open ad (new tab) {"postId":"175570599","url":"https://haraj.com.sa/11175570599/%D8%B3%D8%B7%D8%AD%D9%87_%D8%AE%D9%85%D9%8A%D8%B3_%D9%85%D8%B4%D9%8A%D8%B7/"}
[2026-02-16 16:12:22] [AD] [INFO] Open ad (new tab) {"postId":"175570602","url":"https://haraj.com.sa/11175570602/%D9%87%D9%8A%D9%88%D9%86%D8%AF%D8%A7%D9%8A_%D9%83%D9%88%D9%86%D8%A7_%D8%B3%D9%85%D8%A7%D8%B1%D8%AA_%D8%A8%D9%86%D8%B2%D9%8A%D9%86_2000_%D9%85%D9%88%D8%AF%D9%8A%D9%84_2025/"}
[2026-02-16 16:12:24] [AD] [INFO] Captured GraphQL posts {"postId":"175570607"}
[2026-02-16 16:12:24] [AD] [INFO] Captured GraphQL posts {"postId":"175570602"}
[2026-02-16 16:12:25] [AD] [INFO] Captured GraphQL comments {"postId":"175570602"}
[2026-02-16 16:12:25] [AD] [INFO] Captured GraphQL posts {"postId":"175570599"}
[2026-02-16 16:12:25] [AD] [INFO] Captured GraphQL comments {"postId":"175570607"}
[2026-02-16 16:12:25] [AD] [INFO] Captured GraphQL comments {"postId":"175570599"}
[2026-02-16 16:12:26] [AD] [INFO] Opening contact modal {"postId":"175570607"}
[2026-02-16 16:12:26] [AD] [INFO] Opening contact modal {"postId":"175570599"}
[2026-02-16 16:12:27] [AD] [INFO] Opening contact modal {"postId":"175570602"}
[2026-02-16 16:12:27] [AD] [INFO] Contact extracted {"postId":"175570602","phone":"+966599923263","href":"tel:+966599923263"}
[2026-02-16 16:12:27] [AD] [INFO] Closing ad tab {"postId":"175570602"}
[2026-02-16 16:12:28] [AD] [INFO] Contact extracted {"postId":"175570607","phone":"+966550687550","href":"tel:+966550687550"}
[2026-02-16 16:12:28] [AD] [INFO] Closing ad tab {"postId":"175570607"}
[2026-02-16 16:12:28] [AD] [INFO] Contact extracted {"postId":"175570599","phone":"+966554141715","href":"tel:+966554141715"}
[2026-02-16 16:12:28] [AD] [INFO] Closing ad tab {"postId":"175570599"}
[2026-02-16 16:12:32] [AD] [INFO] Open ad (new tab) {"postId":"175570597","url":"https://haraj.com.sa/11175570597/%D8%AA%D9%88%D9%8A%D9%88%D8%AA%D8%A7_%D9%83%D8%A7%D9%85%D8%B1%D9%8A_LE_%D9%87%D8%A7%D9%8A%D8%A8%D8%B1%D8%AF_2026_%D8%A3%D8%A8%D9%8A%D8%B6_%D9%81%D8%B6%D9%8A_%D8%AA%D9%8A%D8%AA%D8%A7%D9%86%D9%8A%D9%88%D9%85_%D9%83%D8%A7%D8%B4_%D9%88%D8%A7%D9%82%D9%84_%D9%82%D8%B3%D8%B7/"}
[2026-02-16 16:12:32] [AD] [INFO] Open ad (new tab) {"postId":"175570661","url":"https://haraj.com.sa/11175570661/%D8%B3%D8%B7%D8%AD%D9%87_%D8%AC%D8%AF%D9%87_%D8%B3%D8%B7%D8%AD%D9%87_%D9%85%D9%86_%D8%AC%D8%AF%D9%87_%D8%A7%D9%84%D9%89_%D8%A7%D9%84%D8%B1%D9%8A%D8%A7%D8%B6_%D8%B3%D8%B7%D8%AD%D9%87_%D8%AC%D8%AF%D9%87_%D8%A7%D9%84%D8%AF%D9%85%D8%A7%D9%85/"}
[2026-02-16 16:12:33] [AD] [INFO] Open ad (new tab) {"postId":"175570596","url":"https://haraj.com.sa/11175570596/%D9%83%D9%8A%D8%A7_%D8%B3%D8%A8%D9%88%D8%B1%D8%AA%D8%A7%D8%AC_2023/"}
[2026-02-16 16:12:35] [AD] [INFO] Captured GraphQL posts {"postId":"175570597"}
[2026-02-16 16:12:36] [AD] [INFO] Captured GraphQL posts {"postId":"175570596"}
[2026-02-16 16:12:36] [AD] [INFO] Captured GraphQL comments {"postId":"175570596"}
[2026-02-16 16:12:36] [AD] [INFO] Captured GraphQL comments {"postId":"175570597"}
[2026-02-16 16:12:37] [AD] [INFO] Captured GraphQL posts {"postId":"175570661"}
[2026-02-16 16:12:37] [AD] [INFO] Captured GraphQL comments {"postId":"175570661"}
[2026-02-16 16:12:37] [AD] [INFO] Opening contact modal {"postId":"175570596"}
[2026-02-16 16:12:37] [AD] [INFO] Opening contact modal {"postId":"175570597"}
[2026-02-16 16:12:38] [AD] [INFO] Opening contact modal {"postId":"175570661"}
[2026-02-16 16:12:38] [AD] [INFO] Contact extracted {"postId":"175570596","phone":"+966502991773","href":"tel:+966502991773"}
[2026-02-16 16:12:38] [AD] [INFO] Closing ad tab {"postId":"175570596"}
[2026-02-16 16:12:40] [AD] [INFO] Contact extracted {"postId":"175570661","phone":"+966568995202","href":"tel:+966568995202"}
[2026-02-16 16:12:40] [AD] [INFO] Closing ad tab {"postId":"175570661"}
[2026-02-16 16:12:41] [AD] [INFO] Contact extracted {"postId":"175570597","phone":"+966537702549","href":"tel:+966537702549"}
[2026-02-16 16:12:41] [AD] [INFO] Closing ad tab {"postId":"175570597"}
[2026-02-16 16:12:44] [AD] [INFO] Open ad (new tab) {"postId":"175570656","url":"https://haraj.com.sa/11175570656/%D8%A7%D8%B9%D8%B1%D8%B6_%D9%84%D9%83%D9%85_%D9%83%D9%81%D8%B1%D8%A7%D8%AA_%D8%B2%D8%AF_%D8%A7%D9%83%D8%B3_%D8%AA%D8%A7%D9%8A%D9%84%D9%86%D8%AF%D9%8A_%D8%A7%D9%84%D8%AD%D8%AF_%D8%A8_100%D8%B1%D9%8A%D8%A7%D9%84235_45_18_/"}
[2026-02-16 16:12:44] [AD] [INFO] Open ad (new tab) {"postId":"175570659","url":"https://haraj.com.sa/11175570659/%D9%87%D8%A7%D9%81%D8%A7%D9%84_%D8%AC%D9%88%D9%84%D9%8A%D8%A7%D9%86_%D8%A7%D9%83%D8%AA%D9%8A%D9%81_2026_%D8%B3%D8%B9%D9%88%D8%AF%D9%8A_%D9%83%D8%A7%D8%B4_%D9%88%D8%AA%D9%85%D9%88%D9%8A%D9%84/"}
[2026-02-16 16:12:45] [AD] [INFO] Open ad (new tab) {"postId":"175570592","url":"https://haraj.com.sa/11175570592/%D8%B3%D9%88%D9%86%D8%A7%D8%AA%D8%A7_2018_%D8%B9%D9%84%D9%89_%D9%8A%D8%AF%D9%8A_%D9%85%D9%86_%D8%A7%D9%84%D9%88%D9%83%D8%A7%D9%84%D9%87_%D9%85%D9%85%D8%B4%D8%A7%D9%87%D8%A7_%D9%81%D9%88%D9%82_400_%D9%86%D8%B8%D9%8A%D9%81/"}
[2026-02-16 16:12:46] [AD] [INFO] Captured GraphQL posts {"postId":"175570659"}
[2026-02-16 16:12:47] [AD] [INFO] Captured GraphQL posts {"postId":"175570656"}
[2026-02-16 16:12:47] [AD] [INFO] Captured GraphQL comments {"postId":"175570659"}
[2026-02-16 16:12:48] [AD] [INFO] Opening contact modal {"postId":"175570659"}
[2026-02-16 16:12:48] [AD] [INFO] Captured GraphQL comments {"postId":"175570656"}
[2026-02-16 16:12:48] [AD] [INFO] Captured GraphQL posts {"postId":"175570592"}
[2026-02-16 16:12:49] [AD] [INFO] Captured GraphQL comments {"postId":"175570592"}
[2026-02-16 16:12:49] [AD] [INFO] Opening contact modal {"postId":"175570656"}
[2026-02-16 16:12:49] [AD] [INFO] Contact extracted {"postId":"175570659","phone":"+966536906108","href":"tel:+966536906108"}
[2026-02-16 16:12:49] [AD] [INFO] Closing ad tab {"postId":"175570659"}
[2026-02-16 16:12:50] [AD] [INFO] Opening contact modal {"postId":"175570592"}
[2026-02-16 16:12:51] [AD] [INFO] Contact extracted {"postId":"175570592","phone":"+966530403315","href":"tel:+966530403315"}
[2026-02-16 16:12:51] [AD] [INFO] Closing ad tab {"postId":"175570592"}
[2026-02-16 16:12:53] [AD] [INFO] Contact extracted {"postId":"175570656","phone":"+966548545550","href":"tel:+966548545550"}
[2026-02-16 16:12:53] [AD] [INFO] Closing ad tab {"postId":"175570656"}
[2026-02-16 16:12:53] [AD] [INFO] Open ad (new tab) {"postId":"175570583","url":"https://haraj.com.sa/11175570583/%D9%81%D9%88%D8%B1%D8%AF_%D8%AA%D9%88%D8%B1%D8%B3_%D8%A7%D9%85%D8%A8%D9%8A%D8%A7%D9%86%D8%AA%D9%89_%D8%A7%D9%84%D8%B4%D9%83%D9%84_%D8%A7%D9%84%D8%AC%D8%AF%D9%8A%D8%AF_%D9%85%D9%88%D8%AF%D9%8A%D9%84_2026_%D9%83%D8%A7%D8%B4_%D9%88%D8%AA%D9%85%D9%88%D9%8A%D9%84/"}
[2026-02-16 16:12:55] [AD] [INFO] Open ad (new tab) {"postId":"175570587","url":"https://haraj.com.sa/11175570587/%D9%83%D9%8A%D8%A7_%D9%83%D8%B1%D9%86%D9%81%D8%A7%D9%84_%D8%A7%D8%B3%D8%AA%D8%A7%D9%86%D8%AF%D8%B1_%D9%88%D9%86%D8%B5_%D9%81%D9%84_2026_%D9%83%D8%A7%D8%B4_%D9%88%D8%AA%D9%82%D8%B3%D9%8A%D8%B7/"}
[2026-02-16 16:12:55] [AD] [INFO] Captured GraphQL posts {"postId":"175570583"}
[2026-02-16 16:12:56] [AD] [INFO] Captured GraphQL comments {"postId":"175570583"}
[2026-02-16 16:12:57] [AD] [INFO] Opening contact modal {"postId":"175570583"}
[2026-02-16 16:12:58] [AD] [INFO] Captured GraphQL posts {"postId":"175570587"}
[2026-02-16 16:12:58] [AD] [INFO] Open ad (new tab) {"postId":"175570582","url":"https://haraj.com.sa/11175570582/%D9%87%D9%8A%D9%88%D9%86%D8%AF%D8%A7%D9%8A_H1_%D9%85%D9%88%D8%AF%D9%8A%D9%84_2018_%D8%A8%D9%86%D8%B2%D9%8A%D9%86_9_%D8%B1%D8%A7%D9%83%D8%A8/"}
[2026-02-16 16:12:58] [AD] [INFO] Captured GraphQL comments {"postId":"175570587"}
[2026-02-16 16:12:59] [AD] [INFO] Contact extracted {"postId":"175570583","phone":"+966590093350","href":"tel:+966590093350"}
[2026-02-16 16:12:59] [AD] [INFO] Closing ad tab {"postId":"175570583"}
[2026-02-16 16:13:00] [AD] [INFO] Opening contact modal {"postId":"175570587"}
[2026-02-16 16:13:00] [AD] [INFO] Captured GraphQL posts {"postId":"175570582"}
[2026-02-16 16:13:01] [AD] [INFO] Captured GraphQL comments {"postId":"175570582"}
[2026-02-16 16:13:02] [AD] [INFO] Opening contact modal {"postId":"175570582"}
[2026-02-16 16:13:03] [AD] [INFO] Contact extracted {"postId":"175570587","phone":"+966539558954","href":"tel:+966539558954"}
[2026-02-16 16:13:03] [AD] [INFO] Contact extracted {"postId":"175570582","phone":"+966594703686","href":"tel:+966594703686"}
[2026-02-16 16:13:03] [AD] [INFO] Closing ad tab {"postId":"175570587"}
[2026-02-16 16:13:03] [AD] [INFO] Closing ad tab {"postId":"175570582"}
[2026-02-16 16:13:03] [AD] [INFO] Open ad (new tab) {"postId":"175570581","url":"https://haraj.com.sa/11175570581/%D8%AA%D9%88%D9%8A%D9%88%D8%AA%D8%A7_%D9%83%D8%A7%D9%85%D8%B1%D9%8A_%D9%86%D8%B5_%D9%81%D9%84_%D8%B3%D8%B9%D9%88%D8%AF%D9%8A_%D8%A8%D9%86%D8%B2%D9%8A%D9%86_%D9%85%D8%AF%D9%8A%D9%84_2026_%D8%A7%D8%B3%D9%88%D8%AF_%D8%AA%D9%8A%D8%AA%D8%A7%D9%86%D9%8A%D9%88%D9%85/"}
[2026-02-16 16:13:06] [AD] [INFO] Captured GraphQL posts {"postId":"175570581"}
[2026-02-16 16:13:06] [AD] [INFO] Captured GraphQL comments {"postId":"175570581"}
[2026-02-16 16:13:06] [AD] [INFO] Open ad (new tab) {"postId":"175570580","url":"https://haraj.com.sa/11175570580/%D9%8A%D8%A7%D8%B1%D8%B3_Y_%D8%A7%D8%B3%D8%AA%D8%A7%D9%86%D8%AF%D8%B1_2026_%D8%B3%D8%B9%D9%88%D8%AF%D9%8A_%D9%83%D8%A7%D8%B4_%D9%88%D8%A7%D9%82%D8%B3%D8%A7%D8%B7_%D8%A7%D8%A8%D9%8A%D8%B6/"}
[2026-02-16 16:13:07] [AD] [INFO] Opening contact modal {"postId":"175570581"}
[2026-02-16 16:13:07] [AD] [INFO] Open ad (new tab) {"postId":"175570578","url":"https://haraj.com.sa/11175570578/%D9%85%D8%B3%D8%AC%D9%84_%D8%AA%D9%88%D8%B1%D8%B3_2013_%D9%88%D9%83%D8%A7%D9%84%D8%A9_%D9%84%D9%84%D8%A8%D9%8A%D8%B9/"}
[2026-02-16 16:13:08] [AD] [INFO] Contact extracted {"postId":"175570581","phone":"+966591233383","href":"tel:+966591233383"}
[2026-02-16 16:13:08] [AD] [INFO] Closing ad tab {"postId":"175570581"}
[2026-02-16 16:13:09] [AD] [INFO] Captured GraphQL posts {"postId":"175570580"}
[2026-02-16 16:13:09] [AD] [INFO] Captured GraphQL comments {"postId":"175570580"}
[2026-02-16 16:13:10] [AD] [INFO] Captured GraphQL posts {"postId":"175570578"}
[2026-02-16 16:13:10] [AD] [INFO] Captured GraphQL comments {"postId":"175570578"}
[2026-02-16 16:13:10] [AD] [INFO] Opening contact modal {"postId":"175570580"}
[2026-02-16 16:13:12] [AD] [INFO] Opening contact modal {"postId":"175570578"}
[2026-02-16 16:13:12] [AD] [INFO] Open ad (new tab) {"postId":"175570574","url":"https://haraj.com.sa/11175570574/%D9%84%D9%88%D8%AD%D9%87_%D9%85%D9%85%D9%8A%D8%B2%D9%87/"}
[2026-02-16 16:13:13] [AD] [INFO] Contact extracted {"postId":"175570580","phone":"+966540222002","href":"tel:+966540222002"}
[2026-02-16 16:13:13] [AD] [INFO] Closing ad tab {"postId":"175570580"}
[2026-02-16 16:13:15] [AD] [INFO] Captured GraphQL posts {"postId":"175570574"}
[2026-02-16 16:13:15] [AD] [INFO] Captured GraphQL comments {"postId":"175570574"}
[2026-02-16 16:13:17] [AD] [INFO] Opening contact modal {"postId":"175570574"}
[2026-02-16 16:13:18] [AD] [INFO] Open ad (new tab) {"postId":"175570572","url":"https://haraj.com.sa/11175570572/%D8%AA%D9%88%D9%8A%D9%88%D8%AA%D8%A7_%D9%83%D8%A7%D9%85%D8%B1%D9%8A_%D8%AC%D8%B1%D8%A7%D9%86%D8%AF%D9%8A/"}
[2026-02-16 16:13:18] [AD] [INFO] Contact extracted {"postId":"175570574","phone":"+966542694065","href":"tel:+966542694065"}
[2026-02-16 16:13:18] [AD] [INFO] Closing ad tab {"postId":"175570574"}
[2026-02-16 16:13:20] [AD] [INFO] Captured GraphQL posts {"postId":"175570572"}
[2026-02-16 16:13:20] [AD] [INFO] Captured GraphQL comments {"postId":"175570572"}
[2026-02-16 16:13:21] [AD] [INFO] Opening contact modal {"postId":"175570572"}
[2026-02-16 16:13:22] [AD] [INFO] Open ad (new tab) {"postId":"175570571","url":"https://haraj.com.sa/11175570571/%D8%AA%D9%88%D9%8A%D9%88%D8%AA%D8%A7_%D9%83%D9%88%D8%B1%D9%84%D8%A7_%D9%85%D8%B7%D9%88%D8%B1_2_0_%D8%AC%D9%86%D9%88%D8%B7_2026_%D9%83%D8%A7%D8%B4_%D9%88%D9%86%D8%B8%D8%A7%D9%85_%D8%A7%D9%84%D8%AF%D9%81%D8%B9%D8%AA%D9%8A%D9%86/"}
[2026-02-16 16:13:23] [AD] [INFO] Contact extracted {"postId":"175570572","phone":"+966563868062","href":"tel:+966563868062"}
[2026-02-16 16:13:23] [AD] [INFO] Closing ad tab {"postId":"175570572"}
[2026-02-16 16:13:25] [AD] [INFO] Captured GraphQL posts {"postId":"175570571"}
[2026-02-16 16:13:25] [AD] [INFO] Captured GraphQL comments {"postId":"175570571"}
[2026-02-16 16:13:27] [AD] [INFO] Opening contact modal {"postId":"175570571"}
[2026-02-16 16:13:28] [AD] [INFO] Open ad (new tab) {"postId":"175570570","url":"https://haraj.com.sa/11175570570/%D8%A8%D8%A7%D8%B5_%D8%A7%D8%B4%D9%88%D9%83_%D9%84%D8%A7%D9%86%D8%AF64_%D8%B1%D8%A7%D9%83%D8%A82026/"}
[2026-02-16 16:13:28] [AD] [INFO] Contact extracted {"postId":"175570571","phone":"+966555435802","href":"tel:+966555435802"}
[2026-02-16 16:13:28] [AD] [INFO] Closing ad tab {"postId":"175570571"}
[2026-02-16 16:13:31] [AD] [INFO] Captured GraphQL posts {"postId":"175570570"}
[2026-02-16 16:13:31] [AD] [INFO] Captured GraphQL comments {"postId":"175570570"}
[2026-02-16 16:13:32] [AD] [INFO] Open ad (new tab) {"postId":"175570568","url":"https://haraj.com.sa/11175570568/%D8%A7%D9%84%D8%B1%D9%8A%D8%A7%D8%B6/"}
[2026-02-16 16:13:33] [AD] [INFO] Opening contact modal {"postId":"175570570"}
[2026-02-16 16:13:33] [AD] [INFO] Contact extracted {"postId":"175570570","phone":"+966506052219","href":"tel:+966506052219"}
[2026-02-16 16:13:33] [AD] [INFO] Closing ad tab {"postId":"175570570"}
[2026-02-16 16:13:35] [AD] [INFO] Captured GraphQL posts {"postId":"175570568"}
[2026-02-16 16:13:35] [AD] [INFO] Captured GraphQL comments {"postId":"175570568"}
[2026-02-16 16:13:36] [AD] [INFO] Opening contact modal {"postId":"175570568"}
[2026-02-16 16:13:38] [AD] [INFO] Contact extracted {"postId":"175570568","phone":"+966555195409","href":"tel:+966555195409"}
[2026-02-16 16:13:38] [AD] [INFO] Closing ad tab {"postId":"175570568"}
[2026-02-16 16:13:39] [AD] [INFO] Open ad (new tab) {"postId":"175570566","url":"https://haraj.com.sa/11175570566/%D9%82%D8%B7%D8%B9_%D9%83%D8%B1%D8%B3%D9%8A%D8%AF%D8%A7_96/"}
[2026-02-16 16:13:41] [AD] [INFO] Open ad (new tab) {"postId":"175570564","url":"https://haraj.com.sa/11175570564/%D9%87%D9%88%D9%86%D8%AF%D8%A7_%D8%A8%D8%A7%D9%8A%D9%84%D9%88%D8%AA_2025_%D8%B9%D8%B1%D8%B6_%D8%B1%D9%85%D8%B6%D8%A7%D9%86_%D8%B6%D8%B1%D9%8A%D8%A8%D8%AA%D9%83_%D8%B9%D9%84%D9%8A%D9%86%D8%A7/"}
[2026-02-16 16:13:42] [AD] [INFO] Captured GraphQL posts {"postId":"175570566"}
[2026-02-16 16:13:42] [AD] [INFO] Captured GraphQL comments {"postId":"175570566"}
[2026-02-16 16:13:44] [AD] [INFO] Captured GraphQL posts {"postId":"175570564"}
[2026-02-16 16:13:44] [AD] [INFO] Captured GraphQL comments {"postId":"175570564"}
[2026-02-16 16:13:44] [AD] [INFO] Opening contact modal {"postId":"175570566"}
[2026-02-16 16:13:45] [AD] [INFO] Opening contact modal {"postId":"175570564"}
[2026-02-16 16:13:46] [AD] [INFO] Contact extracted {"postId":"175570564","phone":"+966550687550","href":"tel:+966550687550"}
[2026-02-16 16:13:46] [AD] [INFO] Closing ad tab {"postId":"175570564"}
[2026-02-16 16:13:48] [AD] [INFO] Contact extracted {"postId":"175570566","phone":"+966553780057","href":"tel:+966553780057"}
[2026-02-16 16:13:48] [AD] [INFO] Closing ad tab {"postId":"175570566"}
[2026-02-16 16:13:52] [AD] [INFO] Open ad (new tab) {"postId":"175570563","url":"https://haraj.com.sa/11175570563/%D9%87%D9%8A%D9%88%D9%86%D8%AF%D8%A7%D9%8A_%D9%83%D8%B1%D9%8A%D8%AA%D8%A7_%D9%83%D9%85%D9%81%D9%88%D8%B1%D8%AA_2026_%D8%B9%D8%B1%D9%88%D9%88%D8%B6_%D8%B1%D9%85%D8%B6%D8%A7%D9%86/"}
[2026-02-16 16:13:53] [AD] [INFO] Open ad (new tab) {"postId":"175570562","url":"https://haraj.com.sa/11175570562/%D9%85%D8%B1%D8%B3%D9%8A%D8%AF%D8%B3_GLE400_2018%D8%A8%D8%AD%D8%A7%D9%84%D8%A9_%D9%85%D9%85%D8%AA%D8%A7%D8%B2%D8%A9_/"}
[2026-02-16 16:13:55] [AD] [INFO] Captured GraphQL posts {"postId":"175570563"}
[2026-02-16 16:13:56] [AD] [INFO] Captured GraphQL comments {"postId":"175570563"}
[2026-02-16 16:13:57] [AD] [INFO] Captured GraphQL posts {"postId":"175570562"}
[2026-02-16 16:13:57] [AD] [INFO] Captured GraphQL comments {"postId":"175570562"}
[2026-02-16 16:13:58] [AD] [INFO] Opening contact modal {"postId":"175570563"}
[2026-02-16 16:13:59] [AD] [INFO] Opening contact modal {"postId":"175570562"}
[2026-02-16 16:14:00] [AD] [INFO] Contact extracted {"postId":"175570562","phone":"+966577788150","href":"tel:+966577788150"}
[2026-02-16 16:14:00] [AD] [INFO] Closing ad tab {"postId":"175570562"}
[2026-02-16 16:14:00] [AD] [INFO] Contact extracted {"postId":"175570563","phone":"+966531802223","href":"tel:+966531802223"}
[2026-02-16 16:14:00] [AD] [INFO] Closing ad tab {"postId":"175570563"}
[2026-02-16 16:14:05] [AD] [INFO] Open ad (new tab) {"postId":"175570554","url":"https://haraj.com.sa/11175570554/%D8%AC%D9%85%D8%B3_%D8%B3%D9%8A%D9%8A%D8%B1%D8%A7_2018/"}
[2026-02-16 16:14:05] [AD] [INFO] Open ad (new tab) {"postId":"175570558","url":"https://haraj.com.sa/11175570558/%D8%B9%D8%B1%D9%88%D8%B6_%D8%B9%D9%84%D9%89_%D9%82%D8%B7%D8%B9_%D9%83%D8%A7%D9%85%D8%B1%D9%8A_%D9%88_%D8%A7%D9%88%D8%B1%D9%8A%D9%88%D9%86_%D9%85%D9%86_2007_%D8%A7%D9%84%D9%89_2011_%D8%A7%D8%B5%D9%84%D9%8A%D9%87/"}
[2026-02-16 16:14:08] [AD] [INFO] Captured GraphQL posts {"postId":"175570558"}
[2026-02-16 16:14:08] [AD] [INFO] Captured GraphQL posts {"postId":"175570554"}
[2026-02-16 16:14:09] [AD] [INFO] Captured GraphQL comments {"postId":"175570558"}
[2026-02-16 16:14:09] [AD] [INFO] Captured GraphQL comments {"postId":"175570554"}
[2026-02-16 16:14:10] [AD] [INFO] Opening contact modal {"postId":"175570558"}
[2026-02-16 16:14:10] [AD] [INFO] Opening contact modal {"postId":"175570554"}
[2026-02-16 16:14:11] [AD] [INFO] Contact extracted {"postId":"175570554","phone":"+966552652168","href":"tel:+966552652168"}
[2026-02-16 16:14:11] [AD] [INFO] Closing ad tab {"postId":"175570554"}
[2026-02-16 16:14:13] [AD] [WARN] Phone did not settle in time {"postId":"175570578"}
[2026-02-16 16:14:13] [AD] [INFO] Contact extracted {"postId":"175570578","phone":null,"href":"tel:"}
[2026-02-16 16:14:13] [AD] [INFO] Closing ad tab {"postId":"175570578"}
[2026-02-16 16:14:14] [AD] [INFO] Open ad (new tab) {"postId":"175570553","url":"https://haraj.com.sa/11175570553/%D9%86%D9%8A%D8%B3%D8%A7%D9%86_%D8%A8%D8%A7%D8%AA%D8%B1%D9%88%D9%84_2026_XE_%D8%B3%D8%B9%D9%88%D8%AF%D9%8A/"}
[2026-02-16 16:14:17] [AD] [INFO] Open ad (new tab) {"postId":"175570550","url":"https://haraj.com.sa/11175570550/%D9%85%D8%A7%D9%84%D9%8A%D8%A8%D9%88_2015/"}
[2026-02-16 16:14:17] [AD] [INFO] Captured GraphQL posts {"postId":"175570553"}
[2026-02-16 16:14:17] [AD] [INFO] Captured GraphQL comments {"postId":"175570553"}
[2026-02-16 16:14:19] [AD] [INFO] Opening contact modal {"postId":"175570553"}
[2026-02-16 16:14:19] [AD] [INFO] Captured GraphQL posts {"postId":"175570550"}
[2026-02-16 16:14:20] [AD] [INFO] Captured GraphQL comments {"postId":"175570550"}
[2026-02-16 16:14:21] [AD] [INFO] Opening contact modal {"postId":"175570550"}
[2026-02-16 16:14:21] [AD] [INFO] Contact extracted {"postId":"175570553","phone":"+966544746019","href":"tel:+966544746019"}
[2026-02-16 16:14:21] [AD] [INFO] Closing ad tab {"postId":"175570553"}
[2026-02-16 16:14:22] [AD] [INFO] Contact extracted {"postId":"175570550","phone":"+966561604957","href":"tel:+966561604957"}
[2026-02-16 16:14:22] [AD] [INFO] Closing ad tab {"postId":"175570550"}
[2026-02-16 16:14:26] [AD] [INFO] Open ad (new tab) {"postId":"175570545","url":"https://haraj.com.sa/11175570545/%D9%83%D8%A7%D8%A8%D8%B1%D8%B3/"}
[2026-02-16 16:14:27] [AD] [INFO] Open ad (new tab) {"postId":"175570544","url":"https://haraj.com.sa/11175570544/%D9%85%D8%B3%D8%AA%D8%A8%D9%8A%D8%B4%D9%8A_%D8%BA%D9%85%D8%A7%D8%B1%D8%AA%D9%8A%D9%86_%D9%85%D8%AF%D9%8A%D9%84_2023/"}
[2026-02-16 16:14:28] [AD] [INFO] Captured GraphQL posts {"postId":"175570545"}
[2026-02-16 16:14:29] [AD] [INFO] Captured GraphQL comments {"postId":"175570545"}
[2026-02-16 16:14:29] [AD] [INFO] Captured GraphQL posts {"postId":"175570544"}
[2026-02-16 16:14:30] [AD] [INFO] Captured GraphQL comments {"postId":"175570544"}
[2026-02-16 16:14:30] [AD] [INFO] Opening contact modal {"postId":"175570545"}
[2026-02-16 16:14:32] [AD] [INFO] Opening contact modal {"postId":"175570544"}
[2026-02-16 16:14:33] [AD] [INFO] Contact extracted {"postId":"175570545","phone":"+966561881537","href":"tel:+966561881537"}
[2026-02-16 16:14:33] [AD] [INFO] Closing ad tab {"postId":"175570545"}
[2026-02-16 16:14:33] [AD] [INFO] Contact extracted {"postId":"175570544","phone":"+966560987870","href":"tel:+966560987870"}
[2026-02-16 16:14:33] [AD] [INFO] Closing ad tab {"postId":"175570544"}
[2026-02-16 16:14:37] [AD] [INFO] Open ad (new tab) {"postId":"175570539","url":"https://haraj.com.sa/11175570539/%D9%81%D9%88%D8%B1%D8%AF_%D8%AA%D9%88%D8%B1%D9%88%D8%B3_%D8%AA%D8%B1%D9%8A%D9%86%D8%AF_%D8%A7%D9%84%D8%B4%D9%83%D9%84_%D8%A7%D9%84%D8%AC%D8%AF%D9%8A%D8%AF_2026_%D9%88%D9%83%D8%A7%D9%84%D8%A9_%D8%A3%D9%82%D9%84_%D8%B3%D8%B9%D8%B1_%D8%A7%D9%84%D9%8A%D9%88%D9%85/"}
[2026-02-16 16:14:39] [AD] [INFO] Open ad (new tab) {"postId":"175570543","url":"https://haraj.com.sa/11175570543/%D8%AA%D9%88%D9%8A%D9%88%D8%AA%D8%A7_%D8%A7%D9%88%D8%B1%D8%A8%D8%A7%D9%86_%D9%83%D8%B1%D9%88%D8%B2_%D9%81%D9%84_%D9%83%D8%A7%D9%85%D9%84_2026/"}
[2026-02-16 16:14:40] [AD] [INFO] Captured GraphQL posts {"postId":"175570539"}
[2026-02-16 16:14:40] [AD] [INFO] Captured GraphQL comments {"postId":"175570539"}
[2026-02-16 16:14:41] [AD] [INFO] Captured GraphQL posts {"postId":"175570543"}
[2026-02-16 16:14:42] [AD] [INFO] Captured GraphQL comments {"postId":"175570543"}
[2026-02-16 16:14:42] [AD] [INFO] Opening contact modal {"postId":"175570539"}
[2026-02-16 16:14:43] [AD] [INFO] Opening contact modal {"postId":"175570543"}
[2026-02-16 16:14:43] [AD] [INFO] Contact extracted {"postId":"175570539","phone":"+966115207250","href":"tel:+966115207250"}
[2026-02-16 16:14:43] [AD] [INFO] Closing ad tab {"postId":"175570539"}
[2026-02-16 16:14:44] [AD] [INFO] Contact extracted {"postId":"175570543","phone":"+966598891212","href":"tel:+966598891212"}
[2026-02-16 16:14:44] [AD] [INFO] Closing ad tab {"postId":"175570543"}
[2026-02-16 16:14:47] [AD] [INFO] Open ad (new tab) {"postId":"175570537","url":"https://haraj.com.sa/11175570537/Toyota_Fortuner/"}
[2026-02-16 16:14:48] [AD] [INFO] Open ad (new tab) {"postId":"175570538","url":"https://haraj.com.sa/11175570538/%D8%AA%D8%A7%D9%87%D9%88_%D9%82%D8%B5%D9%8A%D8%B1_%D8%AF%D8%A8%D9%84_LS_%D9%82%D9%85%D9%87_%D9%81%D9%8A_%D8%A7%D9%84%D9%86%D8%B8%D8%A7%D9%81%D9%87/"}
[2026-02-16 16:14:50] [AD] [INFO] Captured GraphQL posts {"postId":"175570537"}
[2026-02-16 16:14:51] [AD] [INFO] Captured GraphQL posts {"postId":"175570538"}
[2026-02-16 16:14:51] [AD] [INFO] Captured GraphQL comments {"postId":"175570537"}
[2026-02-16 16:14:51] [AD] [INFO] Captured GraphQL comments {"postId":"175570538"}
[2026-02-16 16:14:52] [AD] [INFO] Opening contact modal {"postId":"175570537"}
[2026-02-16 16:14:53] [AD] [INFO] Opening contact modal {"postId":"175570538"}
[2026-02-16 16:14:54] [AD] [INFO] Contact extracted {"postId":"175570538","phone":"+966555595446","href":"tel:+966555595446"}
[2026-02-16 16:14:54] [AD] [INFO] Closing ad tab {"postId":"175570538"}
[2026-02-16 16:14:54] [AD] [INFO] Contact extracted {"postId":"175570537","phone":"+966533639406","href":"tel:+966533639406"}
[2026-02-16 16:14:54] [AD] [INFO] Closing ad tab {"postId":"175570537"}
[2026-02-16 16:14:59] [AD] [INFO] Open ad (new tab) {"postId":"175570534","url":"https://haraj.com.sa/11175570534/%D8%AA%D9%88%D9%8A%D9%88%D8%AA%D8%A7_%D9%81%D9%88%D9%86%D8%AA%D8%B4%D8%B1_2020/"}
[2026-02-16 16:14:59] [AD] [INFO] Open ad (new tab) {"postId":"175570527","url":"https://haraj.com.sa/11175570527/%D9%84%D9%84%D8%A8%D9%8A%D8%B9_%D8%AF%D8%A8%D8%A7%D8%A8/"}
[2026-02-16 16:15:11] [AD] [WARN] Phone did not settle in time {"postId":"175570558"}
[2026-02-16 16:15:11] [AD] [INFO] Contact extracted {"postId":"175570558","phone":null,"href":"tel:"}
[2026-02-16 16:15:11] [AD] [INFO] Closing ad tab {"postId":"175570558"}
[2026-02-16 16:15:16] [AD] [INFO] Open ad (new tab) {"postId":"175570526","url":"https://haraj.com.sa/11175570526/%D9%83%D9%8A%D8%A7_%D8%B3%D9%8A%D8%B1%D8%A7%D8%AA%D9%88_2011/"}
[2026-02-16 16:16:01] [AD] [WARN] post-contact not found {"postId":"175570534"}
[2026-02-16 16:16:02] [AD] [WARN] Contact button not visible {"postId":"175570534"}
[2026-02-16 16:16:02] [AD] [INFO] Closing ad tab {"postId":"175570534"}
[2026-02-16 16:16:02] [AD] [WARN] post-contact not found {"postId":"175570527"}
[2026-02-16 16:16:03] [AD] [WARN] Contact button not visible {"postId":"175570527"}
[2026-02-16 16:16:03] [AD] [INFO] Closing ad tab {"postId":"175570527"}
[2026-02-16 16:16:05] [AD] [INFO] Open ad (new tab) {"postId":"175570523","url":"https://haraj.com.sa/11175570523/%D9%85%D8%A7%D9%83%D8%B3%D9%8A%D8%B3_D60_%D9%81%D9%84_%D9%83%D8%A7%D9%85%D9%84_2025/"}
[2026-02-16 16:16:08] [AD] [INFO] Open ad (new tab) {"postId":"175570515","url":"https://haraj.com.sa/11175570515/%D8%AF%D9%8A%D9%86%D8%A7_%D8%A7%D9%8A%D8%B3%D9%88%D8%B2%D9%88%D8%A7_%D9%85%D9%88%D8%AF%D9%8A%D9%84_2016_%D8%B4%D8%B1%D8%B7_%D8%A8%D8%AF%D9%8A_%D9%88%D9%85%D8%AD%D8%B1%D9%83%D8%A7%D8%AA_%D9%88%D9%86%D8%B4_%D8%AD%D8%AC%D9%85_220/"}
[2026-02-16 16:16:08] [AD] [INFO] Captured GraphQL posts {"postId":"175570523"}
[2026-02-16 16:16:09] [AD] [INFO] Captured GraphQL comments {"postId":"175570523"}
[2026-02-16 16:16:10] [AD] [INFO] Captured GraphQL posts {"postId":"175570515"}
[2026-02-16 16:16:10] [AD] [INFO] Captured GraphQL comments {"postId":"175570515"}
[2026-02-16 16:16:11] [AD] [INFO] Opening contact modal {"postId":"175570523"}
[2026-02-16 16:16:12] [AD] [INFO] Opening contact modal {"postId":"175570515"}
[2026-02-16 16:16:13] [AD] [INFO] Contact extracted {"postId":"175570515","phone":"+966542348727","href":"tel:+966542348727"}
[2026-02-16 16:16:13] [AD] [INFO] Closing ad tab {"postId":"175570515"}
[2026-02-16 16:16:13] [AD] [INFO] Contact extracted {"postId":"175570523","phone":"+966511072721","href":"tel:+966511072721"}
[2026-02-16 16:16:13] [AD] [INFO] Closing ad tab {"postId":"175570523"}
[2026-02-16 16:16:18] [AD] [WARN] post-contact not found {"postId":"175570526"}
[2026-02-16 16:16:19] [AD] [INFO] Open ad (new tab) {"postId":"175570511","url":"https://haraj.com.sa/11175570511/%D9%84%D9%88%D8%AD%D8%A9_%D9%85%D9%85%D9%8A%D8%B2%D8%A9_%D8%AA%D8%AD%D9%85%D9%84_%D8%AB%D9%84%D8%A7%D8%AB_%D8%A3%D8%B1%D9%82%D8%A7%D9%85/"}
[2026-02-16 16:16:19] [AD] [WARN] Contact button not visible {"postId":"175570526"}
[2026-02-16 16:16:19] [AD] [INFO] Closing ad tab {"postId":"175570526"}
[2026-02-16 16:16:19] [AD] [INFO] Open ad (new tab) {"postId":"175570513","url":"https://haraj.com.sa/11175570513/%D8%AF%D8%AF%D8%B3%D9%86_%D8%AF%D8%A8%D9%842014_%D9%84%D8%A3%D9%87%D9%84_%D8%A7%D9%84%D9%86%D8%B8%D9%8A%D9%81/"}
[2026-02-16 16:16:22] [AD] [INFO] Captured GraphQL posts {"postId":"175570513"}
[2026-02-16 16:16:22] [AD] [INFO] Captured GraphQL posts {"postId":"175570511"}
[2026-02-16 16:16:22] [AD] [INFO] Captured GraphQL comments {"postId":"175570513"}
[2026-02-16 16:16:22] [AD] [INFO] Captured GraphQL comments {"postId":"175570511"}
[2026-02-16 16:16:23] [AD] [INFO] Opening contact modal {"postId":"175570513"}
[2026-02-16 16:16:24] [AD] [INFO] Opening contact modal {"postId":"175570511"}
[2026-02-16 16:16:24] [AD] [INFO] Open ad (new tab) {"postId":"175570508","url":"https://haraj.com.sa/11175570508/%D9%83%D9%8A%D8%A7_%D8%B3%D8%A8%D9%88%D8%B1%D8%AA%D8%A7%D8%AC_%D9%85%D9%88%D8%AF%D9%8A%D9%84_2025_%D8%A7%D9%84%D9%84%D9%88%D9%86_%D8%A7%D9%84%D8%A7%D8%B3%D9%88%D8%AF_%D9%84%D8%A7%D8%B1%D8%AC/"}
[2026-02-16 16:16:24] [AD] [INFO] Contact extracted {"postId":"175570513","phone":"+966599129060","href":"tel:+966599129060"}
[2026-02-16 16:16:24] [AD] [INFO] Closing ad tab {"postId":"175570513"}
[2026-02-16 16:16:26] [AD] [INFO] Contact extracted {"postId":"175570511","phone":"+966590800934","href":"tel:+966590800934"}
[2026-02-16 16:16:26] [AD] [INFO] Closing ad tab {"postId":"175570511"}
[2026-02-16 16:16:26] [AD] [INFO] Captured GraphQL posts {"postId":"175570508"}
[2026-02-16 16:16:27] [AD] [INFO] Captured GraphQL comments {"postId":"175570508"}
[2026-02-16 16:16:28] [AD] [INFO] Open ad (new tab) {"postId":"175570507","url":"https://haraj.com.sa/11175570507/%D9%84%D8%A7%D9%86%D8%AF%D8%B1%D9%88%D9%81%D8%B1_%D8%AF%D9%8A%D9%81%D9%86%D8%AF%D8%B1_110_X_Dynamic_HSE_2026_%D8%B9%D8%B1%D9%88%D8%B6_%D8%B1%D9%85%D8%B6%D8%A7%D9%86_%D8%A7%D9%84%D9%85%D8%A8%D8%A7%D8%B1%D9%83/"}
[2026-02-16 16:16:28] [AD] [INFO] Opening contact modal {"postId":"175570508"}
[2026-02-16 16:16:29] [AD] [INFO] Contact extracted {"postId":"175570508","phone":"+966561275753","href":"tel:+966561275753"}
[2026-02-16 16:16:29] [AD] [INFO] Closing ad tab {"postId":"175570508"}
[2026-02-16 16:16:31] [AD] [INFO] Captured GraphQL posts {"postId":"175570507"}
[2026-02-16 16:16:31] [AD] [INFO] Captured GraphQL comments {"postId":"175570507"}
[2026-02-16 16:16:32] [AD] [INFO] Open ad (new tab) {"postId":"175570855","url":"https://haraj.com.sa/11175570855/%D8%B5%D8%A7%D9%84%D9%88%D9%86_%D9%87%D8%AF%D8%AF_g/"}
[2026-02-16 16:16:33] [AD] [INFO] Opening contact modal {"postId":"175570507"}
[2026-02-16 16:16:33] [AD] [INFO] Open ad (new tab) {"postId":"175570854","url":"https://haraj.com.sa/11175570854/%D8%A8%D9%8A_%D8%A7%D9%85_%D8%AF%D8%A8%D9%84%D9%8A%D9%88_2026_%D8%A7%D9%84%D9%81%D8%A6%D8%A9_%D8%A7%D9%84%D8%B3%D8%A7%D8%A8%D8%B9%D9%87/"}
[2026-02-16 16:16:34] [AD] [INFO] Contact extracted {"postId":"175570507","phone":"+966537710040","href":"tel:+966537710040"}
[2026-02-16 16:16:34] [AD] [INFO] Closing ad tab {"postId":"175570507"}
[2026-02-16 16:16:36] [AD] [INFO] Captured GraphQL posts {"postId":"175570854"}
[2026-02-16 16:16:36] [AD] [INFO] Captured GraphQL posts {"postId":"175570855"}
[2026-02-16 16:16:36] [AD] [INFO] Captured GraphQL comments {"postId":"175570854"}
[2026-02-16 16:16:36] [AD] [INFO] Captured GraphQL comments {"postId":"175570855"}
[2026-02-16 16:16:37] [AD] [INFO] Opening contact modal {"postId":"175570855"}
[2026-02-16 16:16:38] [AD] [INFO] Opening contact modal {"postId":"175570854"}
[2026-02-16 16:16:38] [AD] [INFO] Open ad (new tab) {"postId":"175570852","url":"https://haraj.com.sa/11175570852/%D8%B3%D9%8A%D8%A7%D8%B1%D9%87_%D9%83%D9%88%D8%B1%D9%88%D9%84%D8%A7_%D9%85%D9%88%D8%AF%D9%8A%D9%84_2013/"}
[2026-02-16 16:16:39] [AD] [INFO] Contact extracted {"postId":"175570854","phone":"+966552590051","href":"tel:+966552590051"}
[2026-02-16 16:16:39] [AD] [INFO] Closing ad tab {"postId":"175570854"}
[2026-02-16 16:16:39] [AD] [INFO] Contact extracted {"postId":"175570855","phone":"+966595588843","href":"tel:+966595588843"}
[2026-02-16 16:16:39] [AD] [INFO] Closing ad tab {"postId":"175570855"}
[2026-02-16 16:16:41] [AD] [INFO] Captured GraphQL posts {"postId":"175570852"}
[2026-02-16 16:16:41] [AD] [INFO] Captured GraphQL comments {"postId":"175570852"}
[2026-02-16 16:16:43] [AD] [INFO] Opening contact modal {"postId":"175570852"}
[2026-02-16 16:16:43] [AD] [INFO] Open ad (new tab) {"postId":"175570851","url":"https://haraj.com.sa/11175570851/%D8%AA%D8%A7%D9%87%D9%88_%D9%86%D8%B8%D9%8A%D9%81/"}
[2026-02-16 16:16:43] [AD] [INFO] Open ad (new tab) {"postId":"175570848","url":"https://haraj.com.sa/11175570848/%D8%A7%D9%84%D8%AA%D9%8A%D9%85%D8%A7_%D9%81%D9%84_%D9%83%D8%A7%D9%85%D9%84_2017/"}
[2026-02-16 16:16:44] [AD] [INFO] Contact extracted {"postId":"175570852","phone":"+966580162338","href":"tel:+966580162338"}
[2026-02-16 16:16:44] [AD] [INFO] Closing ad tab {"postId":"175570852"}
[2026-02-16 16:16:46] [AD] [INFO] Captured GraphQL posts {"postId":"175570848"}
[2026-02-16 16:16:46] [AD] [INFO] Captured GraphQL posts {"postId":"175570851"}
[2026-02-16 16:16:47] [AD] [INFO] Captured GraphQL comments {"postId":"175570848"}
[2026-02-16 16:16:47] [AD] [INFO] Captured GraphQL comments {"postId":"175570851"}
[2026-02-16 16:16:48] [AD] [INFO] Opening contact modal {"postId":"175570851"}
[2026-02-16 16:16:49] [AD] [INFO] Opening contact modal {"postId":"175570848"}
[2026-02-16 16:16:49] [AD] [INFO] Open ad (new tab) {"postId":"175570847","url":"https://haraj.com.sa/11175570847/%D8%AA%D9%8A%D8%AF%D8%B1/"}
[2026-02-16 16:16:49] [AD] [INFO] Contact extracted {"postId":"175570848","phone":"+966501817166","href":"tel:+966501817166"}
[2026-02-16 16:16:49] [AD] [INFO] Closing ad tab {"postId":"175570848"}
[2026-02-16 16:16:52] [AD] [INFO] Captured GraphQL posts {"postId":"175570847"}
[2026-02-16 16:16:52] [AD] [INFO] Captured GraphQL comments {"postId":"175570847"}
[2026-02-16 16:16:53] [AD] [INFO] Opening contact modal {"postId":"175570847"}
[2026-02-16 16:16:54] [AD] [INFO] Contact extracted {"postId":"175570847","phone":"+966533303513","href":"tel:+966533303513"}
[2026-02-16 16:16:54] [AD] [INFO] Closing ad tab {"postId":"175570847"}
[2026-02-16 16:16:55] [AD] [INFO] Open ad (new tab) {"postId":"175570846","url":"https://haraj.com.sa/11175570846/%D8%AF%D8%B9%D8%A7%D9%85%D9%8A%D8%A9_%D8%B4%D8%A7%D8%B5_%D8%A7%D9%85%D8%A7%D9%85%D9%8A%D8%A9/"}
[2026-02-16 16:16:57] [AD] [INFO] Open ad (new tab) {"postId":"175570844","url":"https://haraj.com.sa/11175570844/%D8%AA%D9%88%D9%8A%D9%88%D8%AA%D8%A7_%D8%A7%D9%86%D9%88%D9%81%D8%A7_2014%D8%A8%D8%AD%D8%A7%D9%84%D8%A9_%D9%85%D9%85%D8%AA%D8%A7%D8%B2%D8%A9_/"}
[2026-02-16 16:16:58] [AD] [INFO] Captured GraphQL posts {"postId":"175570846"}
[2026-02-16 16:16:58] [AD] [INFO] Captured GraphQL comments {"postId":"175570846"}
[2026-02-16 16:17:00] [AD] [INFO] Opening contact modal {"postId":"175570846"}
[2026-02-16 16:17:00] [AD] [INFO] Captured GraphQL posts {"postId":"175570844"}
[2026-02-16 16:17:00] [AD] [INFO] Captured GraphQL comments {"postId":"175570844"}
[2026-02-16 16:17:01] [AD] [INFO] Contact extracted {"postId":"175570846","phone":"+966505530323","href":"tel:+966505530323"}
[2026-02-16 16:17:01] [AD] [INFO] Closing ad tab {"postId":"175570846"}
[2026-02-16 16:17:02] [AD] [INFO] Opening contact modal {"postId":"175570844"}
[2026-02-16 16:17:02] [AD] [INFO] Contact extracted {"postId":"175570844","phone":"+966561044406","href":"tel:+966561044406"}
[2026-02-16 16:17:02] [AD] [INFO] Closing ad tab {"postId":"175570844"}
[2026-02-16 16:17:05] [AD] [INFO] Open ad (new tab) {"postId":"175570842","url":"https://haraj.com.sa/11175570842/%D8%B7%D9%82%D9%85_%D8%B1%D8%A7%D9%81_%D9%81%D9%88%D8%B1_2025/"}
[2026-02-16 16:17:06] [AD] [INFO] Open ad (new tab) {"postId":"175570839","url":"https://haraj.com.sa/11175570839/%D9%85%D9%88%D8%B3%D8%AA%D9%86%D9%82_2010/"}
[2026-02-16 16:17:08] [AD] [INFO] Captured GraphQL posts {"postId":"175570842"}
[2026-02-16 16:17:09] [AD] [INFO] Captured GraphQL posts {"postId":"175570839"}
[2026-02-16 16:17:09] [AD] [INFO] Captured GraphQL comments {"postId":"175570842"}
[2026-02-16 16:17:09] [AD] [INFO] Captured GraphQL comments {"postId":"175570839"}
[2026-02-16 16:17:10] [AD] [INFO] Opening contact modal {"postId":"175570842"}
[2026-02-16 16:17:11] [AD] [INFO] Opening contact modal {"postId":"175570839"}
[2026-02-16 16:17:12] [AD] [INFO] Contact extracted {"postId":"175570839","phone":"+966531113169","href":"tel:+966531113169"}
[2026-02-16 16:17:12] [AD] [INFO] Closing ad tab {"postId":"175570839"}
[2026-02-16 16:17:12] [AD] [INFO] Contact extracted {"postId":"175570842","phone":"+966507062574","href":"tel:+966507062574"}
[2026-02-16 16:17:12] [AD] [INFO] Closing ad tab {"postId":"175570842"}
[2026-02-16 16:17:16] [AD] [INFO] Open ad (new tab) {"postId":"175570832","url":"https://haraj.com.sa/11175570832/%D8%AF%D8%A8%D9%84_%D8%AF%D8%AF%D8%B3%D9%86/"}
[2026-02-16 16:17:17] [AD] [INFO] Open ad (new tab) {"postId":"175570831","url":"https://haraj.com.sa/11175570831/%D9%82%D8%B7%D8%B9_%D8%BA%D9%8A%D8%A7%D8%B1_%D8%B3%D9%8A%D8%A7%D8%B1%D8%A7%D8%AA_%D8%B5%D9%8A%D9%86%D9%8A%D9%87_%D8%A8_%D8%A7%D8%B3%D8%B9%D8%A7%D8%B1_%D8%A7%D9%84%D8%AC%D9%85%D9%84%D9%87_%D9%84%D8%AC%D9%85%D9%8A%D8%B9_%D8%A7%D9%84%D8%B3%D9%8A%D8%A7%D8%B1%D8%A7%D8%AA/"}
[2026-02-16 16:17:50] [AD] [WARN] Phone did not settle in time {"postId":"175570851"}
[2026-02-16 16:17:50] [AD] [INFO] Contact extracted {"postId":"175570851","phone":null,"href":"tel:"}
[2026-02-16 16:17:50] [AD] [INFO] Closing ad tab {"postId":"175570851"}
[2026-02-16 16:17:55] [AD] [INFO] Open ad (new tab) {"postId":"175570830","url":"https://haraj.com.sa/11175570830/%D9%81%D9%88%D8%B1%D8%AF_%D8%AA%D9%8A%D8%B1%D8%AA%D9%8A%D9%88%D8%B1%D9%8A_%D8%AA%D8%B1%D9%86%D8%AF_%D9%85%D9%88%D8%AF%D9%8A%D9%84_2026_%D9%88%D8%A7%D8%B1%D8%AF_%D8%A7%D9%84%D8%BA%D8%A7%D9%86%D9%85/"}
[2026-02-16 16:17:58] [AD] [INFO] Captured GraphQL posts {"postId":"175570830"}
[2026-02-16 16:17:58] [AD] [INFO] Captured GraphQL comments {"postId":"175570830"}
[2026-02-16 16:17:59] [AD] [INFO] Opening contact modal {"postId":"175570830"}
[2026-02-16 16:18:00] [AD] [INFO] Contact extracted {"postId":"175570830","phone":"+966543460887","href":"tel:+966543460887"}
[2026-02-16 16:18:00] [AD] [INFO] Closing ad tab {"postId":"175570830"}
[2026-02-16 16:18:03] [AD] [INFO] Open ad (new tab) {"postId":"175570828","url":"https://haraj.com.sa/11175570828/%D8%B5%D9%86%D9%8A_2015/"}
[2026-02-16 16:18:06] [AD] [INFO] Captured GraphQL posts {"postId":"175570828"}
[2026-02-16 16:18:06] [AD] [INFO] Captured GraphQL comments {"postId":"175570828"}
[2026-02-16 16:18:07] [AD] [INFO] Opening contact modal {"postId":"175570828"}
[2026-02-16 16:18:08] [AD] [INFO] Contact extracted {"postId":"175570828","phone":"+966569250424","href":"tel:+966569250424"}
[2026-02-16 16:18:08] [AD] [INFO] Closing ad tab {"postId":"175570828"}
[2026-02-16 16:18:13] [AD] [INFO] Open ad (new tab) {"postId":"175570825","url":"https://haraj.com.sa/11175570825/%D8%B9%D8%B1%D9%88%D8%B6_%D9%8A%D9%88%D9%85_%D8%A7%D9%84%D8%AA%D8%A7%D8%B3%D9%8A%D8%B3_%D8%B4%D8%A7%D9%86%D8%AC%D8%A7%D9%86_%D8%A7%D9%8A%D8%AF%D9%88_%D8%A8%D9%84%D8%B3_2026_%D8%AC%D9%85%D9%8A%D8%B9_%D8%A7%D9%84%D9%81%D8%A6%D8%A7%D8%AA_%D9%88%D8%A7%D9%84%D8%A7%D9%84%D9%88%D8%A7%D9%86/"}
[2026-02-16 16:18:16] [AD] [INFO] Captured GraphQL posts {"postId":"175570825"}
[2026-02-16 16:18:16] [AD] [INFO] Captured GraphQL comments {"postId":"175570825"}
[2026-02-16 16:18:18] [AD] [INFO] Opening contact modal {"postId":"175570825"}
[2026-02-16 16:18:19] [AD] [WARN] post-contact not found {"postId":"175570832"}
[2026-02-16 16:18:19] [AD] [INFO] Contact extracted {"postId":"175570825","phone":"+966590915140","href":"tel:+966590915140"}
[2026-02-16 16:18:19] [AD] [INFO] Closing ad tab {"postId":"175570825"}
[2026-02-16 16:18:20] [AD] [WARN] Contact button not visible {"postId":"175570832"}
[2026-02-16 16:18:20] [AD] [INFO] Closing ad tab {"postId":"175570832"}
[2026-02-16 16:18:20] [AD] [WARN] post-contact not found {"postId":"175570831"}
[2026-02-16 16:18:21] [AD] [WARN] Contact button not visible {"postId":"175570831"}
[2026-02-16 16:18:21] [AD] [INFO] Closing ad tab {"postId":"175570831"}
[2026-02-16 16:18:23] [AD] [INFO] Open ad (new tab) {"postId":"175570824","url":"https://haraj.com.sa/11175570824/%D9%87%D9%8A%D9%88%D9%86%D8%AF%D8%A7%D9%8A_%D8%B3%D9%88%D9%86%D8%A7%D8%AA%D8%A7_2026_%D8%A3%D9%84%D9%88%D8%A7%D9%86_%D9%85%D9%85%D9%8A%D8%B2%D8%A9_%D9%81%D8%A6%D8%A7%D8%AA_%D9%85%D8%AA%D8%B9%D8%AF%D8%AF%D8%A9%D8%B9%D8%B1%D8%B6_%D8%AE%D8%A7%D8%B5/"}
[2026-02-16 16:18:25] [AD] [INFO] Open ad (new tab) {"postId":"175570810","url":"https://haraj.com.sa/11175570810/%D9%84%D9%83%D8%B2%D8%B3_ES300H_%D9%85%D9%88%D8%AF%D9%8A%D9%84_2025/"}
[2026-02-16 16:18:26] [AD] [INFO] Captured GraphQL posts {"postId":"175570824"}
[2026-02-16 16:18:26] [AD] [INFO] Open ad (new tab) {"postId":"175570804","url":"https://haraj.com.sa/11175570804/%D9%83%D8%B1%D9%88%D8%B2_LT_%D8%B3%D8%B9%D9%88%D8%AF%D9%8A_2026_%D8%A7%D8%B3%D9%88%D8%AF_%D9%83%D8%A7%D8%B4_%D8%A7%D9%82%D8%B3%D8%A7%D8%B7/"}
[2026-02-16 16:18:26] [AD] [INFO] Captured GraphQL comments {"postId":"175570824"}
[2026-02-16 16:18:28] [AD] [INFO] Opening contact modal {"postId":"175570824"}
[2026-02-16 16:18:28] [AD] [INFO] Captured GraphQL posts {"postId":"175570804"}
[2026-02-16 16:18:28] [AD] [INFO] Captured GraphQL posts {"postId":"175570810"}
[2026-02-16 16:18:28] [AD] [INFO] Captured GraphQL comments {"postId":"175570804"}
[2026-02-16 16:18:29] [AD] [INFO] Captured GraphQL comments {"postId":"175570810"}
[2026-02-16 16:18:29] [AD] [INFO] Opening contact modal {"postId":"175570810"}
[2026-02-16 16:18:30] [AD] [INFO] Opening contact modal {"postId":"175570804"}
[2026-02-16 16:18:30] [AD] [INFO] Contact extracted {"postId":"175570824","phone":"+966507047522","href":"tel:+966507047522"}
[2026-02-16 16:18:30] [AD] [INFO] Closing ad tab {"postId":"175570824"}
[2026-02-16 16:18:31] [AD] [INFO] Contact extracted {"postId":"175570804","phone":"+966503233647","href":"tel:+966503233647"}
[2026-02-16 16:18:31] [AD] [INFO] Closing ad tab {"postId":"175570804"}
[2026-02-16 16:18:31] [AD] [INFO] Contact extracted {"postId":"175570810","phone":"+966545468243","href":"tel:+966545468243"}
[2026-02-16 16:18:31] [AD] [INFO] Closing ad tab {"postId":"175570810"}
[2026-02-16 16:18:34] [AD] [INFO] Open ad (new tab) {"postId":"175570803","url":"https://haraj.com.sa/11175570803/%D9%87%D8%A7%D9%8A%D9%84%D9%88%D9%83%D8%B3_%D8%BA%D9%85%D8%A7%D8%B1%D9%87_2009_%D9%82%D9%8A%D8%B1_%D8%B9%D8%A7%D8%AF%D9%8A_%D8%A8%D8%AF%D9%89_%D9%88%D9%85%D8%AD%D8%B1%D9%83%D8%A7%D8%AA_%D9%88%D9%83%D8%A7%D9%84%D9%87/"}
[2026-02-16 16:18:35] [AD] [INFO] Open ad (new tab) {"postId":"175570800","url":"https://haraj.com.sa/11175570800/%D8%AF%D9%88%D9%86%D8%AC_%D9%81%D9%8A%D9%86%D8%AC_%D9%85%D8%A7%D8%AC%D9%8A_%D8%A7%D9%8A_3_%D8%A7%D9%84%D8%AA%D9%85%D9%8A%D8%AA_2026_%D9%81%D8%B6%D9%8A/"}
[2026-02-16 16:18:36] [AD] [INFO] Open ad (new tab) {"postId":"175570801","url":"https://haraj.com.sa/11175570801/%D8%AA%D9%88%D9%8A%D9%88%D8%AA%D8%A7_%D8%A7%D9%86%D9%88%D9%81%D8%A7_GL_%D9%85%D9%88%D8%AF%D9%8A%D9%84_2026_%D8%A7%D9%81%D8%B6%D9%84_%D8%A7%D9%84%D8%B9%D8%B1%D9%88%D8%B6_%D9%88%D8%A7%D9%84%D8%A7%D8%B3%D8%B9%D8%A7%D8%B1/"}
[2026-02-16 16:18:38] [AD] [INFO] Captured GraphQL posts {"postId":"175570803"}
[2026-02-16 16:18:38] [AD] [INFO] Captured GraphQL posts {"postId":"175570800"}
[2026-02-16 16:18:38] [AD] [INFO] Captured GraphQL comments {"postId":"175570803"}
[2026-02-16 16:18:38] [AD] [INFO] Captured GraphQL comments {"postId":"175570800"}
[2026-02-16 16:18:39] [AD] [INFO] Captured GraphQL posts {"postId":"175570801"}
[2026-02-16 16:18:40] [AD] [INFO] Opening contact modal {"postId":"175570800"}
[2026-02-16 16:18:40] [AD] [INFO] Captured GraphQL comments {"postId":"175570801"}
[2026-02-16 16:18:40] [AD] [INFO] Opening contact modal {"postId":"175570803"}
[2026-02-16 16:18:41] [AD] [INFO] Opening contact modal {"postId":"175570801"}
[2026-02-16 16:18:41] [AD] [INFO] Contact extracted {"postId":"175570803","phone":"+966573775457","href":"tel:+966573775457"}
[2026-02-16 16:18:41] [AD] [INFO] Closing ad tab {"postId":"175570803"}
[2026-02-16 16:18:42] [AD] [INFO] Contact extracted {"postId":"175570801","phone":"+966590093350","href":"tel:+966590093350"}
[2026-02-16 16:18:42] [AD] [INFO] Closing ad tab {"postId":"175570801"}
[2026-02-16 16:18:43] [AD] [INFO] Contact extracted {"postId":"175570800","phone":"+966539473334","href":"tel:+966539473334"}
[2026-02-16 16:18:43] [AD] [INFO] Closing ad tab {"postId":"175570800"}
[2026-02-16 16:18:45] [AD] [INFO] Open ad (new tab) {"postId":"175570995","url":"https://haraj.com.sa/11175570995/%D9%81%D9%88%D8%B1%D8%AF_%D9%85%D8%A7%D8%B1%D9%83%D9%8A%D8%B2_2007_%D9%86%D8%B6%D9%8A%D9%81/"}
[2026-02-16 16:18:48] [AD] [INFO] Open ad (new tab) {"postId":"175570993","url":"https://haraj.com.sa/11175570993/%D8%A8%D8%A7%D8%B5_%D9%87%D9%88%D8%A7%D9%86%D8%AF%D9%8A_%D9%84%D9%84%D8%A8%D9%8A%D8%B9_%D9%84%D9%88%D8%AD%D8%A7%D8%AA_%D9%85%D8%B3%D9%82%D8%B7%D8%A9/"}
[2026-02-16 16:18:48] [AD] [INFO] Open ad (new tab) {"postId":"175570990","url":"https://haraj.com.sa/11175570990/%D9%84%D9%88%D8%AD%D9%87_%D9%85%D9%85%D9%8A%D8%B2%D9%87/"}
[2026-02-16 16:18:48] [AD] [INFO] Captured GraphQL posts {"postId":"175570995"}
[2026-02-16 16:18:49] [AD] [INFO] Captured GraphQL comments {"postId":"175570995"}
[2026-02-16 16:18:50] [AD] [INFO] Opening contact modal {"postId":"175570995"}
[2026-02-16 16:18:51] [AD] [INFO] Captured GraphQL posts {"postId":"175570990"}
[2026-02-16 16:18:51] [AD] [INFO] Captured GraphQL comments {"postId":"175570990"}
[2026-02-16 16:18:51] [AD] [INFO] Captured GraphQL posts {"postId":"175570993"}
[2026-02-16 16:18:51] [AD] [INFO] Captured GraphQL comments {"postId":"175570993"}
[2026-02-16 16:18:52] [AD] [INFO] Opening contact modal {"postId":"175570990"}
[2026-02-16 16:18:52] [AD] [INFO] Contact extracted {"postId":"175570995","phone":"+966531949889","href":"tel:+966531949889"}
[2026-02-16 16:18:52] [AD] [INFO] Closing ad tab {"postId":"175570995"}
[2026-02-16 16:18:52] [AD] [INFO] Opening contact modal {"postId":"175570993"}
[2026-02-16 16:18:53] [AD] [INFO] Contact extracted {"postId":"175570990","phone":"+966547690025","href":"tel:+966547690025"}
[2026-02-16 16:18:53] [AD] [INFO] Closing ad tab {"postId":"175570990"}
[2026-02-16 16:18:56] [AD] [INFO] Contact extracted {"postId":"175570993","phone":"+966505111664","href":"tel:+966505111664"}
[2026-02-16 16:18:56] [AD] [INFO] Closing ad tab {"postId":"175570993"}
[2026-02-16 16:18:56] [AD] [INFO] Open ad (new tab) {"postId":"175570989","url":"https://haraj.com.sa/11175570989/%D8%A7%D9%81_%D8%AC%D9%8A_2016_%D8%A7%D8%A8%D9%8A%D8%B6_%D8%B3%D8%B9%D9%88%D8%AF%D9%8A/"}
[2026-02-16 16:18:59] [AD] [INFO] Open ad (new tab) {"postId":"175570986","url":"https://haraj.com.sa/11175570986/%D9%87%D9%88%D9%86%D8%AF%D8%A7%D9%8A%D8%A7%D9%84%D9%86%D8%AA%D8%B1_%D9%85%D9%88%D8%AF%D9%8A%D9%842025%D8%A7%D9%84%D9%88%D8%A7%D9%86_%D8%A7%D8%B3%D9%88%D8%A7%D8%AF/"}
[2026-02-16 16:18:59] [AD] [INFO] Captured GraphQL posts {"postId":"175570989"}
[2026-02-16 16:18:59] [AD] [INFO] Captured GraphQL comments {"postId":"175570989"}
[2026-02-16 16:19:00] [AD] [INFO] Open ad (new tab) {"postId":"175570984","url":"https://haraj.com.sa/11175570984/%D9%85%D9%8A%D8%AA%D8%B3%D9%88%D8%A8%D9%8A%D8%B4%D9%8A_L200_%D8%BA%D9%85%D8%A7%D8%B1%D8%AA%D9%8A%D9%86_2024%D8%A8%D8%AF%D9%88%D9%86_%D8%AF%D8%A8%D9%84_%D8%B3%D8%B9%D9%88%D8%AF%D9%8A/"}
[2026-02-16 16:19:00] [AD] [INFO] Opening contact modal {"postId":"175570989"}
[2026-02-16 16:19:01] [AD] [INFO] Captured GraphQL posts {"postId":"175570986"}
[2026-02-16 16:19:01] [AD] [INFO] Captured GraphQL comments {"postId":"175570986"}
[2026-02-16 16:19:03] [AD] [INFO] Contact extracted {"postId":"175570989","phone":"+966566874555","href":"tel:+966566874555"}
[2026-02-16 16:19:03] [AD] [INFO] Closing ad tab {"postId":"175570989"}
[2026-02-16 16:19:03] [AD] [INFO] Opening contact modal {"postId":"175570986"}
[2026-02-16 16:19:03] [AD] [INFO] Captured GraphQL posts {"postId":"175570984"}
[2026-02-16 16:19:03] [AD] [INFO] Captured GraphQL comments {"postId":"175570984"}
[2026-02-16 16:19:04] [AD] [INFO] Opening contact modal {"postId":"175570984"}
[2026-02-16 16:19:06] [AD] [INFO] Contact extracted {"postId":"175570984","phone":"+966545769113","href":"tel:+966545769113"}
[2026-02-16 16:19:06] [AD] [INFO] Closing ad tab {"postId":"175570984"}
[2026-02-16 16:19:06] [AD] [INFO] Contact extracted {"postId":"175570986","phone":"+966561275753","href":"tel:+966561275753"}
[2026-02-16 16:19:06] [AD] [INFO] Closing ad tab {"postId":"175570986"}
[2026-02-16 16:19:07] [AD] [INFO] Open ad (new tab) {"postId":"175570983","url":"https://haraj.com.sa/11175570983/%D9%85%D8%A7%D8%B2%D8%AF%D8%A7_2025_%D8%B3%D8%AA%D8%A7%D9%86%D8%AF%D8%B1_%D9%84%D9%84%D8%AA%D9%86%D8%A7%D8%B2%D9%84_%D8%A8%D9%86%D9%83_%D8%A7%D9%84%D8%B1%D8%A7%D8%AC%D8%AD%D9%8A/"}
[2026-02-16 16:19:09] [AD] [INFO] Open ad (new tab) {"postId":"175570975","url":"https://haraj.com.sa/11175570975/%D9%84%D9%88%D8%AD%D9%87_%D8%AE%D8%B5%D9%88%D8%B5%D9%8A_%D9%84%D9%84%D8%A8%D9%8A%D8%B9_%D9%88_%D9%84_%D8%B7_257/"}
[2026-02-16 16:19:10] [AD] [INFO] Captured GraphQL posts {"postId":"175570983"}
[2026-02-16 16:19:10] [AD] [INFO] Open ad (new tab) {"postId":"175570982","url":"https://haraj.com.sa/11175570982/%D8%A8%D8%A7%D8%B5_%D9%87%D8%A7%D9%8A%D8%B5_%D8%A8%D8%B6%D8%A7%D8%B9%D8%A9_%D8%B3%D9%82%D9%81_%D9%85%D9%86%D8%AE%D9%81%D8%B6_%D8%AC%D9%8A%D8%B1_%D8%B9%D8%A7%D8%AF%D9%8A_%D8%A8%D9%86%D8%B2%D9%8A%D9%86_2026_2025/"}
[2026-02-16 16:19:11] [AD] [INFO] Captured GraphQL comments {"postId":"175570983"}
[2026-02-16 16:19:11] [AD] [INFO] Captured GraphQL posts {"postId":"175570975"}
[2026-02-16 16:19:11] [AD] [INFO] Captured GraphQL comments {"postId":"175570975"}
[2026-02-16 16:19:12] [AD] [INFO] Opening contact modal {"postId":"175570983"}
[2026-02-16 16:19:13] [AD] [INFO] Contact extracted {"postId":"175570983","phone":"+966533885720","href":"tel:+966533885720"}
[2026-02-16 16:19:13] [AD] [INFO] Closing ad tab {"postId":"175570983"}
[2026-02-16 16:19:13] [AD] [INFO] Captured GraphQL posts {"postId":"175570982"}
[2026-02-16 16:19:13] [AD] [INFO] Captured GraphQL comments {"postId":"175570982"}
[2026-02-16 16:19:13] [AD] [INFO] Opening contact modal {"postId":"175570975"}
[2026-02-16 16:19:15] [AD] [INFO] Opening contact modal {"postId":"175570982"}
[2026-02-16 16:19:16] [AD] [INFO] Contact extracted {"postId":"175570975","phone":"+966564086971","href":"tel:+966564086971"}
[2026-02-16 16:19:16] [AD] [INFO] Closing ad tab {"postId":"175570975"}
[2026-02-16 16:19:17] [AD] [INFO] Contact extracted {"postId":"175570982","phone":"+966541743215","href":"tel:+966541743215"}
[2026-02-16 16:19:17] [AD] [INFO] Closing ad tab {"postId":"175570982"}
[2026-02-16 16:19:17] [AD] [INFO] Open ad (new tab) {"postId":"175570974","url":"https://haraj.com.sa/11175570974/%D8%B4%D8%A8%D9%83_%D9%88_%D8%B4%D9%85%D8%B9%D8%A7%D8%AA_2012_2013_2014_2015/"}
[2026-02-16 16:19:20] [AD] [INFO] Captured GraphQL posts {"postId":"175570974"}
[2026-02-16 16:19:20] [AD] [INFO] Captured GraphQL comments {"postId":"175570974"}
[2026-02-16 16:19:21] [AD] [INFO] Open ad (new tab) {"postId":"175570965","url":"https://haraj.com.sa/11175570965/%D8%AA%D9%88%D9%8A%D9%88%D8%AA%D8%A7_%D8%B1%D8%A7%D9%8A%D8%B2_%D8%A7%D8%B3%D8%AA%D8%A7%D9%86%D8%AF%D8%B1_2026/"}
[2026-02-16 16:19:21] [AD] [INFO] Opening contact modal {"postId":"175570974"}
[2026-02-16 16:19:22] [AD] [INFO] Open ad (new tab) {"postId":"175570959","url":"https://haraj.com.sa/11175570959/%D8%A7%D9%84%D9%86%D8%AA%D8%B1%D8%A7_2012_%D9%86%D8%B8%D9%8A%D9%81%D8%A9_%D9%84%D9%88%D9%86_%D8%A7%D8%B3%D9%88%D8%AF_%D9%84%D9%88%D8%AD%D8%A9_%D8%B4%D8%A8%D8%A9_%D9%85%D9%85%D9%8A%D8%B2%D8%A9/"}
[2026-02-16 16:19:23] [AD] [INFO] Contact extracted {"postId":"175570974","phone":"+966553807971","href":"tel:+966553807971"}
[2026-02-16 16:19:23] [AD] [INFO] Closing ad tab {"postId":"175570974"}
[2026-02-16 16:19:24] [AD] [INFO] Captured GraphQL posts {"postId":"175570965"}
[2026-02-16 16:19:24] [AD] [INFO] Captured GraphQL posts {"postId":"175570959"}
[2026-02-16 16:19:24] [AD] [INFO] Captured GraphQL comments {"postId":"175570965"}
[2026-02-16 16:19:24] [AD] [INFO] Captured GraphQL comments {"postId":"175570959"}
[2026-02-16 16:19:25] [AD] [INFO] Opening contact modal {"postId":"175570959"}
[2026-02-16 16:19:25] [AD] [INFO] Opening contact modal {"postId":"175570965"}
[2026-02-16 16:19:26] [AD] [INFO] Contact extracted {"postId":"175570959","phone":"+966559149268","href":"tel:+966559149268"}
[2026-02-16 16:19:26] [AD] [INFO] Closing ad tab {"postId":"175570959"}
[2026-02-16 16:19:27] [AD] [INFO] Open ad (new tab) {"postId":"175570957","url":"https://haraj.com.sa/11175570957/%D8%A8%D9%88%D8%A7%D9%84%D9%8A%D9%86_%D9%84%D9%84%D8%A8%D9%8A%D8%B9/"}
[2026-02-16 16:19:27] [AD] [INFO] Contact extracted {"postId":"175570965","phone":"+966555658533","href":"tel:+966555658533"}
[2026-02-16 16:19:27] [AD] [INFO] Closing ad tab {"postId":"175570965"}
[2026-02-16 16:19:30] [AD] [INFO] Open ad (new tab) {"postId":"175570953","url":"https://haraj.com.sa/11175570953/%D8%AC%D8%B1%D9%8A%D8%AA_%D9%88%D9%88%D9%84_%D8%A8%D8%A7%D9%88%D8%B1_%D9%81%D9%84_%D9%83%D8%A7%D9%85%D9%84_%D9%85_2025_%D8%A7%D8%B3%D8%B9%D8%A7%D8%B1_%D8%AE%D8%A7%D8%B5%D9%87/"}
[2026-02-16 16:19:31] [AD] [INFO] Captured GraphQL posts {"postId":"175570957"}
[2026-02-16 16:19:31] [AD] [INFO] Captured GraphQL comments {"postId":"175570957"}
[2026-02-16 16:19:32] [AD] [INFO] Open ad (new tab) {"postId":"175570952","url":"https://haraj.com.sa/11175570952/%D9%81%D9%84%D8%AA%D8%B1_afe_power/"}
[2026-02-16 16:19:33] [AD] [INFO] Opening contact modal {"postId":"175570957"}
[2026-02-16 16:19:33] [AD] [INFO] Captured GraphQL posts {"postId":"175570953"}
[2026-02-16 16:19:34] [AD] [INFO] Captured GraphQL comments {"postId":"175570953"}
[2026-02-16 16:19:35] [AD] [INFO] Contact extracted {"postId":"175570957","phone":"+966507001342","href":"tel:+966507001342"}
[2026-02-16 16:19:35] [AD] [INFO] Closing ad tab {"postId":"175570957"}
[2026-02-16 16:19:35] [AD] [INFO] Opening contact modal {"postId":"175570953"}
[2026-02-16 16:19:35] [AD] [INFO] Captured GraphQL posts {"postId":"175570952"}
[2026-02-16 16:19:36] [AD] [INFO] Captured GraphQL comments {"postId":"175570952"}
[2026-02-16 16:19:37] [AD] [INFO] Opening contact modal {"postId":"175570952"}
[2026-02-16 16:19:38] [AD] [INFO] Contact extracted {"postId":"175570952","phone":"+966551222588","href":"tel:+966551222588"}
[2026-02-16 16:19:38] [AD] [INFO] Closing ad tab {"postId":"175570952"}
[2026-02-16 16:19:38] [AD] [INFO] Contact extracted {"postId":"175570953","phone":"+966543937166","href":"tel:+966543937166"}
[2026-02-16 16:19:38] [AD] [INFO] Closing ad tab {"postId":"175570953"}
[2026-02-16 16:19:40] [AD] [INFO] Open ad (new tab) {"postId":"175570951","url":"https://haraj.com.sa/11175570951/%D8%A8%D8%A7%D8%A8_%D9%81%D9%88%D8%B1%D8%AF_%D9%85%D8%A7%D8%B1%D9%83%D9%8A%D8%B2_%D9%88%D9%81%D9%83%D8%AA%D9%88%D8%B1%D9%8A%D8%A7_%D9%84%D9%84%D8%A8%D9%8A%D8%B9_%D8%A7%D9%84%D8%AD%D8%A7%D9%84%D9%87_%D9%86%D8%B8%D9%8A%D9%81%D9%87_%D8%A7%D9%84%D8%AF%D9%8A%D9%83%D9%88%D8%B1%D8%A7%D8%AA_%D9%88%D8%B7/"}
[2026-02-16 16:19:43] [AD] [INFO] Open ad (new tab) {"postId":"175570949","url":"https://haraj.com.sa/11175570949/%D8%B4%D9%8A%D9%88%D9%84_%D9%83%D9%88%D8%B3%D8%A7%D9%83%D9%8A_%D9%85%D9%88%D8%AF%D9%8A%D9%84_83/"}
[2026-02-16 16:19:43] [AD] [INFO] Captured GraphQL posts {"postId":"175570951"}
[2026-02-16 16:19:43] [AD] [INFO] Open ad (new tab) {"postId":"175570950","url":"https://haraj.com.sa/11175570950/%D9%81%D9%88%D8%B1%D8%AA%D8%B4%D9%86%D8%B1_2015/"}
[2026-02-16 16:19:43] [AD] [INFO] Captured GraphQL comments {"postId":"175570951"}
[2026-02-16 16:19:44] [AD] [INFO] Opening contact modal {"postId":"175570951"}
[2026-02-16 16:19:45] [AD] [INFO] Captured GraphQL posts {"postId":"175570950"}
[2026-02-16 16:19:46] [AD] [INFO] Captured GraphQL comments {"postId":"175570950"}
[2026-02-16 16:19:46] [AD] [INFO] Captured GraphQL posts {"postId":"175570949"}
[2026-02-16 16:19:46] [AD] [INFO] Contact extracted {"postId":"175570951","phone":"+966555324227","href":"tel:+966555324227"}
[2026-02-16 16:19:46] [AD] [INFO] Closing ad tab {"postId":"175570951"}
[2026-02-16 16:19:46] [AD] [INFO] Captured GraphQL comments {"postId":"175570949"}
[2026-02-16 16:19:47] [AD] [INFO] Opening contact modal {"postId":"175570949"}
[2026-02-16 16:19:47] [AD] [INFO] Opening contact modal {"postId":"175570950"}
[2026-02-16 16:19:48] [AD] [INFO] Contact extracted {"postId":"175570950","phone":"+966551289289","href":"tel:+966551289289"}
[2026-02-16 16:19:48] [AD] [INFO] Closing ad tab {"postId":"175570950"}
[2026-02-16 16:19:51] [AD] [INFO] Contact extracted {"postId":"175570949","phone":"+966566657911","href":"tel:+966566657911"}
[2026-02-16 16:19:51] [AD] [INFO] Closing ad tab {"postId":"175570949"}
[2026-02-16 16:19:52] [AD] [INFO] Open ad (new tab) {"postId":"175570942","url":"https://haraj.com.sa/11175570942/%D8%AC%D9%8A_%D8%A7%D9%85_%D8%B3%D9%8A_%D8%A7%D9%83%D8%A7%D8%AF%D9%8A%D8%A7_2014_%D9%85%D9%85%D8%B4%D9%89_170_%D9%81%D9%82%D8%B7/"}
[2026-02-16 16:19:53] [AD] [INFO] Open ad (new tab) {"postId":"175570940","url":"https://haraj.com.sa/11175570940/%D8%AC%D9%8A_%D8%A7%D9%85_%D8%B3%D9%8A_%D8%B3%D9%8A%D9%8A%D8%B1%D8%A7_%D8%AF%D8%A8%D9%84_2020/"}
[2026-02-16 16:19:54] [AD] [INFO] Captured GraphQL posts {"postId":"175570942"}
[2026-02-16 16:19:54] [AD] [INFO] Captured GraphQL comments {"postId":"175570942"}
[2026-02-16 16:19:56] [AD] [INFO] Captured GraphQL posts {"postId":"175570940"}
[2026-02-16 16:19:56] [AD] [INFO] Open ad (new tab) {"postId":"175570934","url":"https://haraj.com.sa/11175570934/%D9%83%D9%8A%D8%A7_%D8%B3%D8%A8%D8%B1%D8%AA%D8%A7%D8%AC_%D9%86%D8%B5_%D9%81%D9%84_Gls_2026/"}
[2026-02-16 16:19:56] [AD] [INFO] Captured GraphQL comments {"postId":"175570940"}
[2026-02-16 16:19:56] [AD] [INFO] Opening contact modal {"postId":"175570942"}
[2026-02-16 16:19:58] [AD] [INFO] Contact extracted {"postId":"175570942","phone":"+966593839645","href":"tel:+966593839645"}
[2026-02-16 16:19:58] [AD] [INFO] Closing ad tab {"postId":"175570942"}
[2026-02-16 16:19:58] [AD] [INFO] Opening contact modal {"postId":"175570940"}
[2026-02-16 16:19:59] [AD] [INFO] Captured GraphQL posts {"postId":"175570934"}
[2026-02-16 16:19:59] [AD] [INFO] Captured GraphQL comments {"postId":"175570934"}
[2026-02-16 16:20:00] [AD] [INFO] Opening contact modal {"postId":"175570934"}
[2026-02-16 16:20:01] [AD] [INFO] Contact extracted {"postId":"175570934","phone":"+966562212031","href":"tel:+966562212031"}
[2026-02-16 16:20:01] [AD] [INFO] Contact extracted {"postId":"175570940","phone":"+966536984050","href":"tel:+966536984050"}
[2026-02-16 16:20:01] [AD] [INFO] Closing ad tab {"postId":"175570934"}
[2026-02-16 16:20:01] [AD] [INFO] Closing ad tab {"postId":"175570940"}
[2026-02-16 16:20:02] [AD] [INFO] Open ad (new tab) {"postId":"175571048","url":"https://haraj.com.sa/11175571048/BMW/"}
[2026-02-16 16:20:04] [AD] [INFO] Open ad (new tab) {"postId":"175571045","url":"https://haraj.com.sa/11175571045/%D8%AC%D9%8A%D8%AA%D9%88%D8%B1_T1_%D9%84%D8%A7%D9%83%D8%AC%D8%B1%D9%8A_%D9%85%D9%88%D8%AF%D9%8A%D9%84_2026_%D8%A7%D9%81%D8%B6%D9%84_%D8%B3%D8%B9%D8%B1_%D9%81%D8%A7%D9%84%D9%85%D9%85%D9%84%D9%83%D8%A9/"}
[2026-02-16 16:20:04] [AD] [INFO] Captured GraphQL posts {"postId":"175571048"}
[2026-02-16 16:20:05] [AD] [INFO] Open ad (new tab) {"postId":"175571047","url":"https://haraj.com.sa/11175571047/%D8%B3%D8%B2%D9%88%D9%83%D9%8A_%D8%AF%D9%8A%D8%B2%D8%A7%D9%8A%D8%B12026_%D8%AA%D9%82%D8%B3%D9%8A%D8%B7_%D8%B4%D8%B1%D9%83%D8%A7%D8%AA_%D9%88%D8%A3%D9%81%D8%B1%D8%A7%D8%AF/"}
[2026-02-16 16:20:05] [AD] [INFO] Captured GraphQL comments {"postId":"175571048"}
[2026-02-16 16:20:06] [AD] [INFO] Opening contact modal {"postId":"175571048"}
[2026-02-16 16:21:09] [AD] [WARN] post-contact not found {"postId":"175571045"}
[2026-02-16 16:21:09] [AD] [WARN] post-contact not found {"postId":"175571047"}
[2026-02-16 16:21:09] [AD] [WARN] Phone did not settle in time {"postId":"175571048"}
[2026-02-16 16:21:09] [AD] [WARN] Contact button not visible {"postId":"175571045"}
[2026-02-16 16:21:09] [AD] [INFO] Closing ad tab {"postId":"175571045"}
[2026-02-16 16:21:10] [AD] [WARN] Contact button not visible {"postId":"175571047"}
[2026-02-16 16:21:10] [AD] [INFO] Closing ad tab {"postId":"175571047"}
[2026-02-16 16:21:14] [AD] [INFO] Open ad (new tab) {"postId":"175571042","url":"https://haraj.com.sa/11175571042/%D8%AF%D9%8A%D9%86%D9%85%D9%88_%D8%B2%D8%AC%D8%A7%D8%AC_%D8%A7%D9%85%D8%A7%D9%85%D9%8A_%D9%8A%D9%85%D9%8A%D9%86_%D9%87%D9%8A%D9%88%D9%86%D8%AF%D8%A7%D9%8A_%D8%A7%D9%84%D9%86%D8%AA%D8%B1%D8%A7_%D9%88%D9%83%D8%A7%D9%84%D9%87_%D9%83%D9%88%D8%B1%D9%8A_%D9%85%D9%86_2011_16/"}
[2026-02-16 16:21:14] [AD] [INFO] Open ad (new tab) {"postId":"175571044","url":"https://haraj.com.sa/11175571044/%D8%A8%D9%88%D8%B1%D8%B4_%D9%83%D8%A7%D9%8A%D9%8A%D9%86/"}
[2026-02-16 16:21:18] [AD] [INFO] Captured GraphQL posts {"postId":"175571042"}
[2026-02-16 16:21:18] [AD] [INFO] Captured GraphQL posts {"postId":"175571044"}
[2026-02-16 16:21:18] [AD] [INFO] Captured GraphQL comments {"postId":"175571044"}
[2026-02-16 16:21:18] [AD] [INFO] Captured GraphQL comments {"postId":"175571042"}
[2026-02-16 16:21:19] [AD] [INFO] Opening contact modal {"postId":"175571044"}
[2026-02-16 16:21:20] [AD] [INFO] Opening contact modal {"postId":"175571042"}
[2026-02-16 16:21:21] [AD] [INFO] Contact extracted {"postId":"175571044","phone":"+966509700715","href":"tel:+966509700715"}
[2026-02-16 16:21:21] [AD] [INFO] Closing ad tab {"postId":"175571044"}
[2026-02-16 16:21:23] [AD] [INFO] Contact extracted {"postId":"175571042","phone":"+966558270605","href":"tel:+966558270605"}
[2026-02-16 16:21:23] [AD] [INFO] Closing ad tab {"postId":"175571042"}
[2026-02-16 16:21:26] [AD] [INFO] Open ad (new tab) {"postId":"175571041","url":"https://haraj.com.sa/11175571041/%D9%85%D9%81%D8%AA%D8%A7%D8%AD_%D8%AF%D8%A8%D8%A7%D8%A8_%D9%88%D8%B3%D9%8A%D9%81%D9%88%D9%86_%D9%88%D8%B2%D9%8A%D8%AA_%D8%AC%D9%86%D8%B2%D9%8A%D8%B1/"}
[2026-02-16 16:21:27] [AD] [INFO] Open ad (new tab) {"postId":"175571040","url":"https://haraj.com.sa/11175571040/%D9%85%D8%AA%D9%88%D9%81%D8%B1_%D9%87%D8%A7%D9%8A%D8%B3_%D8%A8%D8%B6%D8%A7%D8%B9%D9%87_%D8%B3%D9%82%D9%81_%D9%85%D8%B1%D8%AA%D9%81%D8%B9_%D9%88%D9%85%D9%86%D8%AE%D9%81%D8%B6_%D8%AA%D9%88%D9%85%D8%A7%D8%AA%D9%8A%D9%83_%D9%88%D8%B9%D8%A7%D8%AF%D9%8A_%D8%AF%D9%8A%D8%B2%D9%84_2026/"}
[2026-02-16 16:21:28] [AD] [INFO] Captured GraphQL posts {"postId":"175571041"}
[2026-02-16 16:21:29] [AD] [INFO] Captured GraphQL comments {"postId":"175571041"}
[2026-02-16 16:21:29] [AD] [INFO] Captured GraphQL posts {"postId":"175571040"}
[2026-02-16 16:21:30] [AD] [INFO] Captured GraphQL comments {"postId":"175571040"}
[2026-02-16 16:21:30] [AD] [INFO] Opening contact modal {"postId":"175571041"}
[2026-02-16 16:21:32] [AD] [INFO] Opening contact modal {"postId":"175571040"}
[2026-02-16 16:21:33] [AD] [INFO] Contact extracted {"postId":"175571040","phone":"+966545621380","href":"tel:+966545621380"}
[2026-02-16 16:21:33] [AD] [INFO] Closing ad tab {"postId":"175571040"}
[2026-02-16 16:21:33] [AD] [INFO] Contact extracted {"postId":"175571041","phone":"+966555833929","href":"tel:+966555833929"}
[2026-02-16 16:21:33] [AD] [INFO] Closing ad tab {"postId":"175571041"}
[2026-02-16 16:21:37] [AD] [INFO] Open ad (new tab) {"postId":"175571035","url":"https://haraj.com.sa/11175571035/%D8%A8%D9%8A%D8%AC%D9%88_%D8%A8%D8%A7%D8%B1%D8%AA%D9%86%D8%B1/"}
[2026-02-16 16:21:37] [AD] [INFO] Open ad (new tab) {"postId":"175571030","url":"https://haraj.com.sa/11175571030/%D8%AC%D9%8A%D8%AA%D9%88%D8%B1_X90_%D8%A8%D9%84%D8%B3_%D9%84%D8%A7%D9%83%D8%AC%D8%B1%D9%8A_%D9%81%D9%84_%D9%83%D8%A7%D9%85%D9%84_1_6_%D8%AA%D9%8A%D8%B1%D8%A8%D9%88_%D9%85%D9%88%D8%AF%D9%8A%D9%84_2025/"}
[2026-02-16 16:21:40] [AD] [INFO] Captured GraphQL posts {"postId":"175571030"}
[2026-02-16 16:21:40] [AD] [INFO] Captured GraphQL posts {"postId":"175571035"}
[2026-02-16 16:21:40] [AD] [INFO] Captured GraphQL comments {"postId":"175571030"}
[2026-02-16 16:21:40] [AD] [INFO] Captured GraphQL comments {"postId":"175571035"}
[2026-02-16 16:21:42] [AD] [INFO] Opening contact modal {"postId":"175571030"}
[2026-02-16 16:21:42] [AD] [INFO] Opening contact modal {"postId":"175571035"}
[2026-02-16 16:21:43] [AD] [INFO] Contact extracted {"postId":"175571030","phone":"+966553385937","href":"tel:+966553385937"}
[2026-02-16 16:21:43] [AD] [INFO] Closing ad tab {"postId":"175571030"}
[2026-02-16 16:21:49] [AD] [INFO] Open ad (new tab) {"postId":"175571029","url":"https://haraj.com.sa/11175571029/%D9%84%D9%83%D8%B2%D8%B3_LX600_BB_2026_%D8%AE%D9%84%D9%8A%D8%AC%D9%8A/"}
[2026-02-16 16:21:52] [AD] [INFO] Captured GraphQL posts {"postId":"175571029"}
[2026-02-16 16:21:52] [AD] [INFO] Captured GraphQL comments {"postId":"175571029"}
[2026-02-16 16:21:54] [AD] [INFO] Opening contact modal {"postId":"175571029"}
[2026-02-16 16:21:55] [AD] [INFO] Contact extracted {"postId":"175571029","phone":"+966537620567","href":"tel:+966537620567"}
[2026-02-16 16:21:55] [AD] [INFO] Closing ad tab {"postId":"175571029"}
[2026-02-16 16:21:59] [AD] [INFO] Open ad (new tab) {"postId":"175571026","url":"https://haraj.com.sa/11175571026/%D9%81%D9%88%D8%B1%D8%AF_%D9%81%D9%88%D9%83%D8%B3/"}
[2026-02-16 16:22:02] [AD] [INFO] Captured GraphQL posts {"postId":"175571026"}
[2026-02-16 16:22:02] [AD] [INFO] Captured GraphQL comments {"postId":"175571026"}
[2026-02-16 16:22:04] [AD] [INFO] Opening contact modal {"postId":"175571026"}
[2026-02-16 16:22:06] [AD] [INFO] Contact extracted {"postId":"175571026","phone":"+966542201802","href":"tel:+966542201802"}
[2026-02-16 16:22:06] [AD] [INFO] Closing ad tab {"postId":"175571026"}
[2026-02-16 16:22:11] [AD] [INFO] Open ad (new tab) {"postId":"175571023","url":"https://haraj.com.sa/11175571023/%D9%84%D9%83%D8%B2%D8%B3_LX600_BB_2026/"}
[2026-02-16 16:22:13] [AD] [INFO] Captured GraphQL posts {"postId":"175571023"}
[2026-02-16 16:22:14] [AD] [INFO] Captured GraphQL comments {"postId":"175571023"}
[2026-02-16 16:22:16] [AD] [INFO] Opening contact modal {"postId":"175571023"}
[2026-02-16 16:22:16] [AD] [INFO] Contact extracted {"postId":"175571023","phone":"+966544534716","href":"tel:+966544534716"}
[2026-02-16 16:22:16] [AD] [INFO] Closing ad tab {"postId":"175571023"}
[2026-02-16 16:22:21] [AD] [INFO] Open ad (new tab) {"postId":"175571021","url":"https://haraj.com.sa/11175571021/%D9%87%D9%88%D9%86%D8%AF%D8%A7%D9%8A_%D8%AA%D9%88%D8%B3%D8%A7%D9%86_2016%D9%86%D8%B8%D9%8A%D9%81%D8%A9_%D9%88%D9%85%D8%B4%D8%B1%D9%88%D8%B7%D9%87_%D8%B4%D8%B1%D8%B7_%D9%81%D9%84_%D9%83%D8%A7%D9%85%D9%84_%D9%88%D9%83%D8%A7%D9%84%D9%87/"}
[2026-02-16 16:22:23] [AD] [INFO] Captured GraphQL posts {"postId":"175571021"}
[2026-02-16 16:22:24] [AD] [INFO] Captured GraphQL comments {"postId":"175571021"}
[2026-02-16 16:22:25] [AD] [INFO] Opening contact modal {"postId":"175571021"}
[2026-02-16 16:22:26] [AD] [INFO] Contact extracted {"postId":"175571021","phone":"+966533762006","href":"tel:+966533762006"}
[2026-02-16 16:22:26] [AD] [INFO] Closing ad tab {"postId":"175571021"}
[2026-02-16 16:22:30] [AD] [INFO] Open ad (new tab) {"postId":"175571020","url":"https://haraj.com.sa/11175571020/%D8%A7%D9%8A%D8%B3%D9%88%D8%B2%D9%88_2004/"}
[2026-02-16 16:22:33] [AD] [INFO] Captured GraphQL posts {"postId":"175571020"}
[2026-02-16 16:22:33] [AD] [INFO] Captured GraphQL comments {"postId":"175571020"}
[2026-02-16 16:22:35] [AD] [INFO] Opening contact modal {"postId":"175571020"}
[2026-02-16 16:22:36] [AD] [INFO] Contact extracted {"postId":"175571020","phone":"+966544138415","href":"tel:+966544138415"}
[2026-02-16 16:22:36] [AD] [INFO] Closing ad tab {"postId":"175571020"}
[2026-02-16 16:22:41] [AD] [INFO] Open ad (new tab) {"postId":"175571018","url":"https://haraj.com.sa/11175571018/four_tourist_2023_model/"}
[2026-02-16 16:22:44] [AD] [INFO] Captured GraphQL posts {"postId":"175571018"}
[2026-02-16 16:22:44] [AD] [INFO] Captured GraphQL comments {"postId":"175571018"}
[2026-02-16 16:22:44] [AD] [WARN] Phone did not settle in time {"postId":"175571035"}
[2026-02-16 16:22:44] [AD] [INFO] Contact extracted {"postId":"175571035","phone":null,"href":"tel:"}
[2026-02-16 16:22:44] [AD] [INFO] Closing ad tab {"postId":"175571035"}
[2026-02-16 16:22:45] [AD] [INFO] Opening contact modal {"postId":"175571018"}
[2026-02-16 16:22:47] [AD] [INFO] Contact extracted {"postId":"175571018","phone":"+966500238919","href":"tel:+966500238919"}
[2026-02-16 16:22:47] [AD] [INFO] Closing ad tab {"postId":"175571018"}
[2026-02-16 16:22:48] [AD] [INFO] Open ad (new tab) {"postId":"175571016","url":"https://haraj.com.sa/11175571016/%D9%84%D9%83%D8%B2%D8%B3_LS_350_AA_%D9%85%D9%88%D8%AF%D9%8A%D9%84_2025_%D8%A3%D9%82%D9%84_%D8%B3%D8%B9%D8%B1/"}
[2026-02-16 16:22:51] [AD] [INFO] Open ad (new tab) {"postId":"175571015","url":"https://haraj.com.sa/11175571015/%D8%A7%D8%B3%D9%83%D8%A7%D9%84%D9%8A%D8%AF_2021_%D9%82%D8%B5%D9%8A%D8%B1_%D9%88%D8%A7%D8%B1%D8%AF_%D8%A7%D9%84%D8%AC%D9%85%D9%8A%D8%AD/"}
[2026-02-16 16:22:52] [AD] [INFO] Captured GraphQL posts {"postId":"175571016"}
[2026-02-16 16:22:52] [AD] [INFO] Captured GraphQL comments {"postId":"175571016"}
[2026-02-16 16:22:54] [AD] [INFO] Opening contact modal {"postId":"175571016"}
[2026-02-16 16:22:54] [AD] [INFO] Captured GraphQL posts {"postId":"175571015"}
[2026-02-16 16:22:54] [AD] [INFO] Captured GraphQL comments {"postId":"175571015"}
[2026-02-16 16:22:56] [AD] [INFO] Opening contact modal {"postId":"175571015"}
[2026-02-16 16:22:56] [AD] [INFO] Contact extracted {"postId":"175571016","phone":"+966547092392","href":"tel:+966547092392"}
[2026-02-16 16:22:56] [AD] [INFO] Closing ad tab {"postId":"175571016"}
[2026-02-16 16:22:57] [AD] [INFO] Contact extracted {"postId":"175571015","phone":"+966599555640","href":"tel:+966599555640"}
[2026-02-16 16:22:57] [AD] [INFO] Closing ad tab {"postId":"175571015"}
[2026-02-16 16:23:01] [AD] [INFO] Open ad (new tab) {"postId":"175571009","url":"https://haraj.com.sa/11175571009/%D9%84%D9%84%D8%A8%D9%8A%D8%B9_%D8%AF%D8%AF%D8%B3%D9%86_2011/"}
[2026-02-16 16:23:01] [AD] [INFO] Open ad (new tab) {"postId":"175571013","url":"https://haraj.com.sa/11175571013/%D9%84%D9%83%D8%B2%D8%B3_Ux300h_%D8%B3%D8%B9%D9%88%D8%AF%D9%8A_%D8%B6%D9%85%D8%A7%D9%868%D8%B3%D9%86%D9%88%D8%A7%D8%AA_%D9%83%D8%A7%D8%B4_%D8%A7%D9%82%D8%B3%D8%A7%D8%B7/"}
[2026-02-16 16:23:04] [AD] [INFO] Captured GraphQL posts {"postId":"175571013"}
[2026-02-16 16:23:04] [AD] [INFO] Captured GraphQL comments {"postId":"175571013"}
[2026-02-16 16:23:05] [AD] [INFO] Captured GraphQL posts {"postId":"175571009"}
[2026-02-16 16:23:05] [AD] [INFO] Captured GraphQL comments {"postId":"175571009"}
[2026-02-16 16:23:06] [AD] [INFO] Opening contact modal {"postId":"175571013"}
[2026-02-16 16:23:06] [AD] [INFO] Opening contact modal {"postId":"175571009"}
[2026-02-16 16:23:07] [AD] [INFO] Contact extracted {"postId":"175571013","phone":"+966550224455","href":"tel:+966550224455"}
[2026-02-16 16:23:07] [AD] [INFO] Closing ad tab {"postId":"175571013"}
[2026-02-16 16:23:08] [AD] [INFO] Contact extracted {"postId":"175571009","phone":"+966509072878","href":"tel:+966509072878"}
[2026-02-16 16:23:08] [AD] [INFO] Closing ad tab {"postId":"175571009"}
[2026-02-16 16:23:09] [AD] [INFO] Contact extracted {"postId":"175571048","phone":null,"href":null}
[2026-02-16 16:23:09] [AD] [INFO] Closing ad tab {"postId":"175571048"}
[2026-02-16 16:23:12] [AD] [INFO] Open ad (new tab) {"postId":"175571006","url":"https://haraj.com.sa/11175571006/%D9%81%D9%88%D8%B1%D8%AF_%D8%A7%D9%8A%D9%81%D8%B1%D8%B3%D8%AA_%D8%B3%D8%AA%D8%A7%D9%86%D8%AF%D8%B1_%D9%88_%D9%81%D9%84_2025_%D8%B5%D9%8A%D8%A7%D9%86%D8%A9_%D9%85%D8%AC%D8%A7%D9%86%D9%8A%D9%87_%D8%A7%D9%84%D8%AC%D8%B2%D9%8A%D8%B1%D8%A9/"}
[2026-02-16 16:23:12] [AD] [INFO] Open ad (new tab) {"postId":"175571007","url":"https://haraj.com.sa/11175571007/%D9%85%D8%A7%D8%B2%D8%AF%D8%A7_6_%D8%AE%D9%84%D9%8A%D8%AC%D9%8A_%D9%86%D8%B5_%D9%81%D9%84_%D9%81%D8%AA%D8%AD%D9%87_2025_%D8%A8%D8%A7%D9%84%D9%83%D8%A7%D8%B4_%D9%88%D8%A7%D9%84%D8%A7%D9%82%D8%B3%D8%A7%D8%B7/"}
[2026-02-16 16:23:14] [AD] [INFO] Captured GraphQL posts {"postId":"175571006"}
[2026-02-16 16:23:14] [AD] [INFO] Captured GraphQL comments {"postId":"175571006"}
[2026-02-16 16:23:15] [AD] [INFO] Open ad (new tab) {"postId":"175571270","url":"https://haraj.com.sa/11175571270/%D8%B4%D9%8A%D9%88%D9%84_%D9%83%D8%AA%D8%B1_%D8%A8%D9%84%D8%B1_F/"}
[2026-02-16 16:23:16] [AD] [INFO] Captured GraphQL posts {"postId":"175571007"}
[2026-02-16 16:23:16] [AD] [INFO] Opening contact modal {"postId":"175571006"}
[2026-02-16 16:23:16] [AD] [INFO] Captured GraphQL comments {"postId":"175571007"}
[2026-02-16 16:23:17] [AD] [INFO] Opening contact modal {"postId":"175571007"}
[2026-02-16 16:23:18] [AD] [INFO] Contact extracted {"postId":"175571006","phone":"+966599610578","href":"tel:+966599610578"}
[2026-02-16 16:23:18] [AD] [INFO] Closing ad tab {"postId":"175571006"}
[2026-02-16 16:23:18] [AD] [INFO] Captured GraphQL posts {"postId":"175571270"}
[2026-02-16 16:23:18] [AD] [INFO] Captured GraphQL comments {"postId":"175571270"}
[2026-02-16 16:23:19] [AD] [INFO] Contact extracted {"postId":"175571007","phone":"+966592316108","href":"tel:+966592316108"}
[2026-02-16 16:23:19] [AD] [INFO] Closing ad tab {"postId":"175571007"}
[2026-02-16 16:23:20] [AD] [INFO] Opening contact modal {"postId":"175571270"}
[2026-02-16 16:23:21] [AD] [INFO] Open ad (new tab) {"postId":"175571268","url":"https://haraj.com.sa/11175571268/%D8%B1%D9%8A%D9%85%D9%88%D8%AA_%D9%88%D9%86%D8%B4_%D9%84%D9%84%D8%A8%D9%8A%D8%B9/"}
[2026-02-16 16:23:23] [AD] [INFO] Captured GraphQL posts {"postId":"175571268"}
[2026-02-16 16:23:24] [AD] [INFO] Captured GraphQL comments {"postId":"175571268"}
[2026-02-16 16:23:24] [AD] [INFO] Open ad (new tab) {"postId":"175571264","url":"https://haraj.com.sa/11175571264/%D8%B1%D9%85%D9%84_%D9%85%D8%AC%D8%A7%D9%86%D9%8A_%D8%B2%D8%B1%D8%A7%D8%B9%D9%8A_%D9%86%D8%B8%D9%8A%D9%81_%D9%84%D9%85%D9%86_%D8%A3%D8%B1%D8%A7%D8%AF_%D8%AA%D8%AD%D9%85%D9%8A%D9%84%D9%87_%D8%A8%D8%A7%D9%84%D9%85%D8%AF%D9%8A%D9%86%D9%87/"}
[2026-02-16 16:23:25] [AD] [INFO] Opening contact modal {"postId":"175571268"}
[2026-02-16 16:23:27] [AD] [INFO] Captured GraphQL posts {"postId":"175571264"}
[2026-02-16 16:23:28] [AD] [INFO] Captured GraphQL comments {"postId":"175571264"}
[2026-02-16 16:23:29] [AD] [INFO] Opening contact modal {"postId":"175571264"}
[2026-02-16 16:23:30] [AD] [INFO] Contact extracted {"postId":"175571264","phone":"+966504371702","href":"tel:+966504371702"}
[2026-02-16 16:23:30] [AD] [INFO] Closing ad tab {"postId":"175571264"}
[2026-02-16 16:23:35] [AD] [INFO] Open ad (new tab) {"postId":"175571263","url":"https://haraj.com.sa/11175571263/%D9%84%D9%83%D8%B2%D8%B3_UX200_2023/"}
[2026-02-16 16:23:38] [AD] [INFO] Captured GraphQL posts {"postId":"175571263"}
[2026-02-16 16:23:38] [AD] [INFO] Captured GraphQL comments {"postId":"175571263"}
[2026-02-16 16:23:40] [AD] [INFO] Opening contact modal {"postId":"175571263"}
[2026-02-16 16:23:41] [AD] [INFO] Contact extracted {"postId":"175571263","phone":"+966544845056","href":"tel:+966544845056"}
[2026-02-16 16:23:41] [AD] [INFO] Closing ad tab {"postId":"175571263"}
[2026-02-16 16:23:45] [AD] [INFO] Open ad (new tab) {"postId":"175571262","url":"https://haraj.com.sa/11175571262/%D8%AA%D9%88%D9%8A%D9%88%D8%AA%D8%A7_%D9%84%D8%A7%D9%86%D8%AF%D9%83%D8%B1%D9%88%D8%B2%D8%B1_GXR4_2026/"}
[2026-02-16 16:23:48] [AD] [INFO] Captured GraphQL posts {"postId":"175571262"}
[2026-02-16 16:23:48] [AD] [INFO] Captured GraphQL comments {"postId":"175571262"}
[2026-02-16 16:23:49] [AD] [INFO] Opening contact modal {"postId":"175571262"}
[2026-02-16 16:23:50] [AD] [INFO] Contact extracted {"postId":"175571262","phone":"+966508344144","href":"tel:+966508344144"}
[2026-02-16 16:23:50] [AD] [INFO] Closing ad tab {"postId":"175571262"}
[2026-02-16 16:23:54] [AD] [INFO] Open ad (new tab) {"postId":"175571261","url":"https://haraj.com.sa/11175571261/%D9%83%D9%88%D8%B1%D9%88%D9%84%D8%A7_2015/"}
[2026-02-16 16:23:56] [AD] [INFO] Captured GraphQL posts {"postId":"175571261"}
[2026-02-16 16:23:57] [AD] [INFO] Captured GraphQL comments {"postId":"175571261"}
[2026-02-16 16:23:58] [AD] [INFO] Opening contact modal {"postId":"175571261"}
[2026-02-16 16:24:21] [AD] [WARN] Phone did not settle in time {"postId":"175571270"}
[2026-02-16 16:24:21] [AD] [INFO] Contact extracted {"postId":"175571270","phone":null,"href":"tel:"}
[2026-02-16 16:24:21] [AD] [INFO] Closing ad tab {"postId":"175571270"}
[2026-02-16 16:24:25] [AD] [INFO] Open ad (new tab) {"postId":"175571258","url":"https://haraj.com.sa/11175571258/%D9%84%D9%83%D8%B2%D8%B3_es350/"}
[2026-02-16 16:24:26] [AD] [WARN] Phone did not settle in time {"postId":"175571268"}
[2026-02-16 16:24:26] [AD] [INFO] Contact extracted {"postId":"175571268","phone":null,"href":"tel:"}
[2026-02-16 16:24:26] [AD] [INFO] Closing ad tab {"postId":"175571268"}
[2026-02-16 16:24:31] [AD] [INFO] Open ad (new tab) {"postId":"175571242","url":"https://haraj.com.sa/11175571242/%D9%85%D9%8A%D8%AA%D8%B3%D9%88%D8%A8%D9%8A%D8%B4%D9%8A_%D8%A7%D9%88%D8%AA%D9%84%D8%A7%D9%86%D8%AF%D8%B1_7%D9%85%D9%82%D8%A7%D8%B9%D8%AF_%D9%81%D9%84_%D9%83%D8%A7%D9%85%D9%84_%D8%A8%D8%B1%D9%8A%D9%85%D9%8A%D9%88%D9%852025_%D8%A7%D9%82%D9%84_%D8%B3%D8%B9%D8%B1/"}
[2026-02-16 16:24:34] [AD] [INFO] Captured GraphQL posts {"postId":"175571242"}
[2026-02-16 16:24:34] [AD] [INFO] Captured GraphQL comments {"postId":"175571242"}
[2026-02-16 16:24:35] [AD] [INFO] Opening contact modal {"postId":"175571242"}
[2026-02-16 16:24:36] [AD] [INFO] Contact extracted {"postId":"175571242","phone":"+966562791082","href":"tel:+966562791082"}
[2026-02-16 16:24:36] [AD] [INFO] Closing ad tab {"postId":"175571242"}
[2026-02-16 16:24:40] [AD] [INFO] Open ad (new tab) {"postId":"175571241","url":"https://haraj.com.sa/11175571241/%D9%82%D8%B1%D8%A8%D9%87_%D9%85%D9%88%D9%8A%D9%87_%D9%85%D8%B3%D8%A7%D8%AD%D8%A7%D8%AA_%D9%84%D8%A7%D9%86%D8%AF%D9%83%D8%B1%D9%88%D8%B2%D8%B1_2005/"}
[2026-02-16 16:24:44] [AD] [INFO] Captured GraphQL posts {"postId":"175571241"}
[2026-02-16 16:24:44] [AD] [INFO] Captured GraphQL comments {"postId":"175571241"}
[2026-02-16 16:24:45] [AD] [INFO] Opening contact modal {"postId":"175571241"}
[2026-02-16 16:24:46] [AD] [INFO] Contact extracted {"postId":"175571241","phone":"+966506069794","href":"tel:+966506069794"}
[2026-02-16 16:24:46] [AD] [INFO] Closing ad tab {"postId":"175571241"}
[2026-02-16 16:24:52] [AD] [INFO] Open ad (new tab) {"postId":"175571234","url":"https://haraj.com.sa/11175571234/%D8%A7%D8%A8%D8%AD%D8%B1_%D8%A7%D9%84%D8%B4%D9%85%D8%A7%D9%84%D9%8A%D8%A9_%D8%AC%D8%AF%D8%A9/"}
[2026-02-16 16:24:55] [AD] [INFO] Captured GraphQL posts {"postId":"175571234"}
[2026-02-16 16:24:55] [AD] [INFO] Captured GraphQL comments {"postId":"175571234"}
[2026-02-16 16:24:57] [AD] [INFO] Opening contact modal {"postId":"175571234"}
[2026-02-16 16:24:58] [AD] [INFO] Contact extracted {"postId":"175571234","phone":"+966535358484","href":"tel:+966535358484"}
[2026-02-16 16:24:58] [AD] [INFO] Closing ad tab {"postId":"175571234"}
[2026-02-16 16:24:59] [AD] [WARN] Phone did not settle in time {"postId":"175571261"}
[2026-02-16 16:25:00] [AD] [INFO] Contact extracted {"postId":"175571261","phone":null,"href":"tel:undefined"}
[2026-02-16 16:25:00] [AD] [INFO] Closing ad tab {"postId":"175571261"}
[2026-02-16 16:25:03] [AD] [INFO] Open ad (new tab) {"postId":"175571230","url":"https://haraj.com.sa/11175571230/%D8%AA%D8%A7%D9%87%D9%88_2007_%D9%86%D8%B8%D9%8A%D9%81_%D9%88%D9%85%D8%AC%D8%AF%D8%AF_%D8%AC%D8%A7%D9%87%D8%B2/"}
[2026-02-16 16:25:03] [AD] [INFO] Open ad (new tab) {"postId":"175571228","url":"https://haraj.com.sa/11175571228/%D9%83%D9%8A%D8%A7%D8%A1_%D8%B3%D9%88_%D8%A8%D8%B1%D8%AA%D8%A7%D8%AC_%D9%85%D9%88%D8%AF%D9%8A%D9%84_2012/"}
[2026-02-16 16:25:05] [AD] [INFO] Captured GraphQL posts {"postId":"175571230"}
[2026-02-16 16:25:05] [AD] [INFO] Captured GraphQL comments {"postId":"175571230"}
[2026-02-16 16:25:06] [AD] [INFO] Captured GraphQL posts {"postId":"175571228"}
[2026-02-16 16:25:06] [AD] [INFO] Captured GraphQL comments {"postId":"175571228"}
[2026-02-16 16:25:07] [AD] [INFO] Opening contact modal {"postId":"175571230"}
[2026-02-16 16:25:08] [AD] [INFO] Opening contact modal {"postId":"175571228"}
[2026-02-16 16:25:08] [AD] [INFO] Contact extracted {"postId":"175571228","phone":"+966544575482","href":"tel:+966544575482"}
[2026-02-16 16:25:08] [AD] [INFO] Closing ad tab {"postId":"175571228"}
[2026-02-16 16:25:09] [AD] [INFO] Contact extracted {"postId":"175571230","phone":"+966500376121","href":"tel:+966500376121"}
[2026-02-16 16:25:09] [AD] [INFO] Closing ad tab {"postId":"175571230"}
[2026-02-16 16:25:13] [AD] [INFO] Open ad (new tab) {"postId":"175571226","url":"https://haraj.com.sa/11175571226/%D9%81%D9%88%D8%B1%D8%AF_%D8%AA%D9%88%D8%B1%D8%B3_%D8%AC%D9%85%D9%8A%D8%B9_%D8%A7%D9%84%D9%81%D8%A6%D8%A7%D8%AA_2026_%D8%AC%D9%85%D9%8A%D8%B9_%D8%A7%D9%84%D8%A7%D9%84%D9%88%D8%A7%D9%86_%D9%86%D9%82%D8%AF%D8%A7_%D9%88%D8%A7%D9%82%D8%B3%D8%A7%D8%B7/"}
[2026-02-16 16:25:14] [AD] [INFO] Open ad (new tab) {"postId":"175571227","url":"https://haraj.com.sa/11175571227/%D8%A7%D9%83%D8%B3%D8%A8%D9%8A%D8%AF%D9%8A%D8%B4%D9%86_2019_XLT%D9%85%D8%AE%D8%B2%D9%86%D8%AF%D8%A8%D9%84_%D9%85%D8%A7%D9%84%D9%83_%D9%88%D8%A7%D8%AD%D8%AF_%D8%B5%D9%8A%D8%A7%D9%86%D8%A7%D8%AA_%D9%88%D9%83%D8%A7%D9%84%D9%87/"}
[2026-02-16 16:25:15] [AD] [INFO] Captured GraphQL posts {"postId":"175571226"}
[2026-02-16 16:25:15] [AD] [INFO] Captured GraphQL comments {"postId":"175571226"}
[2026-02-16 16:25:17] [AD] [INFO] Opening contact modal {"postId":"175571226"}
[2026-02-16 16:25:17] [AD] [INFO] Captured GraphQL posts {"postId":"175571227"}
[2026-02-16 16:25:18] [AD] [INFO] Captured GraphQL comments {"postId":"175571227"}
[2026-02-16 16:25:19] [AD] [INFO] Opening contact modal {"postId":"175571227"}
[2026-02-16 16:25:20] [AD] [INFO] Contact extracted {"postId":"175571227","phone":"+966591111178","href":"tel:+966591111178"}
[2026-02-16 16:25:20] [AD] [INFO] Closing ad tab {"postId":"175571227"}
[2026-02-16 16:25:20] [AD] [INFO] Contact extracted {"postId":"175571226","phone":"+966582180653","href":"tel:+966582180653"}
[2026-02-16 16:25:20] [AD] [INFO] Closing ad tab {"postId":"175571226"}
[2026-02-16 16:25:25] [AD] [INFO] Open ad (new tab) {"postId":"175571222","url":"https://haraj.com.sa/11175571222/%D8%B4%D8%A7%D8%B4%D8%A9_%D8%A7%D9%88%D8%A8%D8%AA%D9%8A%D9%85%D8%A7/"}
[2026-02-16 16:25:25] [AD] [INFO] Open ad (new tab) {"postId":"175571224","url":"https://haraj.com.sa/11175571224/%D8%A7%D9%86%D9%88%D9%81%D8%A7_2020/"}
[2026-02-16 16:25:27] [AD] [WARN] post-contact not found {"postId":"175571258"}
[2026-02-16 16:25:28] [AD] [INFO] Captured GraphQL posts {"postId":"175571224"}
[2026-02-16 16:25:28] [AD] [INFO] Captured GraphQL comments {"postId":"175571224"}
[2026-02-16 16:25:28] [AD] [WARN] Contact button not visible {"postId":"175571258"}
[2026-02-16 16:25:28] [AD] [INFO] Closing ad tab {"postId":"175571258"}
[2026-02-16 16:25:28] [AD] [INFO] Captured GraphQL posts {"postId":"175571222"}
[2026-02-16 16:25:29] [AD] [INFO] Captured GraphQL comments {"postId":"175571222"}
[2026-02-16 16:25:29] [AD] [INFO] Opening contact modal {"postId":"175571224"}
[2026-02-16 16:25:29] [AD] [INFO] Opening contact modal {"postId":"175571222"}
[2026-02-16 16:25:33] [AD] [INFO] Open ad (new tab) {"postId":"175571219","url":"https://haraj.com.sa/11175571219/%D9%84%D9%83%D8%B2%D8%B3_RX_500_H_F_SPORT_%D9%85%D9%88%D8%AF%D9%8A%D9%84_2026_%D8%AE%D9%84%D9%8A%D8%AC%D9%8A/"}
[2026-02-16 16:25:36] [AD] [INFO] Captured GraphQL posts {"postId":"175571219"}
[2026-02-16 16:25:36] [AD] [INFO] Captured GraphQL comments {"postId":"175571219"}
[2026-02-16 16:25:37] [AD] [INFO] Opening contact modal {"postId":"175571219"}
[2026-02-16 16:25:38] [AD] [INFO] Contact extracted {"postId":"175571219","phone":"+966537463909","href":"tel:+966537463909"}
[2026-02-16 16:25:38] [AD] [INFO] Closing ad tab {"postId":"175571219"}
[2026-02-16 16:25:42] [AD] [INFO] Open ad (new tab) {"postId":"175571218","url":"https://haraj.com.sa/11175571218/%D9%84%D9%84%D8%AA%D9%86%D8%A7%D8%B2%D9%84_%D8%A7%D9%86%D9%88%D9%81%D8%A7_%D8%AF%D9%8A%D8%B2%D9%84/"}
[2026-02-16 16:25:45] [AD] [INFO] Captured GraphQL posts {"postId":"175571218"}
[2026-02-16 16:25:45] [AD] [INFO] Captured GraphQL comments {"postId":"175571218"}
[2026-02-16 16:25:46] [AD] [INFO] Opening contact modal {"postId":"175571218"}
[2026-02-16 16:25:48] [AD] [INFO] Contact extracted {"postId":"175571218","phone":"+966552298558","href":"tel:+966552298558"}
[2026-02-16 16:25:48] [AD] [INFO] Closing ad tab {"postId":"175571218"}
[2026-02-16 16:25:53] [AD] [INFO] Open ad (new tab) {"postId":"175571217","url":"https://haraj.com.sa/11175571217/%D8%AF%D8%AF%D8%B3%D9%86_%D9%85%D9%88%D8%AF%D9%8A%D9%84_92/"}
[2026-02-16 16:25:55] [AD] [INFO] Captured GraphQL posts {"postId":"175571217"}
[2026-02-16 16:25:55] [AD] [INFO] Captured GraphQL comments {"postId":"175571217"}
[2026-02-16 16:25:57] [AD] [INFO] Opening contact modal {"postId":"175571217"}
[2026-02-16 16:25:58] [AD] [INFO] Contact extracted {"postId":"175571217","phone":"+966557547604","href":"tel:+966557547604"}
[2026-02-16 16:25:58] [AD] [INFO] Closing ad tab {"postId":"175571217"}
[2026-02-16 16:26:04] [AD] [INFO] Open ad (new tab) {"postId":"175571209","url":"https://haraj.com.sa/11175571209/%D9%87%D9%88%D8%A8_%D8%AA%D9%88%D9%8A%D9%88%D8%AA%D8%A7_%D9%87%D8%A7%D9%8A%D9%84%D8%A7%D9%86%D8%AF%D8%B1_2022/"}
[2026-02-16 16:26:07] [AD] [INFO] Captured GraphQL posts {"postId":"175571209"}
[2026-02-16 16:26:07] [AD] [INFO] Captured GraphQL comments {"postId":"175571209"}
[2026-02-16 16:26:09] [AD] [INFO] Opening contact modal {"postId":"175571209"}
[2026-02-16 16:26:10] [AD] [INFO] Contact extracted {"postId":"175571209","phone":"+966537996711","href":"tel:+966537996711"}
[2026-02-16 16:26:10] [AD] [INFO] Closing ad tab {"postId":"175571209"}
[2026-02-16 16:26:14] [AD] [INFO] Open ad (new tab) {"postId":"175571251","url":"https://haraj.com.sa/11175571251/%D9%87%D9%88%D9%86%D8%AF%D8%A7%D9%8A_%D8%A7%D8%B2%D9%8A%D8%B1%D8%A7_%D9%83%D9%84%D8%A7%D8%B3%D9%8A%D9%83_2026_%D8%B9%D8%B1%D9%88%D8%B6_%D8%AE%D8%A7%D8%B5%D9%87_%D9%88%D9%85%D9%85%D9%8A%D8%B2%D9%87_%D9%84%D9%84%D9%83%D8%A7%D8%B4_%D9%88%D8%A7%D9%84%D8%AA%D9%85%D9%88%D9%8A%D9%84/"}
[2026-02-16 16:26:16] [AD] [INFO] Captured GraphQL posts {"postId":"175571251"}
[2026-02-16 16:26:17] [AD] [INFO] Captured GraphQL comments {"postId":"175571251"}
[2026-02-16 16:26:18] [AD] [INFO] Opening contact modal {"postId":"175571251"}
[2026-02-16 16:26:19] [AD] [INFO] Contact extracted {"postId":"175571251","phone":"+966545257605","href":"tel:+966545257605"}
[2026-02-16 16:26:19] [AD] [INFO] Closing ad tab {"postId":"175571251"}
[2026-02-16 16:26:23] [AD] [INFO] Open ad (new tab) {"postId":"175571452","url":"https://haraj.com.sa/11175571452/%D8%AA%D9%88%D9%8A%D9%88%D8%AA%D8%A7_%D8%B1%D8%A7%D9%81%D9%88%D8%B1_2024_%D9%84%D9%84%D8%A8%D9%8A%D8%B9/"}
[2026-02-16 16:26:26] [AD] [INFO] Captured GraphQL posts {"postId":"175571452"}
[2026-02-16 16:26:26] [AD] [INFO] Captured GraphQL comments {"postId":"175571452"}
[2026-02-16 16:26:27] [AD] [INFO] Opening contact modal {"postId":"175571452"}
[2026-02-16 16:26:28] [AD] [INFO] Contact extracted {"postId":"175571452","phone":"+966545789866","href":"tel:+966545789866"}
[2026-02-16 16:26:28] [AD] [INFO] Closing ad tab {"postId":"175571452"}
[2026-02-16 16:26:31] [AD] [WARN] Phone did not settle in time {"postId":"175571224"}
[2026-02-16 16:26:31] [AD] [INFO] Contact extracted {"postId":"175571224","phone":null,"href":"tel:"}
[2026-02-16 16:26:31] [AD] [INFO] Closing ad tab {"postId":"175571224"}
[2026-02-16 16:26:31] [AD] [WARN] Phone did not settle in time {"postId":"175571222"}
[2026-02-16 16:26:31] [AD] [INFO] Contact extracted {"postId":"175571222","phone":null,"href":"tel:"}
[2026-02-16 16:26:31] [AD] [INFO] Closing ad tab {"postId":"175571222"}
[2026-02-16 16:26:33] [AD] [INFO] Open ad (new tab) {"postId":"175571450","url":"https://haraj.com.sa/11175571450/%D8%B4%D9%8A%D9%81%D8%B1%D9%88%D9%84%D9%8A%D9%87_%D9%83%D8%B1%D9%88%D8%B2_2026_%D8%A7%D9%82%D9%84_%D8%B3%D8%B9%D8%B1_%D8%A8%D8%A7%D9%84%D8%B3%D8%B9%D9%88%D8%AF%D9%8A%D8%A9/"}
[2026-02-16 16:26:35] [AD] [INFO] Captured GraphQL posts {"postId":"175571450"}
[2026-02-16 16:26:35] [AD] [INFO] Captured GraphQL comments {"postId":"175571450"}
[2026-02-16 16:26:36] [AD] [INFO] Open ad (new tab) {"postId":"175571445","url":"https://haraj.com.sa/11175571445/%D8%AC%D9%8A%D8%AA%D9%88%D8%B1_T2_%D9%84%D8%A7%D9%83%D8%AC%D8%B1%D9%8A_%D9%88%D9%84%D8%A7_%D9%83%D8%AC%D8%B1%D9%8A_%D8%A8%D9%84%D8%B3_2026_%D9%83%D9%84_%D8%A7%D9%84%D8%A7%D9%84%D9%88%D8%A7%D9%86/"}
[2026-02-16 16:26:36] [AD] [INFO] Open ad (new tab) {"postId":"175571447","url":"https://haraj.com.sa/11175571447/%D9%87%D8%A7%D9%8A%D9%84%D9%83%D8%B3_2006/"}
[2026-02-16 16:26:37] [AD] [INFO] Opening contact modal {"postId":"175571450"}
[2026-02-16 16:26:39] [AD] [INFO] Captured GraphQL posts {"postId":"175571447"}
[2026-02-16 16:26:40] [AD] [INFO] Captured GraphQL comments {"postId":"175571447"}
[2026-02-16 16:26:40] [AD] [INFO] Contact extracted {"postId":"175571450","phone":"+966530015007","href":"tel:+966530015007"}
[2026-02-16 16:26:40] [AD] [INFO] Closing ad tab {"postId":"175571450"}
[2026-02-16 16:26:40] [AD] [INFO] Captured GraphQL posts {"postId":"175571445"}
[2026-02-16 16:26:41] [AD] [INFO] Captured GraphQL comments {"postId":"175571445"}
[2026-02-16 16:26:42] [AD] [INFO] Opening contact modal {"postId":"175571445"}
[2026-02-16 16:26:42] [AD] [INFO] Opening contact modal {"postId":"175571447"}
[2026-02-16 16:26:43] [AD] [INFO] Contact extracted {"postId":"175571445","phone":"+966543942525","href":"tel:+966543942525"}
[2026-02-16 16:26:43] [AD] [INFO] Contact extracted {"postId":"175571447","phone":"+966554437103","href":"tel:+966554437103"}
[2026-02-16 16:26:43] [AD] [INFO] Closing ad tab {"postId":"175571445"}
[2026-02-16 16:26:43] [AD] [INFO] Closing ad tab {"postId":"175571447"}
[2026-02-16 16:26:43] [AD] [INFO] Open ad (new tab) {"postId":"175571444","url":"https://haraj.com.sa/11175571444/%D8%AF%D9%8A%D9%86%D8%A7%D8%AA_%D8%A7%D9%8A%D8%B3%D9%88%D8%B2%D9%88_%D9%85%D9%88%D8%AF%D9%8A%D9%84_2018/"}
[2026-02-16 16:26:46] [AD] [INFO] Captured GraphQL posts {"postId":"175571444"}
[2026-02-16 16:26:46] [AD] [INFO] Captured GraphQL comments {"postId":"175571444"}
[2026-02-16 16:26:47] [AD] [INFO] Open ad (new tab) {"postId":"175571438","url":"https://haraj.com.sa/11175571438/%D9%87%D9%8A%D9%88%D9%86%D8%AF%D8%A7%D9%8A_%D8%B3%D9%86%D8%AA%D8%A7%D9%81%D9%8A_%D8%A8%D8%B1%D9%8A%D9%85%D9%8A%D9%88%D9%85_%D9%85%D9%88%D8%AF%D9%8A%D9%84_2024_%D9%88%D9%83%D8%A7%D9%84%D8%A9/"}
[2026-02-16 16:26:48] [AD] [INFO] Opening contact modal {"postId":"175571444"}
[2026-02-16 16:26:49] [AD] [INFO] Open ad (new tab) {"postId":"175571436","url":"https://haraj.com.sa/11175571436/%D9%81%D9%88%D8%B1%D8%AF_%D8%AA%D9%88%D8%B1%D8%B3_2023%D8%AA%D8%B1%D9%86%D8%AF/"}
[2026-02-16 16:26:49] [AD] [INFO] Captured GraphQL posts {"postId":"175571438"}
[2026-02-16 16:26:50] [AD] [INFO] Contact extracted {"postId":"175571444","phone":"+966508716258","href":"tel:+966508716258"}
[2026-02-16 16:26:50] [AD] [INFO] Closing ad tab {"postId":"175571444"}
[2026-02-16 16:26:50] [AD] [INFO] Captured GraphQL comments {"postId":"175571438"}
[2026-02-16 16:26:51] [AD] [INFO] Captured GraphQL posts {"postId":"175571436"}
[2026-02-16 16:26:51] [AD] [INFO] Captured GraphQL comments {"postId":"175571436"}
[2026-02-16 16:26:51] [AD] [INFO] Opening contact modal {"postId":"175571438"}
[2026-02-16 16:26:53] [AD] [INFO] Opening contact modal {"postId":"175571436"}
[2026-02-16 16:26:54] [AD] [INFO] Open ad (new tab) {"postId":"175571433","url":"https://haraj.com.sa/11175571433/%D9%81%D9%88%D8%B1%D8%AF_%D9%81%D9%83%D8%AA%D9%88%D8%B1%D9%8A%D8%A7_%D8%A7%D8%B3%D8%AA%D8%AE%D8%AF%D8%A7%D9%85_%D8%B4%D8%AE%D8%B5%D9%8A_2012/"}
[2026-02-16 16:26:54] [AD] [INFO] Contact extracted {"postId":"175571436","phone":"+966544492669","href":"tel:+966544492669"}
[2026-02-16 16:26:54] [AD] [INFO] Closing ad tab {"postId":"175571436"}
[2026-02-16 16:26:54] [AD] [INFO] Contact extracted {"postId":"175571438","phone":"+966557934000","href":"tel:+966557934000"}
[2026-02-16 16:26:54] [AD] [INFO] Closing ad tab {"postId":"175571438"}
[2026-02-16 16:26:56] [AD] [INFO] Captured GraphQL posts {"postId":"175571433"}
[2026-02-16 16:26:57] [AD] [INFO] Captured GraphQL comments {"postId":"175571433"}
[2026-02-16 16:26:58] [AD] [INFO] Opening contact modal {"postId":"175571433"}
[2026-02-16 16:26:59] [AD] [INFO] Open ad (new tab) {"postId":"175571429","url":"https://haraj.com.sa/11175571429/%D8%B3%D9%88%D8%B2%D9%88%D9%83%D9%8A_%D8%AF%D9%8A%D8%B2%D8%A7%D9%8A%D8%B1_%D9%81%D9%84_%D9%83%D8%A7%D9%85%D9%84_%D9%85%D9%88%D8%AF%D9%8A%D9%84_26_%D8%A8%D8%A3%D9%81%D8%B6%D9%84_%D8%A7%D9%84%D8%A7%D8%B3%D8%B9%D8%A7%D8%B1/"}
[2026-02-16 16:26:59] [AD] [INFO] Contact extracted {"postId":"175571433","phone":"+966535709447","href":"tel:+966535709447"}
[2026-02-16 16:26:59] [AD] [INFO] Closing ad tab {"postId":"175571433"}
[2026-02-16 16:27:00] [AD] [INFO] Open ad (new tab) {"postId":"175571426","url":"https://haraj.com.sa/11175571426/%D9%83%D9%8A%D8%A7_%D8%B3%D9%8A%D9%84%D8%AA%D9%88%D8%B3_GL_2026_%D8%B3%D8%AA%D8%A7%D9%86%D8%AF%D8%B1_%D8%A7%D8%BA%D8%AA%D9%86%D9%85_%D8%B9%D8%B1%D9%88%D8%B6_%D9%8A%D9%88%D9%85_%D8%A7%D9%84%D8%AA%D8%A3%D8%B3%D9%8A%D8%B3/"}
[2026-02-16 16:27:01] [AD] [INFO] Captured GraphQL posts {"postId":"175571429"}
[2026-02-16 16:27:01] [AD] [INFO] Captured GraphQL comments {"postId":"175571429"}
[2026-02-16 16:27:03] [AD] [INFO] Captured GraphQL posts {"postId":"175571426"}
[2026-02-16 16:27:03] [AD] [INFO] Open ad (new tab) {"postId":"175571425","url":"https://haraj.com.sa/11175571425/%D9%83%D8%A7%D9%85%D8%B1%D9%8A_2025_%D9%85%D8%B5%D8%AF%D9%88%D9%85%D9%87/"}
[2026-02-16 16:27:03] [AD] [INFO] Opening contact modal {"postId":"175571429"}
[2026-02-16 16:27:03] [AD] [INFO] Captured GraphQL comments {"postId":"175571426"}
[2026-02-16 16:27:04] [AD] [INFO] Opening contact modal {"postId":"175571426"}
[2026-02-16 16:27:05] [AD] [INFO] Contact extracted {"postId":"175571429","phone":"+966543982525","href":"tel:+966543982525"}
[2026-02-16 16:27:05] [AD] [INFO] Closing ad tab {"postId":"175571429"}
[2026-02-16 16:27:06] [AD] [INFO] Captured GraphQL posts {"postId":"175571425"}
[2026-02-16 16:27:06] [AD] [INFO] Captured GraphQL comments {"postId":"175571425"}
[2026-02-16 16:27:06] [AD] [INFO] Contact extracted {"postId":"175571426","phone":"+966531301763","href":"tel:+966531301763"}
[2026-02-16 16:27:06] [AD] [INFO] Closing ad tab {"postId":"175571426"}
[2026-02-16 16:27:08] [AD] [INFO] Opening contact modal {"postId":"175571425"}
[2026-02-16 16:27:10] [AD] [INFO] Open ad (new tab) {"postId":"175571421","url":"https://haraj.com.sa/11175571421/%D9%83%D9%8A%D8%A7_%D9%83%D9%8A_5_%D8%B3%D8%AA%D8%A7%D9%86%D8%AF%D8%B1_%D9%85%D8%B7%D9%88%D8%B1_2026_%D8%A7%D9%82%D9%84_%D8%B3%D8%B9%D8%B1_%D9%83%D8%A7%D8%B4_%D9%88%D8%A7%D9%82%D8%B3%D8%A7%D8%B7/"}
[2026-02-16 16:27:10] [AD] [INFO] Open ad (new tab) {"postId":"175571424","url":"https://haraj.com.sa/11175571424/%D9%83%D8%B1%D8%A7%D9%88%D9%86_%D9%81%D9%83%D8%AA%D9%88%D8%B1%D9%8A_2009/"}
[2026-02-16 16:27:12] [AD] [INFO] Captured GraphQL posts {"postId":"175571421"}
[2026-02-16 16:27:13] [AD] [INFO] Captured GraphQL comments {"postId":"175571421"}
[2026-02-16 16:27:14] [AD] [INFO] Captured GraphQL posts {"postId":"175571424"}
[2026-02-16 16:27:14] [AD] [INFO] Captured GraphQL comments {"postId":"175571424"}
[2026-02-16 16:27:14] [AD] [INFO] Opening contact modal {"postId":"175571421"}
[2026-02-16 16:27:15] [AD] [INFO] Opening contact modal {"postId":"175571424"}
[2026-02-16 16:27:17] [AD] [INFO] Contact extracted {"postId":"175571421","phone":"+966545621380","href":"tel:+966545621380"}
[2026-02-16 16:27:17] [AD] [INFO] Closing ad tab {"postId":"175571421"}
[2026-02-16 16:27:17] [AD] [INFO] Contact extracted {"postId":"175571424","phone":"+966541841222","href":"tel:+966541841222"}
[2026-02-16 16:27:17] [AD] [INFO] Closing ad tab {"postId":"175571424"}
[2026-02-16 16:27:20] [AD] [INFO] Open ad (new tab) {"postId":"175571420","url":"https://haraj.com.sa/11175571420/%D8%AA%D9%88%D9%8A%D9%88%D8%AA%D8%A7_%D9%87%D8%A7%D9%8A%D9%84%D9%88%D9%83%D8%B3_2026_%D8%A8%D9%86%D8%B2%D9%8A%D9%86_%D8%A8%D8%AF%D9%88%D9%86_%D8%AF%D8%A8%D9%84_%D9%82%D9%8A%D8%B1_%D8%B9%D8%A7%D8%AF%D9%8A_%D8%B5%D8%A7%D8%AF%D8%B1%D9%87_%D8%A7%D9%84%D9%84%D9%88%D8%AD%D8%A7%D8%AA/"}
[2026-02-16 16:27:22] [AD] [INFO] Open ad (new tab) {"postId":"175571414","url":"https://haraj.com.sa/11175571414/%D8%AC%D9%8A%D9%84%D9%8A_%D8%AA%D9%88%D8%AC%D9%8A%D9%84%D8%A7_2022_%D9%81%D9%84_%D8%B3%D8%B9%D9%88%D8%AF%D9%8A/"}
[2026-02-16 16:27:22] [AD] [INFO] Captured GraphQL posts {"postId":"175571420"}
[2026-02-16 16:27:23] [AD] [INFO] Captured GraphQL comments {"postId":"175571420"}
[2026-02-16 16:27:24] [AD] [INFO] Opening contact modal {"postId":"175571420"}
[2026-02-16 16:27:25] [AD] [INFO] Captured GraphQL posts {"postId":"175571414"}
[2026-02-16 16:27:25] [AD] [INFO] Captured GraphQL comments {"postId":"175571414"}
[2026-02-16 16:27:26] [AD] [INFO] Contact extracted {"postId":"175571420","phone":"+966598772753","href":"tel:+966598772753"}
[2026-02-16 16:27:26] [AD] [INFO] Closing ad tab {"postId":"175571420"}
[2026-02-16 16:27:26] [AD] [INFO] Opening contact modal {"postId":"175571414"}
[2026-02-16 16:27:27] [AD] [INFO] Contact extracted {"postId":"175571414","phone":"+966550952949","href":"tel:+966550952949"}
[2026-02-16 16:27:27] [AD] [INFO] Closing ad tab {"postId":"175571414"}
[2026-02-16 16:27:31] [AD] [INFO] Open ad (new tab) {"postId":"175571413","url":"https://haraj.com.sa/11175571413/%D9%86%D9%8A%D8%B3%D8%A7%D9%86_%D8%B5%D9%86%D9%8A_2025_%D8%AD%D8%B3%D8%A7%D8%B3%D8%A7%D8%AA_%D8%AE%D9%84%D9%81%D9%8A%D9%87_%D9%88%D8%A7%D9%84%D8%B3%D8%B9%D8%B1_%D9%85%D8%AD%D8%B1%D9%88%D9%88%D9%82/"}
[2026-02-16 16:27:31] [AD] [INFO] Open ad (new tab) {"postId":"175571411","url":"https://haraj.com.sa/11175571411/%D8%AC%D9%86%D9%88%D8%B7_2013_%D9%84%D9%84%D8%A8%D8%AF%D9%84_%D9%83%D8%A7%D8%A8%D8%B1%D8%B3/"}
[2026-02-16 16:28:08] [AD] [WARN] Phone did not settle in time {"postId":"175571425"}
[2026-02-16 16:28:08] [AD] [INFO] Contact extracted {"postId":"175571425","phone":null,"href":"tel:"}
[2026-02-16 16:28:08] [AD] [INFO] Closing ad tab {"postId":"175571425"}
[2026-02-16 16:28:13] [AD] [INFO] Open ad (new tab) {"postId":"175571404","url":"https://haraj.com.sa/11175571404/%D8%AF%D8%A8%D8%A7%D8%A8_400/"}
[2026-02-16 16:28:16] [AD] [INFO] Captured GraphQL posts {"postId":"175571404"}
[2026-02-16 16:28:17] [AD] [INFO] Captured GraphQL comments {"postId":"175571404"}
[2026-02-16 16:28:18] [AD] [INFO] Opening contact modal {"postId":"175571404"}
[2026-02-16 16:28:19] [AD] [INFO] Contact extracted {"postId":"175571404","phone":"+966555934976","href":"tel:+966555934976"}
[2026-02-16 16:28:19] [AD] [INFO] Closing ad tab {"postId":"175571404"}
[2026-02-16 16:28:24] [AD] [INFO] Open ad (new tab) {"postId":"175571403","url":"https://haraj.com.sa/11175571403/%D8%AC%D9%8A%D8%AA%D9%88%D8%B1_%D8%AF%D8%A7%D8%B4%D9%8A%D9%86%D8%AC_%D9%84%D8%A7%D9%83%D8%AC%D8%B1%D9%8A_2025_%D8%A7%D9%82%D9%88%D9%8A_%D8%B9%D8%B1%D9%88%D8%B6_%D9%8A%D9%88%D9%85_%D8%A7%D9%84%D8%AA%D8%A3%D8%B3%D9%8A%D8%B3/"}
[2026-02-16 16:28:26] [AD] [INFO] Captured GraphQL posts {"postId":"175571403"}
[2026-02-16 16:28:26] [AD] [INFO] Captured GraphQL comments {"postId":"175571403"}
[2026-02-16 16:28:28] [AD] [INFO] Opening contact modal {"postId":"175571403"}
[2026-02-16 16:28:29] [AD] [INFO] Contact extracted {"postId":"175571403","phone":"+966532300596","href":"tel:+966532300596"}
[2026-02-16 16:28:29] [AD] [INFO] Closing ad tab {"postId":"175571403"}
[2026-02-16 16:28:34] [AD] [WARN] post-contact not found {"postId":"175571411"}
[2026-02-16 16:28:34] [AD] [WARN] post-contact not found {"postId":"175571413"}
[2026-02-16 16:28:34] [AD] [WARN] Contact button not visible {"postId":"175571411"}
[2026-02-16 16:28:34] [AD] [INFO] Closing ad tab {"postId":"175571411"}
[2026-02-16 16:28:35] [AD] [INFO] Open ad (new tab) {"postId":"175571400","url":"https://haraj.com.sa/11175571400/%D9%82%D8%B7%D8%B9_%D8%BA%D9%8A%D8%A7%D8%B1_%D8%A8%D9%88%D8%B4_%D9%83%D9%8A%D8%A7%D9%86/"}
[2026-02-16 16:28:35] [AD] [WARN] Contact button not visible {"postId":"175571413"}
[2026-02-16 16:28:35] [AD] [INFO] Closing ad tab {"postId":"175571413"}
[2026-02-16 16:28:38] [AD] [INFO] Captured GraphQL posts {"postId":"175571400"}
[2026-02-16 16:28:38] [AD] [INFO] Captured GraphQL comments {"postId":"175571400"}
[2026-02-16 16:28:39] [AD] [INFO] Open ad (new tab) {"postId":"175571539","url":"https://haraj.com.sa/11175571539/%D8%AC%D9%86%D9%88%D8%B7_%D8%A8%D8%B1%D8%A7%D9%8A%D8%AF_%D8%AF%D9%8A%D9%85%D9%83%D8%B3_%D9%85%D9%82%D8%A7%D8%B3_16_%D9%88%D9%86%D9%8A%D8%AA_%D9%88%D8%AC%D9%8A%D8%A8_%D8%A7%D9%85_%D9%8A%D9%88_%D8%A7%D8%B3/"}
[2026-02-16 16:28:39] [AD] [INFO] Opening contact modal {"postId":"175571400"}
[2026-02-16 16:28:40] [AD] [INFO] Open ad (new tab) {"postId":"175571533","url":"https://haraj.com.sa/11175571533/%D9%81%D9%88%D8%B1%D8%AF%D8%A7%D9%83%D8%B3%D8%A8%D8%AF%D8%B4%D9%86_2015/"}
[2026-02-16 16:28:40] [AD] [INFO] Contact extracted {"postId":"175571400","phone":"+966590151180","href":"tel:+966590151180"}
[2026-02-16 16:28:40] [AD] [INFO] Closing ad tab {"postId":"175571400"}
[2026-02-16 16:28:43] [AD] [INFO] Captured GraphQL posts {"postId":"175571533"}
[2026-02-16 16:28:43] [AD] [INFO] Captured GraphQL comments {"postId":"175571533"}
[2026-02-16 16:28:43] [AD] [INFO] Open ad (new tab) {"postId":"175571527","url":"https://haraj.com.sa/11175571527/%D8%B4%D9%8A%D8%B1%D9%8A2023_%D8%A7%D8%B1%D9%8A%D8%B2%D9%88_PRO_6_%D9%81%D9%84_%D9%83%D8%A7%D9%85%D9%84/"}
[2026-02-16 16:28:44] [AD] [INFO] Captured GraphQL posts {"postId":"175571539"}
[2026-02-16 16:28:44] [AD] [INFO] Captured GraphQL comments {"postId":"175571539"}
[2026-02-16 16:28:44] [AD] [INFO] Opening contact modal {"postId":"175571533"}
[2026-02-16 16:28:45] [AD] [INFO] Opening contact modal {"postId":"175571539"}
[2026-02-16 16:28:46] [AD] [INFO] Captured GraphQL posts {"postId":"175571527"}
[2026-02-16 16:28:46] [AD] [INFO] Captured GraphQL comments {"postId":"175571527"}
[2026-02-16 16:28:46] [AD] [INFO] Contact extracted {"postId":"175571539","phone":"+966557925792","href":"tel:+966557925792"}
[2026-02-16 16:28:46] [AD] [INFO] Closing ad tab {"postId":"175571539"}
[2026-02-16 16:28:46] [AD] [INFO] Contact extracted {"postId":"175571533","phone":"+966568467777","href":"tel:+966568467777"}
[2026-02-16 16:28:46] [AD] [INFO] Closing ad tab {"postId":"175571533"}
[2026-02-16 16:28:48] [AD] [INFO] Opening contact modal {"postId":"175571527"}
[2026-02-16 16:28:49] [AD] [INFO] Contact extracted {"postId":"175571527","phone":"+966532197666","href":"tel:+966532197666"}
[2026-02-16 16:28:49] [AD] [INFO] Closing ad tab {"postId":"175571527"}
[2026-02-16 16:28:51] [AD] [INFO] Open ad (new tab) {"postId":"175571526","url":"https://haraj.com.sa/11175571526/%D8%AA%D9%88%D9%8A%D9%88%D8%AA%D8%A7_%D8%A8%D8%B6%D8%A7%D8%B9%D9%87_%D8%A8%D9%86%D8%B2%D9%8A%D9%86_2017/"}
[2026-02-16 16:28:51] [AD] [INFO] Open ad (new tab) {"postId":"175571522","url":"https://haraj.com.sa/11175571522/%D9%86%D9%8A%D8%B3%D8%A7%D9%86_%D9%85%D8%A7%D8%AC%D9%86%D9%8A%D8%AA_%D9%86%D8%B5_%D9%81%D9%84_2025_%D8%AC%D9%85%D9%8A%D8%B9_%D8%A7%D9%84%D8%A7%D9%84%D9%88%D8%A7%D9%86/"}
[2026-02-16 16:28:54] [AD] [INFO] Open ad (new tab) {"postId":"175571520","url":"https://haraj.com.sa/11175571520/%D9%84%D9%88%D8%AD%D9%87_%D9%84%D9%84%D8%A8%D9%8A%D8%B9/"}
[2026-02-16 16:28:54] [AD] [INFO] Captured GraphQL posts {"postId":"175571526"}
[2026-02-16 16:28:54] [AD] [INFO] Captured GraphQL posts {"postId":"175571522"}
[2026-02-16 16:28:55] [AD] [INFO] Captured GraphQL comments {"postId":"175571522"}
[2026-02-16 16:28:55] [AD] [INFO] Captured GraphQL comments {"postId":"175571526"}
[2026-02-16 16:28:56] [AD] [INFO] Opening contact modal {"postId":"175571522"}
[2026-02-16 16:28:56] [AD] [INFO] Opening contact modal {"postId":"175571526"}
[2026-02-16 16:28:57] [AD] [INFO] Captured GraphQL posts {"postId":"175571520"}
[2026-02-16 16:28:57] [AD] [INFO] Captured GraphQL comments {"postId":"175571520"}
[2026-02-16 16:28:58] [AD] [INFO] Opening contact modal {"postId":"175571520"}
[2026-02-16 16:28:58] [AD] [INFO] Contact extracted {"postId":"175571526","phone":"+966540578838","href":"tel:+966540578838"}
[2026-02-16 16:28:58] [AD] [INFO] Closing ad tab {"postId":"175571526"}
[2026-02-16 16:28:58] [AD] [INFO] Contact extracted {"postId":"175571522","phone":"+966501509059","href":"tel:+966501509059"}
[2026-02-16 16:28:58] [AD] [INFO] Closing ad tab {"postId":"175571522"}
[2026-02-16 16:28:59] [AD] [INFO] Contact extracted {"postId":"175571520","phone":"+966533787364","href":"tel:+966533787364"}
[2026-02-16 16:28:59] [AD] [INFO] Closing ad tab {"postId":"175571520"}
[2026-02-16 16:29:02] [AD] [INFO] Open ad (new tab) {"postId":"175571516","url":"https://haraj.com.sa/11175571516/%D8%A7%D9%86%D9%88%D8%A7%D8%B1_%D8%A7%D9%84%D9%82%D8%A7%D8%AF%D8%B3%D9%8A%D9%87/"}
[2026-02-16 16:29:03] [AD] [INFO] Open ad (new tab) {"postId":"175571519","url":"https://haraj.com.sa/11175571519/%D9%86%D9%8A%D8%B3%D8%A7%D9%86_%D8%A7%D9%84%D8%AA%D9%8A%D9%85%D8%A7_2026_%D9%86%D8%B5_%D9%81%D9%84_%D8%B3%D8%B9%D9%88%D8%AF%D9%8A_%D8%A7%D9%82%D9%84_%D8%B3%D8%B9%D8%B1/"}
[2026-02-16 16:29:03] [AD] [INFO] Open ad (new tab) {"postId":"175571515","url":"https://haraj.com.sa/11175571515/%D9%82%D8%B7%D8%B9_%D8%BA%D9%8A%D8%A7%D8%B1/"}
[2026-02-16 16:29:06] [AD] [INFO] Captured GraphQL posts {"postId":"175571515"}
[2026-02-16 16:29:06] [AD] [INFO] Captured GraphQL posts {"postId":"175571516"}
[2026-02-16 16:29:06] [AD] [INFO] Captured GraphQL comments {"postId":"175571515"}
[2026-02-16 16:29:06] [AD] [INFO] Captured GraphQL posts {"postId":"175571519"}
[2026-02-16 16:29:07] [AD] [INFO] Captured GraphQL comments {"postId":"175571519"}
[2026-02-16 16:29:07] [AD] [INFO] Captured GraphQL comments {"postId":"175571516"}
[2026-02-16 16:29:08] [AD] [INFO] Opening contact modal {"postId":"175571516"}
[2026-02-16 16:29:08] [AD] [INFO] Opening contact modal {"postId":"175571519"}
[2026-02-16 16:29:08] [AD] [INFO] Opening contact modal {"postId":"175571515"}
[2026-02-16 16:29:10] [AD] [INFO] Contact extracted {"postId":"175571519","phone":"+966543556197","href":"tel:+966543556197"}
[2026-02-16 16:29:10] [AD] [INFO] Closing ad tab {"postId":"175571519"}
[2026-02-16 16:29:13] [AD] [INFO] Open ad (new tab) {"postId":"175571513","url":"https://haraj.com.sa/11175571513/%D8%AA%D9%88%D9%8A%D9%88%D8%AA%D8%A7_%D8%A7%D9%81_%D8%AC%D9%8A_%D9%81%D9%84_%D9%83%D8%A7%D9%85%D9%84_%D8%AF%D8%A8%D9%84_%D8%AF%D9%81%D9%84%D9%83_%D8%AA%D8%A7%D9%86%D9%83%D9%8A_%D9%83%D8%A8%D9%8A%D8%B1_%D9%82%D9%8A%D8%B1_%D8%A7%D9%88%D8%AA%D9%85%D8%A7%D8%AA%D9%8A%D9%83_2018/"}
[2026-02-16 16:29:15] [AD] [INFO] Captured GraphQL posts {"postId":"175571513"}
[2026-02-16 16:29:16] [AD] [INFO] Captured GraphQL comments {"postId":"175571513"}
[2026-02-16 16:29:16] [AD] [INFO] Opening contact modal {"postId":"175571513"}
[2026-02-16 16:29:18] [AD] [INFO] Contact extracted {"postId":"175571513","phone":"+966505207333","href":"tel:+966505207333"}
[2026-02-16 16:29:18] [AD] [INFO] Closing ad tab {"postId":"175571513"}
[2026-02-16 16:29:22] [AD] [INFO] Open ad (new tab) {"postId":"175571512","url":"https://haraj.com.sa/11175571512/%D9%87%D9%8A%D9%88%D9%86%D8%AF%D8%A7%D9%89_%D9%83%D8%B1%D9%8A%D8%AA%D8%A7_%D8%B3%D9%85%D8%A7%D8%B1%D8%AA_2026/"}
[2026-02-16 16:29:24] [AD] [INFO] Captured GraphQL posts {"postId":"175571512"}
[2026-02-16 16:29:25] [AD] [INFO] Captured GraphQL comments {"postId":"175571512"}
[2026-02-16 16:29:26] [AD] [INFO] Opening contact modal {"postId":"175571512"}
[2026-02-16 16:29:27] [AD] [INFO] Contact extracted {"postId":"175571512","phone":"+966597191013","href":"tel:+966597191013"}
[2026-02-16 16:29:27] [AD] [INFO] Closing ad tab {"postId":"175571512"}
[2026-02-16 16:29:31] [AD] [INFO] Open ad (new tab) {"postId":"175571511","url":"https://haraj.com.sa/11175571511/%D8%AF%D9%88%D8%AF%D8%AC_%D8%AA%D8%B4%D8%A7%D8%B1%D8%AC%D8%B1_2020_%D9%85%D9%85%D8%B4%D9%89_%D9%82%D9%84%D9%8A%D9%84_SXT/"}
[2026-02-16 16:29:34] [AD] [INFO] Captured GraphQL posts {"postId":"175571511"}
[2026-02-16 16:29:34] [AD] [INFO] Captured GraphQL comments {"postId":"175571511"}
[2026-02-16 16:29:36] [AD] [INFO] Opening contact modal {"postId":"175571511"}
[2026-02-16 16:29:37] [AD] [INFO] Contact extracted {"postId":"175571511","phone":"+966558119860","href":"tel:+966558119860"}
[2026-02-16 16:29:37] [AD] [INFO] Closing ad tab {"postId":"175571511"}
[2026-02-16 16:29:41] [AD] [INFO] Open ad (new tab) {"postId":"175571510","url":"https://haraj.com.sa/11175571510/%D8%A7%D9%83%D8%B3%D9%86%D8%AA_%D9%84%D9%84%D8%A7%D9%8A%D8%AC%D8%A7%D8%B1_%D9%85%D8%AF%D9%8A%D9%84_2014/"}
[2026-02-16 16:29:44] [AD] [INFO] Captured GraphQL posts {"postId":"175571510"}
[2026-02-16 16:29:44] [AD] [INFO] Captured GraphQL comments {"postId":"175571510"}
[2026-02-16 16:29:46] [AD] [INFO] Opening contact modal {"postId":"175571510"}
[2026-02-16 16:30:09] [AD] [WARN] Phone did not settle in time {"postId":"175571515"}
[2026-02-16 16:30:09] [AD] [INFO] Contact extracted {"postId":"175571515","phone":null,"href":"tel:"}
[2026-02-16 16:30:09] [AD] [INFO] Closing ad tab {"postId":"175571515"}
[2026-02-16 16:30:10] [AD] [WARN] Phone did not settle in time {"postId":"175571516"}
[2026-02-16 16:30:10] [AD] [INFO] Contact extracted {"postId":"175571516","phone":null,"href":"tel:"}
[2026-02-16 16:30:10] [AD] [INFO] Closing ad tab {"postId":"175571516"}
[2026-02-16 16:30:13] [AD] [INFO] Open ad (new tab) {"postId":"175571506","url":"https://haraj.com.sa/11175571506/%D9%83%D8%B1%D9%84/"}
[2026-02-16 16:30:16] [AD] [INFO] Open ad (new tab) {"postId":"175571503","url":"https://haraj.com.sa/11175571503/%D8%AC%D9%8A%D8%AA%D9%88%D8%B1_%D8%AA%D9%8A_2_%D9%84%D8%A7%D9%83%D8%AC%D9%8A%D8%B1%D9%8A_%D8%A8%D9%84%D8%B3_%D8%AF%D8%A7%D8%A8%D9%84/"}
[2026-02-16 16:30:16] [AD] [INFO] Captured GraphQL posts {"postId":"175571506"}
[2026-02-16 16:30:17] [AD] [INFO] Captured GraphQL comments {"postId":"175571506"}
[2026-02-16 16:30:18] [AD] [INFO] Opening contact modal {"postId":"175571506"}
[2026-02-16 16:30:19] [AD] [INFO] Captured GraphQL posts {"postId":"175571503"}
[2026-02-16 16:30:19] [AD] [INFO] Captured GraphQL comments {"postId":"175571503"}
[2026-02-16 16:30:20] [AD] [INFO] Contact extracted {"postId":"175571506","phone":"+966569937804","href":"tel:+966569937804"}
[2026-02-16 16:30:20] [AD] [INFO] Closing ad tab {"postId":"175571506"}
[2026-02-16 16:30:20] [AD] [INFO] Opening contact modal {"postId":"175571503"}
[2026-02-16 16:30:22] [AD] [INFO] Contact extracted {"postId":"175571503","phone":"+966549068797","href":"tel:+966549068797"}
[2026-02-16 16:30:22] [AD] [INFO] Closing ad tab {"postId":"175571503"}
[2026-02-16 16:30:25] [AD] [INFO] Open ad (new tab) {"postId":"175571499","url":"https://haraj.com.sa/11175571499/%D9%82%D9%8A%D8%B1_%D9%83%D8%A7%D9%85%D8%B1%D9%8A_2014_2015_2016_2017/"}
[2026-02-16 16:30:27] [AD] [INFO] Captured GraphQL posts {"postId":"175571499"}
[2026-02-16 16:30:27] [AD] [INFO] Captured GraphQL comments {"postId":"175571499"}
[2026-02-16 16:30:28] [AD] [INFO] Open ad (new tab) {"postId":"175571491","url":"https://haraj.com.sa/11175571491/%D9%83%D8%B1%D8%B3%D9%8A%D8%AF%D8%A7_95_%D9%86%D8%B8%D9%8A%D9%81%D9%87_%D9%85%D9%86%D9%88%D9%87_%D8%A7%D9%84%D9%85%D8%B3%D8%AA%D8%AE%D8%AF%D9%85/"}
[2026-02-16 16:30:29] [AD] [INFO] Opening contact modal {"postId":"175571499"}
[2026-02-16 16:30:30] [AD] [INFO] Contact extracted {"postId":"175571499","phone":"+966506757917","href":"tel:+966506757917"}
[2026-02-16 16:30:30] [AD] [INFO] Closing ad tab {"postId":"175571499"}
[2026-02-16 16:30:30] [AD] [INFO] Captured GraphQL posts {"postId":"175571491"}
[2026-02-16 16:30:31] [AD] [INFO] Captured GraphQL comments {"postId":"175571491"}
[2026-02-16 16:30:31] [AD] [INFO] Opening contact modal {"postId":"175571491"}
[2026-02-16 16:30:33] [AD] [INFO] Contact extracted {"postId":"175571491","phone":"+966505983568","href":"tel:+966505983568"}
[2026-02-16 16:30:33] [AD] [INFO] Closing ad tab {"postId":"175571491"}
[2026-02-16 16:30:35] [AD] [INFO] Open ad (new tab) {"postId":"175571487","url":"https://haraj.com.sa/11175571487/%D8%B3%D8%B9%D8%B1_%D9%8A%D9%83%D8%B3%D8%B1_%D8%A7%D9%84%D8%B3%D9%88%D9%82_%D9%88%D9%8A%D9%85%D8%B3%D8%AD_%D8%B9%D8%B1%D9%88%D8%B6_%D8%A7%D9%84%D9%85%D9%86%D8%A7%D9%81%D8%B3%D9%8A%D9%86_%D8%AC%D9%8A%D8%A8_%D8%B1%D8%A7%D9%86%D8%AC%D9%84%D8%B1_2025/"}
[2026-02-16 16:30:37] [AD] [INFO] Captured GraphQL posts {"postId":"175571487"}
[2026-02-16 16:30:37] [AD] [INFO] Captured GraphQL comments {"postId":"175571487"}
[2026-02-16 16:30:38] [AD] [INFO] Open ad (new tab) {"postId":"175571486","url":"https://haraj.com.sa/11175571486/%D9%86%D9%8A%D8%B3%D8%A7%D9%86_%D8%B5%D9%86%D9%8A_2024_%D9%81%D9%84_%D9%83%D8%A7%D9%85%D9%84_%D8%A7%D9%84%D8%B4%D9%83%D9%84_%D8%A7%D9%84%D8%AC%D8%AF%D9%8A%D8%AF/"}
[2026-02-16 16:30:39] [AD] [INFO] Opening contact modal {"postId":"175571487"}
[2026-02-16 16:30:40] [AD] [INFO] Contact extracted {"postId":"175571487","phone":"+966537710040","href":"tel:+966537710040"}
[2026-02-16 16:30:40] [AD] [INFO] Closing ad tab {"postId":"175571487"}
[2026-02-16 16:30:41] [AD] [INFO] Captured GraphQL posts {"postId":"175571486"}
[2026-02-16 16:30:41] [AD] [INFO] Captured GraphQL comments {"postId":"175571486"}
[2026-02-16 16:30:42] [AD] [INFO] Opening contact modal {"postId":"175571486"}
[2026-02-16 16:30:43] [AD] [INFO] Contact extracted {"postId":"175571486","phone":"+966561010772","href":"tel:+966561010772"}
[2026-02-16 16:30:43] [AD] [INFO] Closing ad tab {"postId":"175571486"}
[2026-02-16 16:30:46] [AD] [INFO] Open ad (new tab) {"postId":"175571484","url":"https://haraj.com.sa/11175571484/%D9%86%D9%8A%D8%B3%D8%A7%D9%86_%D8%A8%D8%A7%D8%AA%D8%B1%D9%88%D9%84_%D8%A8%D9%84%D8%A7%D8%AA%D9%8A%D9%86%D9%8A%D9%88%D9%85_2014_%D8%B3%D8%B9%D9%88%D8%AF%D9%8A/"}
[2026-02-16 16:30:47] [AD] [WARN] Phone did not settle in time {"postId":"175571510"}
[2026-02-16 16:30:47] [AD] [INFO] Contact extracted {"postId":"175571510","phone":null,"href":"tel:"}
[2026-02-16 16:30:47] [AD] [INFO] Closing ad tab {"postId":"175571510"}
[2026-02-16 16:30:48] [AD] [INFO] Open ad (new tab) {"postId":"175571469","url":"https://haraj.com.sa/11175571469/%D9%85%D9%8A%D8%AA%D8%B3%D9%88%D8%A8%D9%8A%D8%B4%D9%8A_L200_%D8%BA%D9%85%D8%A7%D8%B1%D8%AA%D9%8A%D9%86_%D8%AF%D8%A8%D9%84_%D8%A7%D8%AA%D9%88%D9%85%D8%A7%D8%AA%D9%8A%D9%83_%D8%AF%D9%8A%D8%B2%D9%84_%D8%AC%D9%86%D8%B7_18_2025_/"}
[2026-02-16 16:30:49] [AD] [INFO] Captured GraphQL posts {"postId":"175571484"}
[2026-02-16 16:30:49] [AD] [INFO] Captured GraphQL comments {"postId":"175571484"}
[2026-02-16 16:30:50] [AD] [INFO] Opening contact modal {"postId":"175571484"}
[2026-02-16 16:30:51] [AD] [INFO] Captured GraphQL posts {"postId":"175571469"}
[2026-02-16 16:30:51] [AD] [INFO] Captured GraphQL comments {"postId":"175571469"}
[2026-02-16 16:30:51] [AD] [INFO] Contact extracted {"postId":"175571484","phone":"+966554138828","href":"tel:+966554138828"}
[2026-02-16 16:30:51] [AD] [INFO] Closing ad tab {"postId":"175571484"}
[2026-02-16 16:30:52] [AD] [INFO] Opening contact modal {"postId":"175571469"}
[2026-02-16 16:30:52] [AD] [INFO] Open ad (new tab) {"postId":"175571468","url":"https://haraj.com.sa/11175571468/%D9%85%D9%8A%D8%AA%D8%B3%D9%88%D8%A8%D9%8A%D8%B4%D9%8A_%D8%A7%D9%88%D8%AA%D9%84%D8%A7%D9%86%D8%AF%D8%B1_2012/"}
[2026-02-16 16:30:53] [AD] [INFO] Contact extracted {"postId":"175571469","phone":"+966552161011","href":"tel:+966552161011"}
[2026-02-16 16:30:53] [AD] [INFO] Closing ad tab {"postId":"175571469"}
[2026-02-16 16:30:55] [AD] [INFO] Captured GraphQL posts {"postId":"175571468"}
[2026-02-16 16:30:55] [AD] [INFO] Captured GraphQL comments {"postId":"175571468"}
[2026-02-16 16:30:56] [AD] [INFO] Opening contact modal {"postId":"175571468"}
[2026-02-16 16:30:56] [AD] [INFO] Open ad (new tab) {"postId":"175571466","url":"https://haraj.com.sa/11175571466/%D8%A7%D9%86%D9%88%D8%A7%D8%B1_%D8%A7%D8%AD%D9%85%D8%B1_%D8%A7%D8%B2%D8%B1%D9%82_%D8%B3%D9%81%D8%AA%D9%8A/"}
[2026-02-16 16:30:57] [AD] [INFO] Contact extracted {"postId":"175571468","phone":"+966558281916","href":"tel:+966558281916"}
[2026-02-16 16:30:57] [AD] [INFO] Closing ad tab {"postId":"175571468"}
[2026-02-16 16:30:58] [AD] [INFO] Open ad (new tab) {"postId":"175571465","url":"https://haraj.com.sa/11175571465/%D8%A7%D8%B3%D8%B7%D8%A8%D9%8A%D9%85%D9%8A%D9%86_%D9%8A%D8%B3%D8%A7%D8%B1%D8%A7%D9%83%D8%A7%D8%AF%D9%8A%D8%A7_2020/"}
[2026-02-16 16:30:58] [AD] [INFO] Captured GraphQL posts {"postId":"175571466"}
[2026-02-16 16:30:59] [AD] [INFO] Captured GraphQL comments {"postId":"175571466"}
[2026-02-16 16:31:00] [AD] [INFO] Opening contact modal {"postId":"175571466"}
[2026-02-16 16:31:01] [AD] [INFO] Captured GraphQL posts {"postId":"175571465"}
[2026-02-16 16:31:01] [AD] [INFO] Captured GraphQL comments {"postId":"175571465"}
[2026-02-16 16:31:02] [AD] [INFO] Open ad (new tab) {"postId":"175571462","url":"https://haraj.com.sa/11175571462/%D9%84%D9%84%D8%A8%D9%8A%D8%B9_%D8%AC%D9%86%D8%B7_%D9%84%D9%83%D8%B2%D8%B3/"}
[2026-02-16 16:31:03] [AD] [INFO] Contact extracted {"postId":"175571466","phone":"+966550088218","href":"tel:+966550088218"}
[2026-02-16 16:31:03] [AD] [INFO] Closing ad tab {"postId":"175571466"}
[2026-02-16 16:31:03] [AD] [INFO] Opening contact modal {"postId":"175571465"}
[2026-02-16 16:31:05] [AD] [INFO] Captured GraphQL posts {"postId":"175571462"}
[2026-02-16 16:31:05] [AD] [INFO] Captured GraphQL comments {"postId":"175571462"}
[2026-02-16 16:31:06] [AD] [INFO] Contact extracted {"postId":"175571465","phone":"+966557574826","href":"tel:+966557574826"}
[2026-02-16 16:31:06] [AD] [INFO] Closing ad tab {"postId":"175571465"}
[2026-02-16 16:31:07] [AD] [INFO] Opening contact modal {"postId":"175571462"}
[2026-02-16 16:31:07] [AD] [INFO] Open ad (new tab) {"postId":"175571460","url":"https://haraj.com.sa/11175571460/%D9%83%D9%8A%D8%A7_%D8%B3%D9%88%D9%86%D9%8A%D8%AA_%D9%81%D9%84_%D9%83%D8%A7%D9%85%D9%84_%D9%88_%D9%86%D8%B5_%D9%81%D9%842026_%D8%A7%D9%81%D8%B6%D9%84_%D8%A7%D8%B3%D8%B9%D8%A7%D8%B1/"}
[2026-02-16 16:31:08] [AD] [INFO] Contact extracted {"postId":"175571462","phone":"+966501498880","href":"tel:+966501498880"}
[2026-02-16 16:31:08] [AD] [INFO] Closing ad tab {"postId":"175571462"}
[2026-02-16 16:31:10] [AD] [INFO] Captured GraphQL posts {"postId":"175571460"}
[2026-02-16 16:31:10] [AD] [INFO] Open ad (new tab) {"postId":"175571459","url":"https://haraj.com.sa/11175571459/%D8%AA%D9%88%D9%8A%D9%88%D8%AA%D8%A7_%D8%A7%D9%86%D9%88%D9%81%D8%A7_GL_%D8%A8%D9%86%D8%B2%D9%8A%D9%86_%D9%85%D9%88%D8%AF%D9%8A%D9%84_2026_%D8%A3%D9%82%D9%84_%D8%A7%D9%84%D8%A3%D8%B3%D8%B9%D8%A7%D8%B1/"}
[2026-02-16 16:31:10] [AD] [INFO] Captured GraphQL comments {"postId":"175571460"}
[2026-02-16 16:31:12] [AD] [INFO] Opening contact modal {"postId":"175571460"}
[2026-02-16 16:31:13] [AD] [INFO] Captured GraphQL posts {"postId":"175571459"}
[2026-02-16 16:31:13] [AD] [INFO] Contact extracted {"postId":"175571460","phone":"+966553385937","href":"tel:+966553385937"}
[2026-02-16 16:31:13] [AD] [INFO] Closing ad tab {"postId":"175571460"}
[2026-02-16 16:31:13] [AD] [INFO] Open ad (new tab) {"postId":"175571458","url":"https://haraj.com.sa/11175571458/%D8%B3%D8%A7%D9%86%D8%AA%D8%A7%D9%81%D9%8A%D8%A9_2020/"}
[2026-02-16 16:31:13] [AD] [INFO] Captured GraphQL comments {"postId":"175571459"}
[2026-02-16 16:31:15] [AD] [INFO] Opening contact modal {"postId":"175571459"}
[2026-02-16 16:31:16] [AD] [INFO] Captured GraphQL posts {"postId":"175571458"}
[2026-02-16 16:31:16] [AD] [INFO] Captured GraphQL comments {"postId":"175571458"}
[2026-02-16 16:31:17] [AD] [INFO] Contact extracted {"postId":"175571459","phone":"+966545769113","href":"tel:+966545769113"}
[2026-02-16 16:31:17] [AD] [INFO] Closing ad tab {"postId":"175571459"}
[2026-02-16 16:31:18] [AD] [INFO] Opening contact modal {"postId":"175571458"}
[2026-02-16 16:31:19] [AD] [INFO] Contact extracted {"postId":"175571458","phone":"+966551772776","href":"tel:+966551772776"}
[2026-02-16 16:31:19] [AD] [INFO] Closing ad tab {"postId":"175571458"}
[2026-02-16 16:31:19] [AD] [INFO] Open ad (new tab) {"postId":"175571443","url":"https://haraj.com.sa/11175571443/%D9%87%D9%8A%D9%88%D9%86%D8%AF%D8%A7%D9%8A_%D8%A7%D9%83%D8%B3%D9%86%D8%AA_%D9%81%D9%84%D9%8A%D8%AA_2026_%D9%83%D8%A7%D8%B4_%D8%A7%D9%88_%D8%A7%D9%82%D8%B3%D8%A7%D8%B7/"}
[2026-02-16 16:31:21] [AD] [INFO] Open ad (new tab) {"postId":"175571727","url":"https://haraj.com.sa/11175571727/%D9%83%D8%B4%D8%A7%D9%81%D8%A7%D8%AA_%D9%84%D9%8A%D8%AF_%D9%82%D9%88%D8%A7%D8%B9%D8%AF_%D9%83%D8%B4%D8%A7%D9%81%D8%A7%D8%AA_%D9%87%D8%A7%D9%8A%D9%84%D9%88%D9%83%D8%B3/"}
[2026-02-16 16:31:21] [AD] [INFO] Captured GraphQL posts {"postId":"175571443"}
[2026-02-16 16:31:21] [AD] [INFO] Captured GraphQL comments {"postId":"175571443"}
[2026-02-16 16:31:22] [AD] [INFO] Open ad (new tab) {"postId":"175571725","url":"https://haraj.com.sa/11175571725/%D9%87%D8%A7%D9%8A%D9%84%D9%88%D9%83%D8%B3_%D8%BA%D9%85%D8%A7%D8%B1%D8%AA%D9%8A%D9%86_%D9%81%D9%84_%D9%83%D8%A7%D9%85%D9%84_%D8%AF%D9%8A%D8%B2%D9%84_%D9%85%D8%A7%D9%83%D9%8A%D9%86%D9%87_2800_%D9%85%D9%88%D8%AF%D9%8A%D9%842026_%D8%B3%D8%B9%D9%88%D8%AF%D9%8A/"}
[2026-02-16 16:31:22] [AD] [INFO] Opening contact modal {"postId":"175571443"}
[2026-02-16 16:31:23] [AD] [INFO] Captured GraphQL posts {"postId":"175571727"}
[2026-02-16 16:31:23] [AD] [INFO] Captured GraphQL comments {"postId":"175571727"}
[2026-02-16 16:31:24] [AD] [INFO] Contact extracted {"postId":"175571443","phone":"+966535336206","href":"tel:+966535336206"}
[2026-02-16 16:31:24] [AD] [INFO] Closing ad tab {"postId":"175571443"}
[2026-02-16 16:31:25] [AD] [INFO] Captured GraphQL posts {"postId":"175571725"}
[2026-02-16 16:31:25] [AD] [INFO] Captured GraphQL comments {"postId":"175571725"}
[2026-02-16 16:31:25] [AD] [INFO] Opening contact modal {"postId":"175571727"}
[2026-02-16 16:31:26] [AD] [INFO] Opening contact modal {"postId":"175571725"}
